TimeQuest Timing Analyzer report for Contador
Mon Sep 21 16:38:29 2026
Quartus II 64-Bit Version 13.0.0 Build 156 04/24/2013 SJ Web Edition


---------------------
; Table of Contents ;
---------------------
  1. Legal Notice
  2. TimeQuest Timing Analyzer Summary
  3. Parallel Compilation
  4. Clocks
  5. Slow 1200mV 85C Model Fmax Summary
  6. Timing Closure Recommendations
  7. Slow 1200mV 85C Model Setup Summary
  8. Slow 1200mV 85C Model Hold Summary
  9. Slow 1200mV 85C Model Recovery Summary
 10. Slow 1200mV 85C Model Removal Summary
 11. Slow 1200mV 85C Model Minimum Pulse Width Summary
 12. Slow 1200mV 85C Model Setup: 'clk'
 13. Slow 1200mV 85C Model Hold: 'clk'
 14. Slow 1200mV 85C Model Minimum Pulse Width: 'clk'
 15. Setup Times
 16. Hold Times
 17. Clock to Output Times
 18. Minimum Clock to Output Times
 19. Slow 1200mV 85C Model Metastability Report
 20. Slow 1200mV 0C Model Fmax Summary
 21. Slow 1200mV 0C Model Setup Summary
 22. Slow 1200mV 0C Model Hold Summary
 23. Slow 1200mV 0C Model Recovery Summary
 24. Slow 1200mV 0C Model Removal Summary
 25. Slow 1200mV 0C Model Minimum Pulse Width Summary
 26. Slow 1200mV 0C Model Setup: 'clk'
 27. Slow 1200mV 0C Model Hold: 'clk'
 28. Slow 1200mV 0C Model Minimum Pulse Width: 'clk'
 29. Setup Times
 30. Hold Times
 31. Clock to Output Times
 32. Minimum Clock to Output Times
 33. Slow 1200mV 0C Model Metastability Report
 34. Fast 1200mV 0C Model Setup Summary
 35. Fast 1200mV 0C Model Hold Summary
 36. Fast 1200mV 0C Model Recovery Summary
 37. Fast 1200mV 0C Model Removal Summary
 38. Fast 1200mV 0C Model Minimum Pulse Width Summary
 39. Fast 1200mV 0C Model Setup: 'clk'
 40. Fast 1200mV 0C Model Hold: 'clk'
 41. Fast 1200mV 0C Model Minimum Pulse Width: 'clk'
 42. Setup Times
 43. Hold Times
 44. Clock to Output Times
 45. Minimum Clock to Output Times
 46. Fast 1200mV 0C Model Metastability Report
 47. Multicorner Timing Analysis Summary
 48. Setup Times
 49. Hold Times
 50. Clock to Output Times
 51. Minimum Clock to Output Times
 52. Board Trace Model Assignments
 53. Input Transition Times
 54. Slow Corner Signal Integrity Metrics
 55. Fast Corner Signal Integrity Metrics
 56. Setup Transfers
 57. Hold Transfers
 58. Report TCCS
 59. Report RSKM
 60. Unconstrained Paths
 61. TimeQuest Timing Analyzer Messages



----------------
; Legal Notice ;
----------------
Copyright (C) 1991-2013 Altera Corporation
Your use of Altera Corporation's design tools, logic functions 
and other software and tools, and its AMPP partner logic 
functions, and any output files from any of the foregoing 
(including device programming or simulation files), and any 
associated documentation or information are expressly subject 
to the terms and conditions of the Altera Program License 
Subscription Agreement, Altera MegaCore Function License 
Agreement, or other applicable license agreement, including, 
without limitation, that your use is for the sole purpose of 
programming logic devices manufactured by Altera and sold by 
Altera or its authorized distributors.  Please refer to the 
applicable agreement for further details.



+-------------------------------------------------------------------------+
; TimeQuest Timing Analyzer Summary                                       ;
+--------------------+----------------------------------------------------+
; Quartus II Version ; Version 13.0.0 Build 156 04/24/2013 SJ Web Edition ;
; Revision Name      ; Contador                                           ;
; Device Family      ; Cyclone III                                        ;
; Device Name        ; EP3C16F484C6                                       ;
; Timing Models      ; Final                                              ;
; Delay Model        ; Combined                                           ;
; Rise/Fall Delays   ; Enabled                                            ;
+--------------------+----------------------------------------------------+


Parallel compilation was disabled, but you have multiple processors available. Enable parallel compilation to reduce compilation time.
+-------------------------------------+
; Parallel Compilation                ;
+----------------------------+--------+
; Processors                 ; Number ;
+----------------------------+--------+
; Number detected on machine ; 12     ;
; Maximum allowed            ; 1      ;
+----------------------------+--------+


+---------------------------------------------------------------------------------------------------------------------------------------------------------------------------------+
; Clocks                                                                                                                                                                          ;
+------------+------+--------+------------+-------+-------+------------+-----------+-------------+-------+--------+-----------+------------+----------+--------+--------+---------+
; Clock Name ; Type ; Period ; Frequency  ; Rise  ; Fall  ; Duty Cycle ; Divide by ; Multiply by ; Phase ; Offset ; Edge List ; Edge Shift ; Inverted ; Master ; Source ; Targets ;
+------------+------+--------+------------+-------+-------+------------+-----------+-------------+-------+--------+-----------+------------+----------+--------+--------+---------+
; clk        ; Base ; 1.000  ; 1000.0 MHz ; 0.000 ; 0.500 ;            ;           ;             ;       ;        ;           ;            ;          ;        ;        ; { clk } ;
+------------+------+--------+------------+-------+-------+------------+-----------+-------------+-------+--------+-----------+------------+----------+--------+--------+---------+


+-----------------------------------------------------------------------------------------------------------+
; Slow 1200mV 85C Model Fmax Summary                                                                        ;
+------------+-----------------+------------+---------------------------------------------------------------+
; Fmax       ; Restricted Fmax ; Clock Name ; Note                                                          ;
+------------+-----------------+------------+---------------------------------------------------------------+
; 438.79 MHz ; 250.0 MHz       ; clk        ; limit due to minimum period restriction (max I/O toggle rate) ;
+------------+-----------------+------------+---------------------------------------------------------------+
This panel reports FMAX for every clock in the design, regardless of the user-specified clock periods.  FMAX is only computed for paths where the source and destination registers or ports are driven by the same clock.  Paths of different clocks, including generated clocks, are ignored.  For paths between a clock and its inversion, FMAX is computed as if the rising and falling edges are scaled along with FMAX, such that the duty cycle (in terms of a percentage) is maintained. Altera recommends that you always use clock constraints and other slack reports for sign-off analysis.


----------------------------------
; Timing Closure Recommendations ;
----------------------------------
HTML report is unavailable in plain text report export.


+-------------------------------------+
; Slow 1200mV 85C Model Setup Summary ;
+-------+--------+--------------------+
; Clock ; Slack  ; End Point TNS      ;
+-------+--------+--------------------+
; clk   ; -1.279 ; -12.214            ;
+-------+--------+--------------------+


+------------------------------------+
; Slow 1200mV 85C Model Hold Summary ;
+-------+-------+--------------------+
; Clock ; Slack ; End Point TNS      ;
+-------+-------+--------------------+
; clk   ; 0.344 ; 0.000              ;
+-------+-------+--------------------+


------------------------------------------
; Slow 1200mV 85C Model Recovery Summary ;
------------------------------------------
No paths to report.


-----------------------------------------
; Slow 1200mV 85C Model Removal Summary ;
-----------------------------------------
No paths to report.


+---------------------------------------------------+
; Slow 1200mV 85C Model Minimum Pulse Width Summary ;
+-------+--------+----------------------------------+
; Clock ; Slack  ; End Point TNS                    ;
+-------+--------+----------------------------------+
; clk   ; -3.000 ; -18.000                          ;
+-------+--------+----------------------------------+


+----------------------------------------------------------------------------------------------------------------+
; Slow 1200mV 85C Model Setup: 'clk'                                                                             ;
+--------+----------------+----------------+--------------+-------------+--------------+------------+------------+
; Slack  ; From Node      ; To Node        ; Launch Clock ; Latch Clock ; Relationship ; Clock Skew ; Data Delay ;
+--------+----------------+----------------+--------------+-------------+--------------+------------+------------+
; -1.279 ; sec_u_count[2] ; sec_t_count[0] ; clk          ; clk         ; 1.000        ; -0.061     ; 2.213      ;
; -1.279 ; sec_u_count[2] ; sec_t_count[2] ; clk          ; clk         ; 1.000        ; -0.061     ; 2.213      ;
; -1.279 ; sec_u_count[2] ; sec_t_count[1] ; clk          ; clk         ; 1.000        ; -0.061     ; 2.213      ;
; -1.215 ; sec_u_count[3] ; sec_t_count[0] ; clk          ; clk         ; 1.000        ; -0.061     ; 2.149      ;
; -1.215 ; sec_u_count[3] ; sec_t_count[2] ; clk          ; clk         ; 1.000        ; -0.061     ; 2.149      ;
; -1.215 ; sec_u_count[3] ; sec_t_count[1] ; clk          ; clk         ; 1.000        ; -0.061     ; 2.149      ;
; -1.181 ; sec_u_count[1] ; sec_t_count[0] ; clk          ; clk         ; 1.000        ; -0.061     ; 2.115      ;
; -1.181 ; sec_u_count[1] ; sec_t_count[2] ; clk          ; clk         ; 1.000        ; -0.061     ; 2.115      ;
; -1.181 ; sec_u_count[1] ; sec_t_count[1] ; clk          ; clk         ; 1.000        ; -0.061     ; 2.115      ;
; -1.077 ; sec_u_count[2] ; min_count[1]   ; clk          ; clk         ; 1.000        ; 0.289      ; 2.361      ;
; -1.077 ; sec_u_count[2] ; min_count[2]   ; clk          ; clk         ; 1.000        ; 0.289      ; 2.361      ;
; -1.077 ; sec_u_count[2] ; min_count[3]   ; clk          ; clk         ; 1.000        ; 0.289      ; 2.361      ;
; -1.077 ; sec_u_count[2] ; min_count[0]   ; clk          ; clk         ; 1.000        ; 0.289      ; 2.361      ;
; -1.020 ; sec_u_count[0] ; sec_t_count[0] ; clk          ; clk         ; 1.000        ; -0.061     ; 1.954      ;
; -1.020 ; sec_u_count[0] ; sec_t_count[2] ; clk          ; clk         ; 1.000        ; -0.061     ; 1.954      ;
; -1.020 ; sec_u_count[0] ; sec_t_count[1] ; clk          ; clk         ; 1.000        ; -0.061     ; 1.954      ;
; -1.012 ; running        ; min_count[1]   ; clk          ; clk         ; 1.000        ; 0.289      ; 2.296      ;
; -1.012 ; running        ; min_count[2]   ; clk          ; clk         ; 1.000        ; 0.289      ; 2.296      ;
; -1.012 ; running        ; min_count[3]   ; clk          ; clk         ; 1.000        ; 0.289      ; 2.296      ;
; -1.012 ; running        ; min_count[0]   ; clk          ; clk         ; 1.000        ; 0.289      ; 2.296      ;
; -1.010 ; min_count[0]   ; min_count[3]   ; clk          ; clk         ; 1.000        ; -0.076     ; 1.929      ;
; -1.010 ; min_count[0]   ; min_count[0]   ; clk          ; clk         ; 1.000        ; -0.076     ; 1.929      ;
; -1.009 ; min_count[0]   ; min_count[1]   ; clk          ; clk         ; 1.000        ; -0.076     ; 1.928      ;
; -1.008 ; min_count[0]   ; min_count[2]   ; clk          ; clk         ; 1.000        ; -0.076     ; 1.927      ;
; -0.998 ; sec_u_count[3] ; min_count[1]   ; clk          ; clk         ; 1.000        ; 0.289      ; 2.282      ;
; -0.998 ; sec_u_count[3] ; min_count[2]   ; clk          ; clk         ; 1.000        ; 0.289      ; 2.282      ;
; -0.998 ; sec_u_count[3] ; min_count[3]   ; clk          ; clk         ; 1.000        ; 0.289      ; 2.282      ;
; -0.998 ; sec_u_count[3] ; min_count[0]   ; clk          ; clk         ; 1.000        ; 0.289      ; 2.282      ;
; -0.979 ; sec_u_count[1] ; min_count[1]   ; clk          ; clk         ; 1.000        ; 0.289      ; 2.263      ;
; -0.979 ; sec_u_count[1] ; min_count[2]   ; clk          ; clk         ; 1.000        ; 0.289      ; 2.263      ;
; -0.979 ; sec_u_count[1] ; min_count[3]   ; clk          ; clk         ; 1.000        ; 0.289      ; 2.263      ;
; -0.979 ; sec_u_count[1] ; min_count[0]   ; clk          ; clk         ; 1.000        ; 0.289      ; 2.263      ;
; -0.977 ; btn_counter[1] ; sec_t_count[0] ; clk          ; clk         ; 1.000        ; -0.061     ; 1.911      ;
; -0.977 ; btn_counter[1] ; sec_t_count[2] ; clk          ; clk         ; 1.000        ; -0.061     ; 1.911      ;
; -0.977 ; btn_counter[1] ; sec_t_count[1] ; clk          ; clk         ; 1.000        ; -0.061     ; 1.911      ;
; -0.933 ; min_count[1]   ; min_count[3]   ; clk          ; clk         ; 1.000        ; -0.076     ; 1.852      ;
; -0.933 ; min_count[1]   ; min_count[0]   ; clk          ; clk         ; 1.000        ; -0.076     ; 1.852      ;
; -0.929 ; min_count[1]   ; min_count[2]   ; clk          ; clk         ; 1.000        ; -0.076     ; 1.848      ;
; -0.928 ; min_count[1]   ; min_count[1]   ; clk          ; clk         ; 1.000        ; -0.076     ; 1.847      ;
; -0.921 ; btn_counter[1] ; min_count[1]   ; clk          ; clk         ; 1.000        ; 0.289      ; 2.205      ;
; -0.921 ; btn_counter[1] ; min_count[2]   ; clk          ; clk         ; 1.000        ; 0.289      ; 2.205      ;
; -0.921 ; btn_counter[1] ; min_count[3]   ; clk          ; clk         ; 1.000        ; 0.289      ; 2.205      ;
; -0.921 ; btn_counter[1] ; min_count[0]   ; clk          ; clk         ; 1.000        ; 0.289      ; 2.205      ;
; -0.908 ; min_count[2]   ; min_count[3]   ; clk          ; clk         ; 1.000        ; -0.076     ; 1.827      ;
; -0.908 ; min_count[2]   ; min_count[0]   ; clk          ; clk         ; 1.000        ; -0.076     ; 1.827      ;
; -0.904 ; min_count[2]   ; min_count[2]   ; clk          ; clk         ; 1.000        ; -0.076     ; 1.823      ;
; -0.903 ; min_count[2]   ; min_count[1]   ; clk          ; clk         ; 1.000        ; -0.076     ; 1.822      ;
; -0.875 ; min_count[3]   ; min_count[3]   ; clk          ; clk         ; 1.000        ; -0.076     ; 1.794      ;
; -0.875 ; min_count[3]   ; min_count[0]   ; clk          ; clk         ; 1.000        ; -0.076     ; 1.794      ;
; -0.874 ; min_count[3]   ; min_count[1]   ; clk          ; clk         ; 1.000        ; -0.076     ; 1.793      ;
; -0.873 ; min_count[3]   ; min_count[2]   ; clk          ; clk         ; 1.000        ; -0.076     ; 1.792      ;
; -0.847 ; sec_t_count[2] ; min_count[1]   ; clk          ; clk         ; 1.000        ; 0.289      ; 2.131      ;
; -0.847 ; sec_t_count[2] ; min_count[2]   ; clk          ; clk         ; 1.000        ; 0.289      ; 2.131      ;
; -0.847 ; sec_t_count[2] ; min_count[3]   ; clk          ; clk         ; 1.000        ; 0.289      ; 2.131      ;
; -0.847 ; sec_t_count[2] ; min_count[0]   ; clk          ; clk         ; 1.000        ; 0.289      ; 2.131      ;
; -0.817 ; running        ; sec_u_count[0] ; clk          ; clk         ; 1.000        ; -0.062     ; 1.750      ;
; -0.817 ; running        ; sec_u_count[1] ; clk          ; clk         ; 1.000        ; -0.062     ; 1.750      ;
; -0.817 ; running        ; sec_u_count[2] ; clk          ; clk         ; 1.000        ; -0.062     ; 1.750      ;
; -0.817 ; running        ; sec_u_count[3] ; clk          ; clk         ; 1.000        ; -0.062     ; 1.750      ;
; -0.803 ; sec_u_count[0] ; min_count[1]   ; clk          ; clk         ; 1.000        ; 0.289      ; 2.087      ;
; -0.803 ; sec_u_count[0] ; min_count[2]   ; clk          ; clk         ; 1.000        ; 0.289      ; 2.087      ;
; -0.803 ; sec_u_count[0] ; min_count[3]   ; clk          ; clk         ; 1.000        ; 0.289      ; 2.087      ;
; -0.803 ; sec_u_count[0] ; min_count[0]   ; clk          ; clk         ; 1.000        ; 0.289      ; 2.087      ;
; -0.771 ; running        ; sec_t_count[0] ; clk          ; clk         ; 1.000        ; -0.061     ; 1.705      ;
; -0.771 ; running        ; sec_t_count[2] ; clk          ; clk         ; 1.000        ; -0.061     ; 1.705      ;
; -0.771 ; running        ; sec_t_count[1] ; clk          ; clk         ; 1.000        ; -0.061     ; 1.705      ;
; -0.754 ; btn_counter[1] ; sec_u_count[1] ; clk          ; clk         ; 1.000        ; -0.062     ; 1.687      ;
; -0.727 ; btn_counter[1] ; sec_u_count[0] ; clk          ; clk         ; 1.000        ; -0.062     ; 1.660      ;
; -0.727 ; btn_counter[1] ; sec_u_count[2] ; clk          ; clk         ; 1.000        ; -0.062     ; 1.660      ;
; -0.727 ; btn_counter[1] ; sec_u_count[3] ; clk          ; clk         ; 1.000        ; -0.062     ; 1.660      ;
; -0.693 ; sec_u_count[2] ; sec_u_count[1] ; clk          ; clk         ; 1.000        ; -0.062     ; 1.626      ;
; -0.684 ; sec_u_count[2] ; sec_u_count[2] ; clk          ; clk         ; 1.000        ; -0.062     ; 1.617      ;
; -0.672 ; sec_t_count[0] ; min_count[1]   ; clk          ; clk         ; 1.000        ; 0.289      ; 1.956      ;
; -0.672 ; sec_t_count[0] ; min_count[2]   ; clk          ; clk         ; 1.000        ; 0.289      ; 1.956      ;
; -0.672 ; sec_t_count[0] ; min_count[3]   ; clk          ; clk         ; 1.000        ; 0.289      ; 1.956      ;
; -0.672 ; sec_t_count[0] ; min_count[0]   ; clk          ; clk         ; 1.000        ; 0.289      ; 1.956      ;
; -0.661 ; sec_u_count[2] ; sec_u_count[3] ; clk          ; clk         ; 1.000        ; -0.062     ; 1.594      ;
; -0.595 ; sec_u_count[1] ; sec_u_count[1] ; clk          ; clk         ; 1.000        ; -0.062     ; 1.528      ;
; -0.591 ; sec_u_count[3] ; sec_u_count[1] ; clk          ; clk         ; 1.000        ; -0.062     ; 1.524      ;
; -0.587 ; sec_t_count[1] ; min_count[1]   ; clk          ; clk         ; 1.000        ; 0.289      ; 1.871      ;
; -0.587 ; sec_t_count[1] ; min_count[2]   ; clk          ; clk         ; 1.000        ; 0.289      ; 1.871      ;
; -0.587 ; sec_t_count[1] ; min_count[3]   ; clk          ; clk         ; 1.000        ; 0.289      ; 1.871      ;
; -0.587 ; sec_t_count[1] ; min_count[0]   ; clk          ; clk         ; 1.000        ; 0.289      ; 1.871      ;
; -0.536 ; btn_counter[1] ; running        ; clk          ; clk         ; 1.000        ; -0.061     ; 1.470      ;
; -0.519 ; sec_u_count[1] ; sec_u_count[3] ; clk          ; clk         ; 1.000        ; -0.062     ; 1.452      ;
; -0.497 ; sec_u_count[0] ; sec_u_count[3] ; clk          ; clk         ; 1.000        ; -0.062     ; 1.430      ;
; -0.492 ; sec_u_count[0] ; sec_u_count[2] ; clk          ; clk         ; 1.000        ; -0.062     ; 1.425      ;
; -0.433 ; running        ; running        ; clk          ; clk         ; 1.000        ; -0.061     ; 1.367      ;
; -0.396 ; sec_u_count[0] ; sec_u_count[1] ; clk          ; clk         ; 1.000        ; -0.062     ; 1.329      ;
; -0.390 ; sec_t_count[2] ; sec_t_count[1] ; clk          ; clk         ; 1.000        ; -0.061     ; 1.324      ;
; -0.384 ; sec_u_count[1] ; sec_u_count[2] ; clk          ; clk         ; 1.000        ; -0.062     ; 1.317      ;
; -0.364 ; sec_u_count[3] ; sec_u_count[2] ; clk          ; clk         ; 1.000        ; -0.062     ; 1.297      ;
; -0.363 ; sec_u_count[3] ; sec_u_count[3] ; clk          ; clk         ; 1.000        ; -0.062     ; 1.296      ;
; -0.265 ; btn_counter[1] ; btn_counter[0] ; clk          ; clk         ; 1.000        ; -0.061     ; 1.199      ;
; -0.218 ; sec_t_count[0] ; sec_t_count[2] ; clk          ; clk         ; 1.000        ; -0.061     ; 1.152      ;
; -0.217 ; sec_t_count[0] ; sec_t_count[1] ; clk          ; clk         ; 1.000        ; -0.061     ; 1.151      ;
; -0.205 ; sec_t_count[1] ; sec_t_count[2] ; clk          ; clk         ; 1.000        ; -0.061     ; 1.139      ;
; -0.074 ; btn_counter[0] ; running        ; clk          ; clk         ; 1.000        ; -0.061     ; 1.008      ;
; -0.035 ; btn_prev       ; running        ; clk          ; clk         ; 1.000        ; -0.061     ; 0.969      ;
; 0.234  ; btn_counter[0] ; btn_counter[1] ; clk          ; clk         ; 1.000        ; -0.061     ; 0.700      ;
+--------+----------------+----------------+--------------+-------------+--------------+------------+------------+


+---------------------------------------------------------------------------------------------------------------+
; Slow 1200mV 85C Model Hold: 'clk'                                                                             ;
+-------+----------------+----------------+--------------+-------------+--------------+------------+------------+
; Slack ; From Node      ; To Node        ; Launch Clock ; Latch Clock ; Relationship ; Clock Skew ; Data Delay ;
+-------+----------------+----------------+--------------+-------------+--------------+------------+------------+
; 0.344 ; min_count[1]   ; min_count[1]   ; clk          ; clk         ; 0.000        ; 0.076      ; 0.577      ;
; 0.344 ; min_count[2]   ; min_count[2]   ; clk          ; clk         ; 0.000        ; 0.076      ; 0.577      ;
; 0.344 ; min_count[3]   ; min_count[3]   ; clk          ; clk         ; 0.000        ; 0.076      ; 0.577      ;
; 0.347 ; min_count[0]   ; min_count[0]   ; clk          ; clk         ; 0.000        ; 0.076      ; 0.580      ;
; 0.358 ; sec_u_count[1] ; sec_u_count[1] ; clk          ; clk         ; 0.000        ; 0.062      ; 0.577      ;
; 0.359 ; btn_counter[1] ; btn_counter[1] ; clk          ; clk         ; 0.000        ; 0.061      ; 0.577      ;
; 0.359 ; running        ; running        ; clk          ; clk         ; 0.000        ; 0.061      ; 0.577      ;
; 0.359 ; sec_t_count[2] ; sec_t_count[2] ; clk          ; clk         ; 0.000        ; 0.061      ; 0.577      ;
; 0.359 ; sec_t_count[1] ; sec_t_count[1] ; clk          ; clk         ; 0.000        ; 0.061      ; 0.577      ;
; 0.361 ; sec_u_count[0] ; sec_u_count[0] ; clk          ; clk         ; 0.000        ; 0.062      ; 0.580      ;
; 0.362 ; btn_counter[0] ; btn_counter[0] ; clk          ; clk         ; 0.000        ; 0.061      ; 0.580      ;
; 0.362 ; sec_t_count[0] ; sec_t_count[0] ; clk          ; clk         ; 0.000        ; 0.061      ; 0.580      ;
; 0.383 ; btn_counter[0] ; btn_counter[1] ; clk          ; clk         ; 0.000        ; 0.061      ; 0.601      ;
; 0.405 ; sec_u_count[0] ; sec_u_count[1] ; clk          ; clk         ; 0.000        ; 0.062      ; 0.624      ;
; 0.565 ; min_count[2]   ; min_count[3]   ; clk          ; clk         ; 0.000        ; 0.076      ; 0.798      ;
; 0.574 ; min_count[1]   ; min_count[2]   ; clk          ; clk         ; 0.000        ; 0.076      ; 0.807      ;
; 0.652 ; btn_prev       ; running        ; clk          ; clk         ; 0.000        ; 0.061      ; 0.870      ;
; 0.672 ; running        ; sec_t_count[0] ; clk          ; clk         ; 0.000        ; 0.061      ; 0.890      ;
; 0.674 ; btn_counter[0] ; running        ; clk          ; clk         ; 0.000        ; 0.061      ; 0.892      ;
; 0.749 ; sec_t_count[1] ; sec_t_count[2] ; clk          ; clk         ; 0.000        ; 0.061      ; 0.967      ;
; 0.751 ; running        ; sec_u_count[2] ; clk          ; clk         ; 0.000        ; 0.061      ; 0.969      ;
; 0.764 ; sec_t_count[0] ; sec_t_count[2] ; clk          ; clk         ; 0.000        ; 0.061      ; 0.982      ;
; 0.773 ; sec_u_count[0] ; sec_u_count[3] ; clk          ; clk         ; 0.000        ; 0.062      ; 0.992      ;
; 0.775 ; sec_t_count[0] ; sec_t_count[1] ; clk          ; clk         ; 0.000        ; 0.061      ; 0.993      ;
; 0.776 ; running        ; sec_u_count[0] ; clk          ; clk         ; 0.000        ; 0.061      ; 0.994      ;
; 0.777 ; sec_u_count[0] ; sec_u_count[2] ; clk          ; clk         ; 0.000        ; 0.062      ; 0.996      ;
; 0.778 ; sec_t_count[1] ; min_count[1]   ; clk          ; clk         ; 0.000        ; 0.426      ; 1.361      ;
; 0.779 ; sec_t_count[1] ; min_count[2]   ; clk          ; clk         ; 0.000        ; 0.426      ; 1.362      ;
; 0.781 ; btn_counter[1] ; btn_counter[0] ; clk          ; clk         ; 0.000        ; 0.061      ; 0.999      ;
; 0.782 ; sec_t_count[1] ; min_count[3]   ; clk          ; clk         ; 0.000        ; 0.426      ; 1.365      ;
; 0.782 ; sec_t_count[1] ; min_count[0]   ; clk          ; clk         ; 0.000        ; 0.426      ; 1.365      ;
; 0.809 ; btn_counter[1] ; sec_u_count[0] ; clk          ; clk         ; 0.000        ; 0.061      ; 1.027      ;
; 0.824 ; btn_counter[1] ; running        ; clk          ; clk         ; 0.000        ; 0.061      ; 1.042      ;
; 0.827 ; btn_counter[1] ; sec_u_count[2] ; clk          ; clk         ; 0.000        ; 0.061      ; 1.045      ;
; 0.868 ; sec_u_count[1] ; sec_u_count[3] ; clk          ; clk         ; 0.000        ; 0.062      ; 1.087      ;
; 0.870 ; sec_u_count[1] ; sec_u_count[2] ; clk          ; clk         ; 0.000        ; 0.062      ; 1.089      ;
; 0.875 ; btn_counter[1] ; sec_t_count[0] ; clk          ; clk         ; 0.000        ; 0.061      ; 1.093      ;
; 0.877 ; sec_t_count[0] ; min_count[2]   ; clk          ; clk         ; 0.000        ; 0.426      ; 1.460      ;
; 0.878 ; sec_t_count[0] ; min_count[1]   ; clk          ; clk         ; 0.000        ; 0.426      ; 1.461      ;
; 0.879 ; sec_t_count[0] ; min_count[3]   ; clk          ; clk         ; 0.000        ; 0.426      ; 1.462      ;
; 0.879 ; sec_t_count[0] ; min_count[0]   ; clk          ; clk         ; 0.000        ; 0.426      ; 1.462      ;
; 0.906 ; min_count[0]   ; min_count[1]   ; clk          ; clk         ; 0.000        ; 0.076      ; 1.139      ;
; 0.908 ; min_count[0]   ; min_count[2]   ; clk          ; clk         ; 0.000        ; 0.076      ; 1.141      ;
; 0.921 ; sec_u_count[0] ; sec_t_count[0] ; clk          ; clk         ; 0.000        ; 0.062      ; 1.140      ;
; 0.927 ; sec_u_count[3] ; sec_u_count[3] ; clk          ; clk         ; 0.000        ; 0.062      ; 1.146      ;
; 0.944 ; running        ; min_count[2]   ; clk          ; clk         ; 0.000        ; 0.426      ; 1.527      ;
; 0.945 ; running        ; min_count[1]   ; clk          ; clk         ; 0.000        ; 0.426      ; 1.528      ;
; 0.946 ; running        ; min_count[3]   ; clk          ; clk         ; 0.000        ; 0.426      ; 1.529      ;
; 0.946 ; running        ; min_count[0]   ; clk          ; clk         ; 0.000        ; 0.426      ; 1.529      ;
; 0.946 ; sec_u_count[2] ; sec_u_count[3] ; clk          ; clk         ; 0.000        ; 0.062      ; 1.165      ;
; 0.948 ; sec_u_count[2] ; sec_u_count[2] ; clk          ; clk         ; 0.000        ; 0.062      ; 1.167      ;
; 0.968 ; sec_u_count[3] ; sec_u_count[2] ; clk          ; clk         ; 0.000        ; 0.062      ; 1.187      ;
; 0.968 ; running        ; sec_u_count[3] ; clk          ; clk         ; 0.000        ; 0.061      ; 1.186      ;
; 0.970 ; min_count[1]   ; min_count[3]   ; clk          ; clk         ; 0.000        ; 0.076      ; 1.203      ;
; 0.974 ; running        ; sec_t_count[2] ; clk          ; clk         ; 0.000        ; 0.061      ; 1.192      ;
; 0.974 ; running        ; sec_t_count[1] ; clk          ; clk         ; 0.000        ; 0.061      ; 1.192      ;
; 0.988 ; sec_t_count[2] ; sec_t_count[1] ; clk          ; clk         ; 0.000        ; 0.061      ; 1.206      ;
; 0.995 ; btn_counter[1] ; sec_u_count[3] ; clk          ; clk         ; 0.000        ; 0.061      ; 1.213      ;
; 1.013 ; sec_u_count[1] ; sec_t_count[0] ; clk          ; clk         ; 0.000        ; 0.062      ; 1.232      ;
; 1.018 ; sec_t_count[2] ; min_count[2]   ; clk          ; clk         ; 0.000        ; 0.426      ; 1.601      ;
; 1.019 ; sec_t_count[2] ; min_count[1]   ; clk          ; clk         ; 0.000        ; 0.426      ; 1.602      ;
; 1.020 ; sec_t_count[2] ; min_count[3]   ; clk          ; clk         ; 0.000        ; 0.426      ; 1.603      ;
; 1.020 ; sec_t_count[2] ; min_count[0]   ; clk          ; clk         ; 0.000        ; 0.426      ; 1.603      ;
; 1.077 ; running        ; sec_u_count[1] ; clk          ; clk         ; 0.000        ; 0.061      ; 1.295      ;
; 1.086 ; sec_u_count[0] ; min_count[2]   ; clk          ; clk         ; 0.000        ; 0.427      ; 1.670      ;
; 1.087 ; sec_u_count[0] ; min_count[1]   ; clk          ; clk         ; 0.000        ; 0.427      ; 1.671      ;
; 1.088 ; sec_u_count[0] ; min_count[3]   ; clk          ; clk         ; 0.000        ; 0.427      ; 1.672      ;
; 1.088 ; sec_u_count[0] ; min_count[0]   ; clk          ; clk         ; 0.000        ; 0.427      ; 1.672      ;
; 1.091 ; sec_u_count[2] ; sec_t_count[0] ; clk          ; clk         ; 0.000        ; 0.062      ; 1.310      ;
; 1.112 ; sec_u_count[3] ; sec_t_count[0] ; clk          ; clk         ; 0.000        ; 0.062      ; 1.331      ;
; 1.127 ; sec_u_count[2] ; sec_u_count[1] ; clk          ; clk         ; 0.000        ; 0.062      ; 1.346      ;
; 1.145 ; btn_counter[1] ; sec_t_count[1] ; clk          ; clk         ; 0.000        ; 0.061      ; 1.363      ;
; 1.147 ; btn_counter[1] ; sec_t_count[2] ; clk          ; clk         ; 0.000        ; 0.061      ; 1.365      ;
; 1.156 ; btn_counter[1] ; min_count[1]   ; clk          ; clk         ; 0.000        ; 0.426      ; 1.739      ;
; 1.157 ; btn_counter[1] ; min_count[2]   ; clk          ; clk         ; 0.000        ; 0.426      ; 1.740      ;
; 1.160 ; btn_counter[1] ; min_count[3]   ; clk          ; clk         ; 0.000        ; 0.426      ; 1.743      ;
; 1.160 ; btn_counter[1] ; min_count[0]   ; clk          ; clk         ; 0.000        ; 0.426      ; 1.743      ;
; 1.194 ; min_count[0]   ; min_count[3]   ; clk          ; clk         ; 0.000        ; 0.076      ; 1.427      ;
; 1.196 ; sec_u_count[3] ; sec_u_count[1] ; clk          ; clk         ; 0.000        ; 0.062      ; 1.415      ;
; 1.198 ; sec_u_count[1] ; min_count[1]   ; clk          ; clk         ; 0.000        ; 0.427      ; 1.782      ;
; 1.199 ; sec_u_count[1] ; min_count[2]   ; clk          ; clk         ; 0.000        ; 0.427      ; 1.783      ;
; 1.202 ; sec_u_count[1] ; min_count[3]   ; clk          ; clk         ; 0.000        ; 0.427      ; 1.786      ;
; 1.202 ; sec_u_count[1] ; min_count[0]   ; clk          ; clk         ; 0.000        ; 0.427      ; 1.786      ;
; 1.224 ; sec_u_count[0] ; sec_t_count[2] ; clk          ; clk         ; 0.000        ; 0.062      ; 1.443      ;
; 1.224 ; sec_u_count[0] ; sec_t_count[1] ; clk          ; clk         ; 0.000        ; 0.062      ; 1.443      ;
; 1.276 ; sec_u_count[2] ; min_count[1]   ; clk          ; clk         ; 0.000        ; 0.427      ; 1.860      ;
; 1.277 ; sec_u_count[3] ; min_count[2]   ; clk          ; clk         ; 0.000        ; 0.427      ; 1.861      ;
; 1.277 ; sec_u_count[2] ; min_count[2]   ; clk          ; clk         ; 0.000        ; 0.427      ; 1.861      ;
; 1.278 ; sec_u_count[3] ; min_count[1]   ; clk          ; clk         ; 0.000        ; 0.427      ; 1.862      ;
; 1.279 ; sec_u_count[3] ; min_count[3]   ; clk          ; clk         ; 0.000        ; 0.427      ; 1.863      ;
; 1.279 ; sec_u_count[3] ; min_count[0]   ; clk          ; clk         ; 0.000        ; 0.427      ; 1.863      ;
; 1.280 ; sec_u_count[2] ; min_count[3]   ; clk          ; clk         ; 0.000        ; 0.427      ; 1.864      ;
; 1.280 ; sec_u_count[2] ; min_count[0]   ; clk          ; clk         ; 0.000        ; 0.427      ; 1.864      ;
; 1.300 ; btn_counter[1] ; sec_u_count[1] ; clk          ; clk         ; 0.000        ; 0.061      ; 1.518      ;
; 1.320 ; sec_u_count[1] ; sec_t_count[1] ; clk          ; clk         ; 0.000        ; 0.062      ; 1.539      ;
; 1.322 ; sec_u_count[1] ; sec_t_count[2] ; clk          ; clk         ; 0.000        ; 0.062      ; 1.541      ;
; 1.398 ; sec_u_count[2] ; sec_t_count[1] ; clk          ; clk         ; 0.000        ; 0.062      ; 1.617      ;
; 1.400 ; sec_u_count[2] ; sec_t_count[2] ; clk          ; clk         ; 0.000        ; 0.062      ; 1.619      ;
; 1.411 ; min_count[2]   ; min_count[1]   ; clk          ; clk         ; 0.000        ; 0.076      ; 1.644      ;
; 1.412 ; min_count[2]   ; min_count[0]   ; clk          ; clk         ; 0.000        ; 0.076      ; 1.645      ;
+-------+----------------+----------------+--------------+-------------+--------------+------------+------------+


+------------------------------------------------------------------------------------------------------------+
; Slow 1200mV 85C Model Minimum Pulse Width: 'clk'                                                           ;
+--------+--------------+----------------+------------------+-------+------------+---------------------------+
; Slack  ; Actual Width ; Required Width ; Type             ; Clock ; Clock Edge ; Target                    ;
+--------+--------------+----------------+------------------+-------+------------+---------------------------+
; -3.000 ; 1.000        ; 4.000          ; Port Rate        ; clk   ; Rise       ; clk                       ;
; -1.000 ; 1.000        ; 2.000          ; Min Period       ; clk   ; Rise       ; btn_counter[0]            ;
; -1.000 ; 1.000        ; 2.000          ; Min Period       ; clk   ; Rise       ; btn_counter[1]            ;
; -1.000 ; 1.000        ; 2.000          ; Min Period       ; clk   ; Rise       ; btn_prev                  ;
; -1.000 ; 1.000        ; 2.000          ; Min Period       ; clk   ; Rise       ; min_count[0]              ;
; -1.000 ; 1.000        ; 2.000          ; Min Period       ; clk   ; Rise       ; min_count[1]              ;
; -1.000 ; 1.000        ; 2.000          ; Min Period       ; clk   ; Rise       ; min_count[2]              ;
; -1.000 ; 1.000        ; 2.000          ; Min Period       ; clk   ; Rise       ; min_count[3]              ;
; -1.000 ; 1.000        ; 2.000          ; Min Period       ; clk   ; Rise       ; running                   ;
; -1.000 ; 1.000        ; 2.000          ; Min Period       ; clk   ; Rise       ; sec_t_count[0]            ;
; -1.000 ; 1.000        ; 2.000          ; Min Period       ; clk   ; Rise       ; sec_t_count[1]            ;
; -1.000 ; 1.000        ; 2.000          ; Min Period       ; clk   ; Rise       ; sec_t_count[2]            ;
; -1.000 ; 1.000        ; 2.000          ; Min Period       ; clk   ; Rise       ; sec_u_count[0]            ;
; -1.000 ; 1.000        ; 2.000          ; Min Period       ; clk   ; Rise       ; sec_u_count[1]            ;
; -1.000 ; 1.000        ; 2.000          ; Min Period       ; clk   ; Rise       ; sec_u_count[2]            ;
; -1.000 ; 1.000        ; 2.000          ; Min Period       ; clk   ; Rise       ; sec_u_count[3]            ;
; 0.175  ; 0.359        ; 0.184          ; Low Pulse Width  ; clk   ; Rise       ; min_count[0]              ;
; 0.175  ; 0.359        ; 0.184          ; Low Pulse Width  ; clk   ; Rise       ; min_count[1]              ;
; 0.175  ; 0.359        ; 0.184          ; Low Pulse Width  ; clk   ; Rise       ; min_count[2]              ;
; 0.175  ; 0.359        ; 0.184          ; Low Pulse Width  ; clk   ; Rise       ; min_count[3]              ;
; 0.186  ; 0.370        ; 0.184          ; Low Pulse Width  ; clk   ; Rise       ; btn_counter[0]            ;
; 0.186  ; 0.370        ; 0.184          ; Low Pulse Width  ; clk   ; Rise       ; btn_counter[1]            ;
; 0.186  ; 0.370        ; 0.184          ; Low Pulse Width  ; clk   ; Rise       ; btn_prev                  ;
; 0.186  ; 0.370        ; 0.184          ; Low Pulse Width  ; clk   ; Rise       ; running                   ;
; 0.186  ; 0.370        ; 0.184          ; Low Pulse Width  ; clk   ; Rise       ; sec_t_count[0]            ;
; 0.186  ; 0.370        ; 0.184          ; Low Pulse Width  ; clk   ; Rise       ; sec_t_count[1]            ;
; 0.186  ; 0.370        ; 0.184          ; Low Pulse Width  ; clk   ; Rise       ; sec_t_count[2]            ;
; 0.186  ; 0.370        ; 0.184          ; Low Pulse Width  ; clk   ; Rise       ; sec_u_count[0]            ;
; 0.186  ; 0.370        ; 0.184          ; Low Pulse Width  ; clk   ; Rise       ; sec_u_count[1]            ;
; 0.186  ; 0.370        ; 0.184          ; Low Pulse Width  ; clk   ; Rise       ; sec_u_count[2]            ;
; 0.186  ; 0.370        ; 0.184          ; Low Pulse Width  ; clk   ; Rise       ; sec_u_count[3]            ;
; 0.337  ; 0.337        ; 0.000          ; Low Pulse Width  ; clk   ; Rise       ; min_count[0]|clk          ;
; 0.337  ; 0.337        ; 0.000          ; Low Pulse Width  ; clk   ; Rise       ; min_count[1]|clk          ;
; 0.337  ; 0.337        ; 0.000          ; Low Pulse Width  ; clk   ; Rise       ; min_count[2]|clk          ;
; 0.337  ; 0.337        ; 0.000          ; Low Pulse Width  ; clk   ; Rise       ; min_count[3]|clk          ;
; 0.339  ; 0.339        ; 0.000          ; Low Pulse Width  ; clk   ; Rise       ; clk~input|o               ;
; 0.347  ; 0.347        ; 0.000          ; Low Pulse Width  ; clk   ; Rise       ; sec_u_count[0]|clk        ;
; 0.347  ; 0.347        ; 0.000          ; Low Pulse Width  ; clk   ; Rise       ; sec_u_count[1]|clk        ;
; 0.347  ; 0.347        ; 0.000          ; Low Pulse Width  ; clk   ; Rise       ; sec_u_count[2]|clk        ;
; 0.347  ; 0.347        ; 0.000          ; Low Pulse Width  ; clk   ; Rise       ; sec_u_count[3]|clk        ;
; 0.348  ; 0.348        ; 0.000          ; Low Pulse Width  ; clk   ; Rise       ; btn_counter[0]|clk        ;
; 0.348  ; 0.348        ; 0.000          ; Low Pulse Width  ; clk   ; Rise       ; btn_counter[1]|clk        ;
; 0.348  ; 0.348        ; 0.000          ; Low Pulse Width  ; clk   ; Rise       ; btn_prev|clk              ;
; 0.348  ; 0.348        ; 0.000          ; Low Pulse Width  ; clk   ; Rise       ; running|clk               ;
; 0.348  ; 0.348        ; 0.000          ; Low Pulse Width  ; clk   ; Rise       ; sec_t_count[0]|clk        ;
; 0.348  ; 0.348        ; 0.000          ; Low Pulse Width  ; clk   ; Rise       ; sec_t_count[1]|clk        ;
; 0.348  ; 0.348        ; 0.000          ; Low Pulse Width  ; clk   ; Rise       ; sec_t_count[2]|clk        ;
; 0.356  ; 0.356        ; 0.000          ; Low Pulse Width  ; clk   ; Rise       ; clk~inputclkctrl|inclk[0] ;
; 0.356  ; 0.356        ; 0.000          ; Low Pulse Width  ; clk   ; Rise       ; clk~inputclkctrl|outclk   ;
; 0.412  ; 0.628        ; 0.216          ; High Pulse Width ; clk   ; Rise       ; btn_counter[0]            ;
; 0.412  ; 0.628        ; 0.216          ; High Pulse Width ; clk   ; Rise       ; btn_counter[1]            ;
; 0.412  ; 0.628        ; 0.216          ; High Pulse Width ; clk   ; Rise       ; btn_prev                  ;
; 0.412  ; 0.628        ; 0.216          ; High Pulse Width ; clk   ; Rise       ; running                   ;
; 0.412  ; 0.628        ; 0.216          ; High Pulse Width ; clk   ; Rise       ; sec_t_count[0]            ;
; 0.412  ; 0.628        ; 0.216          ; High Pulse Width ; clk   ; Rise       ; sec_t_count[1]            ;
; 0.412  ; 0.628        ; 0.216          ; High Pulse Width ; clk   ; Rise       ; sec_t_count[2]            ;
; 0.413  ; 0.629        ; 0.216          ; High Pulse Width ; clk   ; Rise       ; sec_u_count[0]            ;
; 0.413  ; 0.629        ; 0.216          ; High Pulse Width ; clk   ; Rise       ; sec_u_count[1]            ;
; 0.413  ; 0.629        ; 0.216          ; High Pulse Width ; clk   ; Rise       ; sec_u_count[2]            ;
; 0.413  ; 0.629        ; 0.216          ; High Pulse Width ; clk   ; Rise       ; sec_u_count[3]            ;
; 0.423  ; 0.639        ; 0.216          ; High Pulse Width ; clk   ; Rise       ; min_count[0]              ;
; 0.423  ; 0.639        ; 0.216          ; High Pulse Width ; clk   ; Rise       ; min_count[1]              ;
; 0.423  ; 0.639        ; 0.216          ; High Pulse Width ; clk   ; Rise       ; min_count[2]              ;
; 0.423  ; 0.639        ; 0.216          ; High Pulse Width ; clk   ; Rise       ; min_count[3]              ;
; 0.500  ; 0.500        ; 0.000          ; High Pulse Width ; clk   ; Rise       ; clk~input|i               ;
; 0.500  ; 0.500        ; 0.000          ; Low Pulse Width  ; clk   ; Rise       ; clk~input|i               ;
; 0.643  ; 0.643        ; 0.000          ; High Pulse Width ; clk   ; Rise       ; clk~inputclkctrl|inclk[0] ;
; 0.643  ; 0.643        ; 0.000          ; High Pulse Width ; clk   ; Rise       ; clk~inputclkctrl|outclk   ;
; 0.652  ; 0.652        ; 0.000          ; High Pulse Width ; clk   ; Rise       ; btn_counter[0]|clk        ;
; 0.652  ; 0.652        ; 0.000          ; High Pulse Width ; clk   ; Rise       ; btn_counter[1]|clk        ;
; 0.652  ; 0.652        ; 0.000          ; High Pulse Width ; clk   ; Rise       ; btn_prev|clk              ;
; 0.652  ; 0.652        ; 0.000          ; High Pulse Width ; clk   ; Rise       ; running|clk               ;
; 0.652  ; 0.652        ; 0.000          ; High Pulse Width ; clk   ; Rise       ; sec_t_count[0]|clk        ;
; 0.652  ; 0.652        ; 0.000          ; High Pulse Width ; clk   ; Rise       ; sec_t_count[1]|clk        ;
; 0.652  ; 0.652        ; 0.000          ; High Pulse Width ; clk   ; Rise       ; sec_t_count[2]|clk        ;
; 0.652  ; 0.652        ; 0.000          ; High Pulse Width ; clk   ; Rise       ; sec_u_count[0]|clk        ;
; 0.652  ; 0.652        ; 0.000          ; High Pulse Width ; clk   ; Rise       ; sec_u_count[1]|clk        ;
; 0.652  ; 0.652        ; 0.000          ; High Pulse Width ; clk   ; Rise       ; sec_u_count[2]|clk        ;
; 0.652  ; 0.652        ; 0.000          ; High Pulse Width ; clk   ; Rise       ; sec_u_count[3]|clk        ;
; 0.661  ; 0.661        ; 0.000          ; High Pulse Width ; clk   ; Rise       ; clk~input|o               ;
; 0.663  ; 0.663        ; 0.000          ; High Pulse Width ; clk   ; Rise       ; min_count[0]|clk          ;
; 0.663  ; 0.663        ; 0.000          ; High Pulse Width ; clk   ; Rise       ; min_count[1]|clk          ;
; 0.663  ; 0.663        ; 0.000          ; High Pulse Width ; clk   ; Rise       ; min_count[2]|clk          ;
; 0.663  ; 0.663        ; 0.000          ; High Pulse Width ; clk   ; Rise       ; min_count[3]|clk          ;
+--------+--------------+----------------+------------------+-------+------------+---------------------------+


+-----------------------------------------------------------------------+
; Setup Times                                                           ;
+-----------+------------+-------+-------+------------+-----------------+
; Data Port ; Clock Port ; Rise  ; Fall  ; Clock Edge ; Clock Reference ;
+-----------+------------+-------+-------+------------+-----------------+
; btn       ; clk        ; 2.387 ; 2.852 ; Rise       ; clk             ;
+-----------+------------+-------+-------+------------+-----------------+


+-------------------------------------------------------------------------+
; Hold Times                                                              ;
+-----------+------------+--------+--------+------------+-----------------+
; Data Port ; Clock Port ; Rise   ; Fall   ; Clock Edge ; Clock Reference ;
+-----------+------------+--------+--------+------------+-----------------+
; btn       ; clk        ; -1.093 ; -1.514 ; Rise       ; clk             ;
+-----------+------------+--------+--------+------------+-----------------+


+-------------------------------------------------------------------------------+
; Clock to Output Times                                                         ;
+-------------------+------------+-------+-------+------------+-----------------+
; Data Port         ; Clock Port ; Rise  ; Fall  ; Clock Edge ; Clock Reference ;
+-------------------+------------+-------+-------+------------+-----------------+
; ssd_min[*]        ; clk        ; 6.820 ; 6.705 ; Rise       ; clk             ;
;  ssd_min[0]       ; clk        ; 6.540 ; 6.537 ; Rise       ; clk             ;
;  ssd_min[1]       ; clk        ; 6.561 ; 6.533 ; Rise       ; clk             ;
;  ssd_min[2]       ; clk        ; 6.477 ; 6.473 ; Rise       ; clk             ;
;  ssd_min[3]       ; clk        ; 6.545 ; 6.540 ; Rise       ; clk             ;
;  ssd_min[4]       ; clk        ; 6.688 ; 6.669 ; Rise       ; clk             ;
;  ssd_min[5]       ; clk        ; 6.502 ; 6.524 ; Rise       ; clk             ;
;  ssd_min[6]       ; clk        ; 6.820 ; 6.705 ; Rise       ; clk             ;
; ssd_sec_tens[*]   ; clk        ; 6.073 ; 6.120 ; Rise       ; clk             ;
;  ssd_sec_tens[0]  ; clk        ; 6.004 ; 5.956 ; Rise       ; clk             ;
;  ssd_sec_tens[1]  ; clk        ; 6.072 ; 5.986 ; Rise       ; clk             ;
;  ssd_sec_tens[2]  ; clk        ; 5.945 ; 6.048 ; Rise       ; clk             ;
;  ssd_sec_tens[3]  ; clk        ; 6.018 ; 6.069 ; Rise       ; clk             ;
;  ssd_sec_tens[4]  ; clk        ; 5.953 ; 6.008 ; Rise       ; clk             ;
;  ssd_sec_tens[5]  ; clk        ; 6.045 ; 6.120 ; Rise       ; clk             ;
;  ssd_sec_tens[6]  ; clk        ; 6.073 ; 6.024 ; Rise       ; clk             ;
; ssd_sec_units[*]  ; clk        ; 7.597 ; 7.468 ; Rise       ; clk             ;
;  ssd_sec_units[0] ; clk        ; 6.228 ; 6.332 ; Rise       ; clk             ;
;  ssd_sec_units[1] ; clk        ; 6.188 ; 6.201 ; Rise       ; clk             ;
;  ssd_sec_units[2] ; clk        ; 7.597 ; 7.468 ; Rise       ; clk             ;
;  ssd_sec_units[3] ; clk        ; 6.243 ; 6.349 ; Rise       ; clk             ;
;  ssd_sec_units[4] ; clk        ; 6.238 ; 6.191 ; Rise       ; clk             ;
;  ssd_sec_units[5] ; clk        ; 6.222 ; 6.326 ; Rise       ; clk             ;
;  ssd_sec_units[6] ; clk        ; 6.262 ; 6.203 ; Rise       ; clk             ;
+-------------------+------------+-------+-------+------------+-----------------+


+-------------------------------------------------------------------------------+
; Minimum Clock to Output Times                                                 ;
+-------------------+------------+-------+-------+------------+-----------------+
; Data Port         ; Clock Port ; Rise  ; Fall  ; Clock Edge ; Clock Reference ;
+-------------------+------------+-------+-------+------------+-----------------+
; ssd_min[*]        ; clk        ; 5.838 ; 5.933 ; Rise       ; clk             ;
;  ssd_min[0]       ; clk        ; 5.877 ; 5.951 ; Rise       ; clk             ;
;  ssd_min[1]       ; clk        ; 5.892 ; 5.969 ; Rise       ; clk             ;
;  ssd_min[2]       ; clk        ; 5.838 ; 5.980 ; Rise       ; clk             ;
;  ssd_min[3]       ; clk        ; 5.875 ; 5.947 ; Rise       ; clk             ;
;  ssd_min[4]       ; clk        ; 6.073 ; 6.098 ; Rise       ; clk             ;
;  ssd_min[5]       ; clk        ; 5.924 ; 5.933 ; Rise       ; clk             ;
;  ssd_min[6]       ; clk        ; 6.206 ; 6.043 ; Rise       ; clk             ;
; ssd_sec_tens[*]   ; clk        ; 5.544 ; 5.487 ; Rise       ; clk             ;
;  ssd_sec_tens[0]  ; clk        ; 5.564 ; 5.487 ; Rise       ; clk             ;
;  ssd_sec_tens[1]  ; clk        ; 5.772 ; 5.716 ; Rise       ; clk             ;
;  ssd_sec_tens[2]  ; clk        ; 5.717 ; 5.746 ; Rise       ; clk             ;
;  ssd_sec_tens[3]  ; clk        ; 5.548 ; 5.621 ; Rise       ; clk             ;
;  ssd_sec_tens[4]  ; clk        ; 5.544 ; 5.564 ; Rise       ; clk             ;
;  ssd_sec_tens[5]  ; clk        ; 5.842 ; 5.823 ; Rise       ; clk             ;
;  ssd_sec_tens[6]  ; clk        ; 5.771 ; 5.744 ; Rise       ; clk             ;
; ssd_sec_units[*]  ; clk        ; 5.711 ; 5.680 ; Rise       ; clk             ;
;  ssd_sec_units[0] ; clk        ; 5.730 ; 5.804 ; Rise       ; clk             ;
;  ssd_sec_units[1] ; clk        ; 5.711 ; 5.784 ; Rise       ; clk             ;
;  ssd_sec_units[2] ; clk        ; 7.156 ; 7.061 ; Rise       ; clk             ;
;  ssd_sec_units[3] ; clk        ; 5.747 ; 5.823 ; Rise       ; clk             ;
;  ssd_sec_units[4] ; clk        ; 5.740 ; 5.809 ; Rise       ; clk             ;
;  ssd_sec_units[5] ; clk        ; 5.776 ; 5.795 ; Rise       ; clk             ;
;  ssd_sec_units[6] ; clk        ; 5.753 ; 5.680 ; Rise       ; clk             ;
+-------------------+------------+-------+-------+------------+-----------------+


----------------------------------------------
; Slow 1200mV 85C Model Metastability Report ;
----------------------------------------------
No synchronizer chains to report.


+-----------------------------------------------------------------------------------------------------------+
; Slow 1200mV 0C Model Fmax Summary                                                                         ;
+------------+-----------------+------------+---------------------------------------------------------------+
; Fmax       ; Restricted Fmax ; Clock Name ; Note                                                          ;
+------------+-----------------+------------+---------------------------------------------------------------+
; 489.96 MHz ; 250.0 MHz       ; clk        ; limit due to minimum period restriction (max I/O toggle rate) ;
+------------+-----------------+------------+---------------------------------------------------------------+
This panel reports FMAX for every clock in the design, regardless of the user-specified clock periods.  FMAX is only computed for paths where the source and destination registers or ports are driven by the same clock.  Paths of different clocks, including generated clocks, are ignored.  For paths between a clock and its inversion, FMAX is computed as if the rising and falling edges are scaled along with FMAX, such that the duty cycle (in terms of a percentage) is maintained. Altera recommends that you always use clock constraints and other slack reports for sign-off analysis.


+------------------------------------+
; Slow 1200mV 0C Model Setup Summary ;
+-------+--------+-------------------+
; Clock ; Slack  ; End Point TNS     ;
+-------+--------+-------------------+
; clk   ; -1.041 ; -9.604            ;
+-------+--------+-------------------+


+-----------------------------------+
; Slow 1200mV 0C Model Hold Summary ;
+-------+-------+-------------------+
; Clock ; Slack ; End Point TNS     ;
+-------+-------+-------------------+
; clk   ; 0.298 ; 0.000             ;
+-------+-------+-------------------+


-----------------------------------------
; Slow 1200mV 0C Model Recovery Summary ;
-----------------------------------------
No paths to report.


----------------------------------------
; Slow 1200mV 0C Model Removal Summary ;
----------------------------------------
No paths to report.


+--------------------------------------------------+
; Slow 1200mV 0C Model Minimum Pulse Width Summary ;
+-------+--------+---------------------------------+
; Clock ; Slack  ; End Point TNS                   ;
+-------+--------+---------------------------------+
; clk   ; -3.000 ; -18.000                         ;
+-------+--------+---------------------------------+


+----------------------------------------------------------------------------------------------------------------+
; Slow 1200mV 0C Model Setup: 'clk'                                                                              ;
+--------+----------------+----------------+--------------+-------------+--------------+------------+------------+
; Slack  ; From Node      ; To Node        ; Launch Clock ; Latch Clock ; Relationship ; Clock Skew ; Data Delay ;
+--------+----------------+----------------+--------------+-------------+--------------+------------+------------+
; -1.041 ; sec_u_count[2] ; sec_t_count[0] ; clk          ; clk         ; 1.000        ; -0.054     ; 1.982      ;
; -1.041 ; sec_u_count[2] ; sec_t_count[2] ; clk          ; clk         ; 1.000        ; -0.054     ; 1.982      ;
; -1.041 ; sec_u_count[2] ; sec_t_count[1] ; clk          ; clk         ; 1.000        ; -0.054     ; 1.982      ;
; -1.008 ; sec_u_count[3] ; sec_t_count[0] ; clk          ; clk         ; 1.000        ; -0.054     ; 1.949      ;
; -1.008 ; sec_u_count[3] ; sec_t_count[2] ; clk          ; clk         ; 1.000        ; -0.054     ; 1.949      ;
; -1.008 ; sec_u_count[3] ; sec_t_count[1] ; clk          ; clk         ; 1.000        ; -0.054     ; 1.949      ;
; -0.960 ; sec_u_count[1] ; sec_t_count[0] ; clk          ; clk         ; 1.000        ; -0.054     ; 1.901      ;
; -0.960 ; sec_u_count[1] ; sec_t_count[2] ; clk          ; clk         ; 1.000        ; -0.054     ; 1.901      ;
; -0.960 ; sec_u_count[1] ; sec_t_count[1] ; clk          ; clk         ; 1.000        ; -0.054     ; 1.901      ;
; -0.855 ; sec_u_count[2] ; min_count[1]   ; clk          ; clk         ; 1.000        ; 0.264      ; 2.114      ;
; -0.855 ; sec_u_count[2] ; min_count[2]   ; clk          ; clk         ; 1.000        ; 0.264      ; 2.114      ;
; -0.855 ; sec_u_count[2] ; min_count[3]   ; clk          ; clk         ; 1.000        ; 0.264      ; 2.114      ;
; -0.855 ; sec_u_count[2] ; min_count[0]   ; clk          ; clk         ; 1.000        ; 0.264      ; 2.114      ;
; -0.838 ; sec_u_count[0] ; sec_t_count[0] ; clk          ; clk         ; 1.000        ; -0.054     ; 1.779      ;
; -0.838 ; sec_u_count[0] ; sec_t_count[2] ; clk          ; clk         ; 1.000        ; -0.054     ; 1.779      ;
; -0.838 ; sec_u_count[0] ; sec_t_count[1] ; clk          ; clk         ; 1.000        ; -0.054     ; 1.779      ;
; -0.814 ; min_count[0]   ; min_count[3]   ; clk          ; clk         ; 1.000        ; -0.069     ; 1.740      ;
; -0.814 ; min_count[0]   ; min_count[0]   ; clk          ; clk         ; 1.000        ; -0.069     ; 1.740      ;
; -0.813 ; min_count[0]   ; min_count[1]   ; clk          ; clk         ; 1.000        ; -0.069     ; 1.739      ;
; -0.812 ; min_count[0]   ; min_count[2]   ; clk          ; clk         ; 1.000        ; -0.069     ; 1.738      ;
; -0.811 ; running        ; min_count[1]   ; clk          ; clk         ; 1.000        ; 0.263      ; 2.069      ;
; -0.811 ; running        ; min_count[2]   ; clk          ; clk         ; 1.000        ; 0.263      ; 2.069      ;
; -0.811 ; running        ; min_count[3]   ; clk          ; clk         ; 1.000        ; 0.263      ; 2.069      ;
; -0.811 ; running        ; min_count[0]   ; clk          ; clk         ; 1.000        ; 0.263      ; 2.069      ;
; -0.795 ; sec_u_count[3] ; min_count[1]   ; clk          ; clk         ; 1.000        ; 0.264      ; 2.054      ;
; -0.795 ; sec_u_count[3] ; min_count[2]   ; clk          ; clk         ; 1.000        ; 0.264      ; 2.054      ;
; -0.795 ; sec_u_count[3] ; min_count[3]   ; clk          ; clk         ; 1.000        ; 0.264      ; 2.054      ;
; -0.795 ; sec_u_count[3] ; min_count[0]   ; clk          ; clk         ; 1.000        ; 0.264      ; 2.054      ;
; -0.779 ; btn_counter[1] ; sec_t_count[0] ; clk          ; clk         ; 1.000        ; -0.055     ; 1.719      ;
; -0.779 ; btn_counter[1] ; sec_t_count[2] ; clk          ; clk         ; 1.000        ; -0.055     ; 1.719      ;
; -0.779 ; btn_counter[1] ; sec_t_count[1] ; clk          ; clk         ; 1.000        ; -0.055     ; 1.719      ;
; -0.774 ; sec_u_count[1] ; min_count[1]   ; clk          ; clk         ; 1.000        ; 0.264      ; 2.033      ;
; -0.774 ; sec_u_count[1] ; min_count[2]   ; clk          ; clk         ; 1.000        ; 0.264      ; 2.033      ;
; -0.774 ; sec_u_count[1] ; min_count[3]   ; clk          ; clk         ; 1.000        ; 0.264      ; 2.033      ;
; -0.774 ; sec_u_count[1] ; min_count[0]   ; clk          ; clk         ; 1.000        ; 0.264      ; 2.033      ;
; -0.726 ; btn_counter[1] ; min_count[1]   ; clk          ; clk         ; 1.000        ; 0.263      ; 1.984      ;
; -0.726 ; btn_counter[1] ; min_count[2]   ; clk          ; clk         ; 1.000        ; 0.263      ; 1.984      ;
; -0.726 ; btn_counter[1] ; min_count[3]   ; clk          ; clk         ; 1.000        ; 0.263      ; 1.984      ;
; -0.726 ; btn_counter[1] ; min_count[0]   ; clk          ; clk         ; 1.000        ; 0.263      ; 1.984      ;
; -0.721 ; min_count[1]   ; min_count[3]   ; clk          ; clk         ; 1.000        ; -0.069     ; 1.647      ;
; -0.721 ; min_count[1]   ; min_count[0]   ; clk          ; clk         ; 1.000        ; -0.069     ; 1.647      ;
; -0.717 ; min_count[1]   ; min_count[2]   ; clk          ; clk         ; 1.000        ; -0.069     ; 1.643      ;
; -0.716 ; min_count[1]   ; min_count[1]   ; clk          ; clk         ; 1.000        ; -0.069     ; 1.642      ;
; -0.701 ; min_count[2]   ; min_count[3]   ; clk          ; clk         ; 1.000        ; -0.069     ; 1.627      ;
; -0.701 ; min_count[2]   ; min_count[0]   ; clk          ; clk         ; 1.000        ; -0.069     ; 1.627      ;
; -0.697 ; min_count[2]   ; min_count[2]   ; clk          ; clk         ; 1.000        ; -0.069     ; 1.623      ;
; -0.696 ; min_count[2]   ; min_count[1]   ; clk          ; clk         ; 1.000        ; -0.069     ; 1.622      ;
; -0.693 ; min_count[3]   ; min_count[3]   ; clk          ; clk         ; 1.000        ; -0.069     ; 1.619      ;
; -0.693 ; min_count[3]   ; min_count[0]   ; clk          ; clk         ; 1.000        ; -0.069     ; 1.619      ;
; -0.692 ; min_count[3]   ; min_count[1]   ; clk          ; clk         ; 1.000        ; -0.069     ; 1.618      ;
; -0.691 ; min_count[3]   ; min_count[2]   ; clk          ; clk         ; 1.000        ; -0.069     ; 1.617      ;
; -0.675 ; sec_t_count[2] ; min_count[1]   ; clk          ; clk         ; 1.000        ; 0.263      ; 1.933      ;
; -0.675 ; sec_t_count[2] ; min_count[2]   ; clk          ; clk         ; 1.000        ; 0.263      ; 1.933      ;
; -0.675 ; sec_t_count[2] ; min_count[3]   ; clk          ; clk         ; 1.000        ; 0.263      ; 1.933      ;
; -0.675 ; sec_t_count[2] ; min_count[0]   ; clk          ; clk         ; 1.000        ; 0.263      ; 1.933      ;
; -0.643 ; running        ; sec_u_count[0] ; clk          ; clk         ; 1.000        ; -0.055     ; 1.583      ;
; -0.643 ; running        ; sec_u_count[1] ; clk          ; clk         ; 1.000        ; -0.055     ; 1.583      ;
; -0.643 ; running        ; sec_u_count[2] ; clk          ; clk         ; 1.000        ; -0.055     ; 1.583      ;
; -0.643 ; running        ; sec_u_count[3] ; clk          ; clk         ; 1.000        ; -0.055     ; 1.583      ;
; -0.625 ; sec_u_count[0] ; min_count[1]   ; clk          ; clk         ; 1.000        ; 0.264      ; 1.884      ;
; -0.625 ; sec_u_count[0] ; min_count[2]   ; clk          ; clk         ; 1.000        ; 0.264      ; 1.884      ;
; -0.625 ; sec_u_count[0] ; min_count[3]   ; clk          ; clk         ; 1.000        ; 0.264      ; 1.884      ;
; -0.625 ; sec_u_count[0] ; min_count[0]   ; clk          ; clk         ; 1.000        ; 0.264      ; 1.884      ;
; -0.596 ; running        ; sec_t_count[0] ; clk          ; clk         ; 1.000        ; -0.055     ; 1.536      ;
; -0.596 ; running        ; sec_t_count[2] ; clk          ; clk         ; 1.000        ; -0.055     ; 1.536      ;
; -0.596 ; running        ; sec_t_count[1] ; clk          ; clk         ; 1.000        ; -0.055     ; 1.536      ;
; -0.579 ; btn_counter[1] ; sec_u_count[1] ; clk          ; clk         ; 1.000        ; -0.055     ; 1.519      ;
; -0.560 ; btn_counter[1] ; sec_u_count[0] ; clk          ; clk         ; 1.000        ; -0.055     ; 1.500      ;
; -0.560 ; btn_counter[1] ; sec_u_count[2] ; clk          ; clk         ; 1.000        ; -0.055     ; 1.500      ;
; -0.560 ; btn_counter[1] ; sec_u_count[3] ; clk          ; clk         ; 1.000        ; -0.055     ; 1.500      ;
; -0.524 ; sec_t_count[0] ; min_count[1]   ; clk          ; clk         ; 1.000        ; 0.263      ; 1.782      ;
; -0.524 ; sec_t_count[0] ; min_count[2]   ; clk          ; clk         ; 1.000        ; 0.263      ; 1.782      ;
; -0.524 ; sec_t_count[0] ; min_count[3]   ; clk          ; clk         ; 1.000        ; 0.263      ; 1.782      ;
; -0.524 ; sec_t_count[0] ; min_count[0]   ; clk          ; clk         ; 1.000        ; 0.263      ; 1.782      ;
; -0.501 ; sec_u_count[2] ; sec_u_count[1] ; clk          ; clk         ; 1.000        ; -0.054     ; 1.442      ;
; -0.498 ; sec_u_count[2] ; sec_u_count[2] ; clk          ; clk         ; 1.000        ; -0.054     ; 1.439      ;
; -0.479 ; sec_u_count[2] ; sec_u_count[3] ; clk          ; clk         ; 1.000        ; -0.054     ; 1.420      ;
; -0.426 ; sec_t_count[1] ; min_count[1]   ; clk          ; clk         ; 1.000        ; 0.263      ; 1.684      ;
; -0.426 ; sec_t_count[1] ; min_count[2]   ; clk          ; clk         ; 1.000        ; 0.263      ; 1.684      ;
; -0.426 ; sec_t_count[1] ; min_count[3]   ; clk          ; clk         ; 1.000        ; 0.263      ; 1.684      ;
; -0.426 ; sec_t_count[1] ; min_count[0]   ; clk          ; clk         ; 1.000        ; 0.263      ; 1.684      ;
; -0.423 ; sec_u_count[3] ; sec_u_count[1] ; clk          ; clk         ; 1.000        ; -0.054     ; 1.364      ;
; -0.420 ; sec_u_count[1] ; sec_u_count[1] ; clk          ; clk         ; 1.000        ; -0.054     ; 1.361      ;
; -0.365 ; btn_counter[1] ; running        ; clk          ; clk         ; 1.000        ; -0.055     ; 1.305      ;
; -0.352 ; sec_u_count[1] ; sec_u_count[3] ; clk          ; clk         ; 1.000        ; -0.054     ; 1.293      ;
; -0.336 ; sec_u_count[0] ; sec_u_count[2] ; clk          ; clk         ; 1.000        ; -0.054     ; 1.277      ;
; -0.334 ; sec_u_count[0] ; sec_u_count[3] ; clk          ; clk         ; 1.000        ; -0.054     ; 1.275      ;
; -0.275 ; running        ; running        ; clk          ; clk         ; 1.000        ; -0.055     ; 1.215      ;
; -0.253 ; sec_u_count[0] ; sec_u_count[1] ; clk          ; clk         ; 1.000        ; -0.054     ; 1.194      ;
; -0.238 ; sec_u_count[1] ; sec_u_count[2] ; clk          ; clk         ; 1.000        ; -0.054     ; 1.179      ;
; -0.235 ; sec_t_count[2] ; sec_t_count[1] ; clk          ; clk         ; 1.000        ; -0.055     ; 1.175      ;
; -0.222 ; sec_u_count[3] ; sec_u_count[2] ; clk          ; clk         ; 1.000        ; -0.054     ; 1.163      ;
; -0.221 ; sec_u_count[3] ; sec_u_count[3] ; clk          ; clk         ; 1.000        ; -0.054     ; 1.162      ;
; -0.124 ; btn_counter[1] ; btn_counter[0] ; clk          ; clk         ; 1.000        ; -0.055     ; 1.064      ;
; -0.087 ; sec_t_count[0] ; sec_t_count[2] ; clk          ; clk         ; 1.000        ; -0.055     ; 1.027      ;
; -0.085 ; sec_t_count[0] ; sec_t_count[1] ; clk          ; clk         ; 1.000        ; -0.055     ; 1.025      ;
; -0.069 ; sec_t_count[1] ; sec_t_count[2] ; clk          ; clk         ; 1.000        ; -0.055     ; 1.009      ;
; 0.033  ; btn_counter[0] ; running        ; clk          ; clk         ; 1.000        ; -0.055     ; 0.907      ;
; 0.081  ; btn_prev       ; running        ; clk          ; clk         ; 1.000        ; -0.055     ; 0.859      ;
; 0.320  ; btn_counter[0] ; btn_counter[1] ; clk          ; clk         ; 1.000        ; -0.055     ; 0.620      ;
+--------+----------------+----------------+--------------+-------------+--------------+------------+------------+


+---------------------------------------------------------------------------------------------------------------+
; Slow 1200mV 0C Model Hold: 'clk'                                                                              ;
+-------+----------------+----------------+--------------+-------------+--------------+------------+------------+
; Slack ; From Node      ; To Node        ; Launch Clock ; Latch Clock ; Relationship ; Clock Skew ; Data Delay ;
+-------+----------------+----------------+--------------+-------------+--------------+------------+------------+
; 0.298 ; min_count[1]   ; min_count[1]   ; clk          ; clk         ; 0.000        ; 0.069      ; 0.511      ;
; 0.298 ; min_count[2]   ; min_count[2]   ; clk          ; clk         ; 0.000        ; 0.069      ; 0.511      ;
; 0.298 ; min_count[3]   ; min_count[3]   ; clk          ; clk         ; 0.000        ; 0.069      ; 0.511      ;
; 0.306 ; min_count[0]   ; min_count[0]   ; clk          ; clk         ; 0.000        ; 0.069      ; 0.519      ;
; 0.312 ; btn_counter[1] ; btn_counter[1] ; clk          ; clk         ; 0.000        ; 0.055      ; 0.511      ;
; 0.312 ; running        ; running        ; clk          ; clk         ; 0.000        ; 0.055      ; 0.511      ;
; 0.312 ; sec_t_count[2] ; sec_t_count[2] ; clk          ; clk         ; 0.000        ; 0.055      ; 0.511      ;
; 0.312 ; sec_t_count[1] ; sec_t_count[1] ; clk          ; clk         ; 0.000        ; 0.055      ; 0.511      ;
; 0.313 ; sec_u_count[1] ; sec_u_count[1] ; clk          ; clk         ; 0.000        ; 0.054      ; 0.511      ;
; 0.320 ; btn_counter[0] ; btn_counter[0] ; clk          ; clk         ; 0.000        ; 0.055      ; 0.519      ;
; 0.320 ; sec_t_count[0] ; sec_t_count[0] ; clk          ; clk         ; 0.000        ; 0.055      ; 0.519      ;
; 0.321 ; sec_u_count[0] ; sec_u_count[0] ; clk          ; clk         ; 0.000        ; 0.054      ; 0.519      ;
; 0.347 ; btn_counter[0] ; btn_counter[1] ; clk          ; clk         ; 0.000        ; 0.055      ; 0.546      ;
; 0.361 ; sec_u_count[0] ; sec_u_count[1] ; clk          ; clk         ; 0.000        ; 0.054      ; 0.559      ;
; 0.507 ; min_count[2]   ; min_count[3]   ; clk          ; clk         ; 0.000        ; 0.069      ; 0.720      ;
; 0.514 ; min_count[1]   ; min_count[2]   ; clk          ; clk         ; 0.000        ; 0.069      ; 0.727      ;
; 0.578 ; btn_prev       ; running        ; clk          ; clk         ; 0.000        ; 0.055      ; 0.777      ;
; 0.602 ; btn_counter[0] ; running        ; clk          ; clk         ; 0.000        ; 0.055      ; 0.801      ;
; 0.604 ; running        ; sec_t_count[0] ; clk          ; clk         ; 0.000        ; 0.055      ; 0.803      ;
; 0.682 ; sec_t_count[1] ; sec_t_count[2] ; clk          ; clk         ; 0.000        ; 0.055      ; 0.881      ;
; 0.682 ; sec_t_count[0] ; sec_t_count[2] ; clk          ; clk         ; 0.000        ; 0.055      ; 0.881      ;
; 0.689 ; running        ; sec_u_count[2] ; clk          ; clk         ; 0.000        ; 0.054      ; 0.887      ;
; 0.690 ; sec_u_count[0] ; sec_u_count[3] ; clk          ; clk         ; 0.000        ; 0.054      ; 0.888      ;
; 0.694 ; sec_u_count[0] ; sec_u_count[2] ; clk          ; clk         ; 0.000        ; 0.054      ; 0.892      ;
; 0.694 ; sec_t_count[0] ; sec_t_count[1] ; clk          ; clk         ; 0.000        ; 0.055      ; 0.893      ;
; 0.702 ; sec_t_count[1] ; min_count[1]   ; clk          ; clk         ; 0.000        ; 0.387      ; 1.233      ;
; 0.703 ; sec_t_count[1] ; min_count[2]   ; clk          ; clk         ; 0.000        ; 0.387      ; 1.234      ;
; 0.706 ; btn_counter[1] ; btn_counter[0] ; clk          ; clk         ; 0.000        ; 0.055      ; 0.905      ;
; 0.707 ; sec_t_count[1] ; min_count[3]   ; clk          ; clk         ; 0.000        ; 0.387      ; 1.238      ;
; 0.707 ; sec_t_count[1] ; min_count[0]   ; clk          ; clk         ; 0.000        ; 0.387      ; 1.238      ;
; 0.714 ; running        ; sec_u_count[0] ; clk          ; clk         ; 0.000        ; 0.054      ; 0.912      ;
; 0.734 ; btn_counter[1] ; sec_u_count[0] ; clk          ; clk         ; 0.000        ; 0.054      ; 0.932      ;
; 0.740 ; btn_counter[1] ; running        ; clk          ; clk         ; 0.000        ; 0.055      ; 0.939      ;
; 0.748 ; btn_counter[1] ; sec_u_count[2] ; clk          ; clk         ; 0.000        ; 0.054      ; 0.946      ;
; 0.783 ; sec_u_count[1] ; sec_u_count[3] ; clk          ; clk         ; 0.000        ; 0.054      ; 0.981      ;
; 0.784 ; btn_counter[1] ; sec_t_count[0] ; clk          ; clk         ; 0.000        ; 0.055      ; 0.983      ;
; 0.784 ; sec_u_count[1] ; sec_u_count[2] ; clk          ; clk         ; 0.000        ; 0.054      ; 0.982      ;
; 0.787 ; sec_t_count[0] ; min_count[2]   ; clk          ; clk         ; 0.000        ; 0.387      ; 1.318      ;
; 0.788 ; sec_t_count[0] ; min_count[1]   ; clk          ; clk         ; 0.000        ; 0.387      ; 1.319      ;
; 0.790 ; sec_t_count[0] ; min_count[3]   ; clk          ; clk         ; 0.000        ; 0.387      ; 1.321      ;
; 0.790 ; sec_t_count[0] ; min_count[0]   ; clk          ; clk         ; 0.000        ; 0.387      ; 1.321      ;
; 0.821 ; sec_u_count[0] ; sec_t_count[0] ; clk          ; clk         ; 0.000        ; 0.055      ; 1.020      ;
; 0.826 ; min_count[0]   ; min_count[1]   ; clk          ; clk         ; 0.000        ; 0.069      ; 1.039      ;
; 0.828 ; min_count[0]   ; min_count[2]   ; clk          ; clk         ; 0.000        ; 0.069      ; 1.041      ;
; 0.846 ; sec_u_count[3] ; sec_u_count[3] ; clk          ; clk         ; 0.000        ; 0.054      ; 1.044      ;
; 0.854 ; sec_u_count[2] ; sec_u_count[3] ; clk          ; clk         ; 0.000        ; 0.054      ; 1.052      ;
; 0.855 ; sec_u_count[2] ; sec_u_count[2] ; clk          ; clk         ; 0.000        ; 0.054      ; 1.053      ;
; 0.861 ; running        ; min_count[2]   ; clk          ; clk         ; 0.000        ; 0.387      ; 1.392      ;
; 0.862 ; running        ; min_count[1]   ; clk          ; clk         ; 0.000        ; 0.387      ; 1.393      ;
; 0.864 ; running        ; min_count[3]   ; clk          ; clk         ; 0.000        ; 0.387      ; 1.395      ;
; 0.864 ; running        ; min_count[0]   ; clk          ; clk         ; 0.000        ; 0.387      ; 1.395      ;
; 0.867 ; sec_u_count[3] ; sec_u_count[2] ; clk          ; clk         ; 0.000        ; 0.054      ; 1.065      ;
; 0.873 ; min_count[1]   ; min_count[3]   ; clk          ; clk         ; 0.000        ; 0.069      ; 1.086      ;
; 0.886 ; running        ; sec_u_count[3] ; clk          ; clk         ; 0.000        ; 0.054      ; 1.084      ;
; 0.889 ; running        ; sec_t_count[1] ; clk          ; clk         ; 0.000        ; 0.055      ; 1.088      ;
; 0.890 ; running        ; sec_t_count[2] ; clk          ; clk         ; 0.000        ; 0.055      ; 1.089      ;
; 0.894 ; sec_t_count[2] ; sec_t_count[1] ; clk          ; clk         ; 0.000        ; 0.055      ; 1.093      ;
; 0.900 ; btn_counter[1] ; sec_u_count[3] ; clk          ; clk         ; 0.000        ; 0.054      ; 1.098      ;
; 0.917 ; sec_t_count[2] ; min_count[2]   ; clk          ; clk         ; 0.000        ; 0.387      ; 1.448      ;
; 0.918 ; sec_t_count[2] ; min_count[1]   ; clk          ; clk         ; 0.000        ; 0.387      ; 1.449      ;
; 0.920 ; sec_t_count[2] ; min_count[3]   ; clk          ; clk         ; 0.000        ; 0.387      ; 1.451      ;
; 0.920 ; sec_t_count[2] ; min_count[0]   ; clk          ; clk         ; 0.000        ; 0.387      ; 1.451      ;
; 0.920 ; sec_u_count[1] ; sec_t_count[0] ; clk          ; clk         ; 0.000        ; 0.055      ; 1.119      ;
; 0.973 ; sec_u_count[0] ; min_count[2]   ; clk          ; clk         ; 0.000        ; 0.387      ; 1.504      ;
; 0.974 ; sec_u_count[0] ; min_count[1]   ; clk          ; clk         ; 0.000        ; 0.387      ; 1.505      ;
; 0.976 ; sec_u_count[0] ; min_count[3]   ; clk          ; clk         ; 0.000        ; 0.387      ; 1.507      ;
; 0.976 ; sec_u_count[0] ; min_count[0]   ; clk          ; clk         ; 0.000        ; 0.387      ; 1.507      ;
; 0.981 ; running        ; sec_u_count[1] ; clk          ; clk         ; 0.000        ; 0.054      ; 1.179      ;
; 0.991 ; sec_u_count[2] ; sec_t_count[0] ; clk          ; clk         ; 0.000        ; 0.055      ; 1.190      ;
; 0.994 ; sec_u_count[3] ; sec_t_count[0] ; clk          ; clk         ; 0.000        ; 0.055      ; 1.193      ;
; 1.015 ; sec_u_count[2] ; sec_u_count[1] ; clk          ; clk         ; 0.000        ; 0.054      ; 1.213      ;
; 1.030 ; btn_counter[1] ; min_count[1]   ; clk          ; clk         ; 0.000        ; 0.387      ; 1.561      ;
; 1.030 ; btn_counter[1] ; sec_t_count[1] ; clk          ; clk         ; 0.000        ; 0.055      ; 1.229      ;
; 1.031 ; btn_counter[1] ; min_count[2]   ; clk          ; clk         ; 0.000        ; 0.387      ; 1.562      ;
; 1.031 ; btn_counter[1] ; sec_t_count[2] ; clk          ; clk         ; 0.000        ; 0.055      ; 1.230      ;
; 1.035 ; btn_counter[1] ; min_count[3]   ; clk          ; clk         ; 0.000        ; 0.387      ; 1.566      ;
; 1.035 ; btn_counter[1] ; min_count[0]   ; clk          ; clk         ; 0.000        ; 0.387      ; 1.566      ;
; 1.067 ; sec_u_count[3] ; sec_u_count[1] ; clk          ; clk         ; 0.000        ; 0.054      ; 1.265      ;
; 1.081 ; sec_u_count[1] ; min_count[1]   ; clk          ; clk         ; 0.000        ; 0.387      ; 1.612      ;
; 1.082 ; sec_u_count[1] ; min_count[2]   ; clk          ; clk         ; 0.000        ; 0.387      ; 1.613      ;
; 1.086 ; sec_u_count[1] ; min_count[3]   ; clk          ; clk         ; 0.000        ; 0.387      ; 1.617      ;
; 1.086 ; sec_u_count[1] ; min_count[0]   ; clk          ; clk         ; 0.000        ; 0.387      ; 1.617      ;
; 1.087 ; min_count[0]   ; min_count[3]   ; clk          ; clk         ; 0.000        ; 0.069      ; 1.300      ;
; 1.098 ; sec_u_count[0] ; sec_t_count[1] ; clk          ; clk         ; 0.000        ; 0.055      ; 1.297      ;
; 1.099 ; sec_u_count[0] ; sec_t_count[2] ; clk          ; clk         ; 0.000        ; 0.055      ; 1.298      ;
; 1.146 ; sec_u_count[3] ; min_count[2]   ; clk          ; clk         ; 0.000        ; 0.387      ; 1.677      ;
; 1.147 ; sec_u_count[3] ; min_count[1]   ; clk          ; clk         ; 0.000        ; 0.387      ; 1.678      ;
; 1.149 ; sec_u_count[3] ; min_count[3]   ; clk          ; clk         ; 0.000        ; 0.387      ; 1.680      ;
; 1.149 ; sec_u_count[3] ; min_count[0]   ; clk          ; clk         ; 0.000        ; 0.387      ; 1.680      ;
; 1.152 ; sec_u_count[2] ; min_count[1]   ; clk          ; clk         ; 0.000        ; 0.387      ; 1.683      ;
; 1.153 ; sec_u_count[2] ; min_count[2]   ; clk          ; clk         ; 0.000        ; 0.387      ; 1.684      ;
; 1.157 ; sec_u_count[2] ; min_count[3]   ; clk          ; clk         ; 0.000        ; 0.387      ; 1.688      ;
; 1.157 ; sec_u_count[2] ; min_count[0]   ; clk          ; clk         ; 0.000        ; 0.387      ; 1.688      ;
; 1.159 ; btn_counter[1] ; sec_u_count[1] ; clk          ; clk         ; 0.000        ; 0.054      ; 1.357      ;
; 1.194 ; sec_u_count[1] ; sec_t_count[1] ; clk          ; clk         ; 0.000        ; 0.055      ; 1.393      ;
; 1.195 ; sec_u_count[1] ; sec_t_count[2] ; clk          ; clk         ; 0.000        ; 0.055      ; 1.394      ;
; 1.265 ; sec_u_count[2] ; sec_t_count[1] ; clk          ; clk         ; 0.000        ; 0.055      ; 1.464      ;
; 1.266 ; sec_u_count[2] ; sec_t_count[2] ; clk          ; clk         ; 0.000        ; 0.055      ; 1.465      ;
; 1.271 ; sec_u_count[3] ; sec_t_count[1] ; clk          ; clk         ; 0.000        ; 0.055      ; 1.470      ;
; 1.272 ; sec_u_count[3] ; sec_t_count[2] ; clk          ; clk         ; 0.000        ; 0.055      ; 1.471      ;
+-------+----------------+----------------+--------------+-------------+--------------+------------+------------+


+------------------------------------------------------------------------------------------------------------+
; Slow 1200mV 0C Model Minimum Pulse Width: 'clk'                                                            ;
+--------+--------------+----------------+------------------+-------+------------+---------------------------+
; Slack  ; Actual Width ; Required Width ; Type             ; Clock ; Clock Edge ; Target                    ;
+--------+--------------+----------------+------------------+-------+------------+---------------------------+
; -3.000 ; 1.000        ; 4.000          ; Port Rate        ; clk   ; Rise       ; clk                       ;
; -1.000 ; 1.000        ; 2.000          ; Min Period       ; clk   ; Rise       ; btn_counter[0]            ;
; -1.000 ; 1.000        ; 2.000          ; Min Period       ; clk   ; Rise       ; btn_counter[1]            ;
; -1.000 ; 1.000        ; 2.000          ; Min Period       ; clk   ; Rise       ; btn_prev                  ;
; -1.000 ; 1.000        ; 2.000          ; Min Period       ; clk   ; Rise       ; min_count[0]              ;
; -1.000 ; 1.000        ; 2.000          ; Min Period       ; clk   ; Rise       ; min_count[1]              ;
; -1.000 ; 1.000        ; 2.000          ; Min Period       ; clk   ; Rise       ; min_count[2]              ;
; -1.000 ; 1.000        ; 2.000          ; Min Period       ; clk   ; Rise       ; min_count[3]              ;
; -1.000 ; 1.000        ; 2.000          ; Min Period       ; clk   ; Rise       ; running                   ;
; -1.000 ; 1.000        ; 2.000          ; Min Period       ; clk   ; Rise       ; sec_t_count[0]            ;
; -1.000 ; 1.000        ; 2.000          ; Min Period       ; clk   ; Rise       ; sec_t_count[1]            ;
; -1.000 ; 1.000        ; 2.000          ; Min Period       ; clk   ; Rise       ; sec_t_count[2]            ;
; -1.000 ; 1.000        ; 2.000          ; Min Period       ; clk   ; Rise       ; sec_u_count[0]            ;
; -1.000 ; 1.000        ; 2.000          ; Min Period       ; clk   ; Rise       ; sec_u_count[1]            ;
; -1.000 ; 1.000        ; 2.000          ; Min Period       ; clk   ; Rise       ; sec_u_count[2]            ;
; -1.000 ; 1.000        ; 2.000          ; Min Period       ; clk   ; Rise       ; sec_u_count[3]            ;
; 0.181  ; 0.365        ; 0.184          ; Low Pulse Width  ; clk   ; Rise       ; btn_counter[0]            ;
; 0.181  ; 0.365        ; 0.184          ; Low Pulse Width  ; clk   ; Rise       ; btn_counter[1]            ;
; 0.181  ; 0.365        ; 0.184          ; Low Pulse Width  ; clk   ; Rise       ; btn_prev                  ;
; 0.181  ; 0.365        ; 0.184          ; Low Pulse Width  ; clk   ; Rise       ; running                   ;
; 0.181  ; 0.365        ; 0.184          ; Low Pulse Width  ; clk   ; Rise       ; sec_t_count[0]            ;
; 0.181  ; 0.365        ; 0.184          ; Low Pulse Width  ; clk   ; Rise       ; sec_t_count[1]            ;
; 0.181  ; 0.365        ; 0.184          ; Low Pulse Width  ; clk   ; Rise       ; sec_t_count[2]            ;
; 0.182  ; 0.366        ; 0.184          ; Low Pulse Width  ; clk   ; Rise       ; sec_u_count[0]            ;
; 0.182  ; 0.366        ; 0.184          ; Low Pulse Width  ; clk   ; Rise       ; sec_u_count[1]            ;
; 0.182  ; 0.366        ; 0.184          ; Low Pulse Width  ; clk   ; Rise       ; sec_u_count[2]            ;
; 0.182  ; 0.366        ; 0.184          ; Low Pulse Width  ; clk   ; Rise       ; sec_u_count[3]            ;
; 0.183  ; 0.367        ; 0.184          ; Low Pulse Width  ; clk   ; Rise       ; min_count[0]              ;
; 0.183  ; 0.367        ; 0.184          ; Low Pulse Width  ; clk   ; Rise       ; min_count[1]              ;
; 0.183  ; 0.367        ; 0.184          ; Low Pulse Width  ; clk   ; Rise       ; min_count[2]              ;
; 0.183  ; 0.367        ; 0.184          ; Low Pulse Width  ; clk   ; Rise       ; min_count[3]              ;
; 0.339  ; 0.339        ; 0.000          ; Low Pulse Width  ; clk   ; Rise       ; clk~input|o               ;
; 0.341  ; 0.341        ; 0.000          ; Low Pulse Width  ; clk   ; Rise       ; btn_counter[0]|clk        ;
; 0.341  ; 0.341        ; 0.000          ; Low Pulse Width  ; clk   ; Rise       ; btn_counter[1]|clk        ;
; 0.341  ; 0.341        ; 0.000          ; Low Pulse Width  ; clk   ; Rise       ; btn_prev|clk              ;
; 0.341  ; 0.341        ; 0.000          ; Low Pulse Width  ; clk   ; Rise       ; running|clk               ;
; 0.341  ; 0.341        ; 0.000          ; Low Pulse Width  ; clk   ; Rise       ; sec_t_count[0]|clk        ;
; 0.341  ; 0.341        ; 0.000          ; Low Pulse Width  ; clk   ; Rise       ; sec_t_count[1]|clk        ;
; 0.341  ; 0.341        ; 0.000          ; Low Pulse Width  ; clk   ; Rise       ; sec_t_count[2]|clk        ;
; 0.342  ; 0.342        ; 0.000          ; Low Pulse Width  ; clk   ; Rise       ; sec_u_count[0]|clk        ;
; 0.342  ; 0.342        ; 0.000          ; Low Pulse Width  ; clk   ; Rise       ; sec_u_count[1]|clk        ;
; 0.342  ; 0.342        ; 0.000          ; Low Pulse Width  ; clk   ; Rise       ; sec_u_count[2]|clk        ;
; 0.342  ; 0.342        ; 0.000          ; Low Pulse Width  ; clk   ; Rise       ; sec_u_count[3]|clk        ;
; 0.343  ; 0.343        ; 0.000          ; Low Pulse Width  ; clk   ; Rise       ; min_count[0]|clk          ;
; 0.343  ; 0.343        ; 0.000          ; Low Pulse Width  ; clk   ; Rise       ; min_count[1]|clk          ;
; 0.343  ; 0.343        ; 0.000          ; Low Pulse Width  ; clk   ; Rise       ; min_count[2]|clk          ;
; 0.343  ; 0.343        ; 0.000          ; Low Pulse Width  ; clk   ; Rise       ; min_count[3]|clk          ;
; 0.348  ; 0.348        ; 0.000          ; Low Pulse Width  ; clk   ; Rise       ; clk~inputclkctrl|inclk[0] ;
; 0.348  ; 0.348        ; 0.000          ; Low Pulse Width  ; clk   ; Rise       ; clk~inputclkctrl|outclk   ;
; 0.415  ; 0.631        ; 0.216          ; High Pulse Width ; clk   ; Rise       ; min_count[0]              ;
; 0.415  ; 0.631        ; 0.216          ; High Pulse Width ; clk   ; Rise       ; min_count[1]              ;
; 0.415  ; 0.631        ; 0.216          ; High Pulse Width ; clk   ; Rise       ; min_count[2]              ;
; 0.415  ; 0.631        ; 0.216          ; High Pulse Width ; clk   ; Rise       ; min_count[3]              ;
; 0.418  ; 0.634        ; 0.216          ; High Pulse Width ; clk   ; Rise       ; btn_counter[0]            ;
; 0.418  ; 0.634        ; 0.216          ; High Pulse Width ; clk   ; Rise       ; btn_counter[1]            ;
; 0.418  ; 0.634        ; 0.216          ; High Pulse Width ; clk   ; Rise       ; btn_prev                  ;
; 0.418  ; 0.634        ; 0.216          ; High Pulse Width ; clk   ; Rise       ; running                   ;
; 0.418  ; 0.634        ; 0.216          ; High Pulse Width ; clk   ; Rise       ; sec_t_count[0]            ;
; 0.418  ; 0.634        ; 0.216          ; High Pulse Width ; clk   ; Rise       ; sec_t_count[1]            ;
; 0.418  ; 0.634        ; 0.216          ; High Pulse Width ; clk   ; Rise       ; sec_t_count[2]            ;
; 0.418  ; 0.634        ; 0.216          ; High Pulse Width ; clk   ; Rise       ; sec_u_count[0]            ;
; 0.418  ; 0.634        ; 0.216          ; High Pulse Width ; clk   ; Rise       ; sec_u_count[1]            ;
; 0.418  ; 0.634        ; 0.216          ; High Pulse Width ; clk   ; Rise       ; sec_u_count[2]            ;
; 0.418  ; 0.634        ; 0.216          ; High Pulse Width ; clk   ; Rise       ; sec_u_count[3]            ;
; 0.500  ; 0.500        ; 0.000          ; High Pulse Width ; clk   ; Rise       ; clk~input|i               ;
; 0.500  ; 0.500        ; 0.000          ; Low Pulse Width  ; clk   ; Rise       ; clk~input|i               ;
; 0.651  ; 0.651        ; 0.000          ; High Pulse Width ; clk   ; Rise       ; clk~inputclkctrl|inclk[0] ;
; 0.651  ; 0.651        ; 0.000          ; High Pulse Width ; clk   ; Rise       ; clk~inputclkctrl|outclk   ;
; 0.655  ; 0.655        ; 0.000          ; High Pulse Width ; clk   ; Rise       ; min_count[0]|clk          ;
; 0.655  ; 0.655        ; 0.000          ; High Pulse Width ; clk   ; Rise       ; min_count[1]|clk          ;
; 0.655  ; 0.655        ; 0.000          ; High Pulse Width ; clk   ; Rise       ; min_count[2]|clk          ;
; 0.655  ; 0.655        ; 0.000          ; High Pulse Width ; clk   ; Rise       ; min_count[3]|clk          ;
; 0.658  ; 0.658        ; 0.000          ; High Pulse Width ; clk   ; Rise       ; btn_counter[0]|clk        ;
; 0.658  ; 0.658        ; 0.000          ; High Pulse Width ; clk   ; Rise       ; btn_counter[1]|clk        ;
; 0.658  ; 0.658        ; 0.000          ; High Pulse Width ; clk   ; Rise       ; btn_prev|clk              ;
; 0.658  ; 0.658        ; 0.000          ; High Pulse Width ; clk   ; Rise       ; running|clk               ;
; 0.658  ; 0.658        ; 0.000          ; High Pulse Width ; clk   ; Rise       ; sec_t_count[0]|clk        ;
; 0.658  ; 0.658        ; 0.000          ; High Pulse Width ; clk   ; Rise       ; sec_t_count[1]|clk        ;
; 0.658  ; 0.658        ; 0.000          ; High Pulse Width ; clk   ; Rise       ; sec_t_count[2]|clk        ;
; 0.658  ; 0.658        ; 0.000          ; High Pulse Width ; clk   ; Rise       ; sec_u_count[0]|clk        ;
; 0.658  ; 0.658        ; 0.000          ; High Pulse Width ; clk   ; Rise       ; sec_u_count[1]|clk        ;
; 0.658  ; 0.658        ; 0.000          ; High Pulse Width ; clk   ; Rise       ; sec_u_count[2]|clk        ;
; 0.658  ; 0.658        ; 0.000          ; High Pulse Width ; clk   ; Rise       ; sec_u_count[3]|clk        ;
; 0.661  ; 0.661        ; 0.000          ; High Pulse Width ; clk   ; Rise       ; clk~input|o               ;
+--------+--------------+----------------+------------------+-------+------------+---------------------------+


+-----------------------------------------------------------------------+
; Setup Times                                                           ;
+-----------+------------+-------+-------+------------+-----------------+
; Data Port ; Clock Port ; Rise  ; Fall  ; Clock Edge ; Clock Reference ;
+-----------+------------+-------+-------+------------+-----------------+
; btn       ; clk        ; 2.056 ; 2.441 ; Rise       ; clk             ;
+-----------+------------+-------+-------+------------+-----------------+


+-------------------------------------------------------------------------+
; Hold Times                                                              ;
+-----------+------------+--------+--------+------------+-----------------+
; Data Port ; Clock Port ; Rise   ; Fall   ; Clock Edge ; Clock Reference ;
+-----------+------------+--------+--------+------------+-----------------+
; btn       ; clk        ; -0.885 ; -1.244 ; Rise       ; clk             ;
+-----------+------------+--------+--------+------------+-----------------+


+-------------------------------------------------------------------------------+
; Clock to Output Times                                                         ;
+-------------------+------------+-------+-------+------------+-----------------+
; Data Port         ; Clock Port ; Rise  ; Fall  ; Clock Edge ; Clock Reference ;
+-------------------+------------+-------+-------+------------+-----------------+
; ssd_min[*]        ; clk        ; 6.401 ; 6.285 ; Rise       ; clk             ;
;  ssd_min[0]       ; clk        ; 6.121 ; 6.144 ; Rise       ; clk             ;
;  ssd_min[1]       ; clk        ; 6.141 ; 6.165 ; Rise       ; clk             ;
;  ssd_min[2]       ; clk        ; 6.063 ; 6.108 ; Rise       ; clk             ;
;  ssd_min[3]       ; clk        ; 6.125 ; 6.144 ; Rise       ; clk             ;
;  ssd_min[4]       ; clk        ; 6.249 ; 6.285 ; Rise       ; clk             ;
;  ssd_min[5]       ; clk        ; 6.086 ; 6.131 ; Rise       ; clk             ;
;  ssd_min[6]       ; clk        ; 6.401 ; 6.267 ; Rise       ; clk             ;
; ssd_sec_tens[*]   ; clk        ; 5.735 ; 5.775 ; Rise       ; clk             ;
;  ssd_sec_tens[0]  ; clk        ; 5.670 ; 5.600 ; Rise       ; clk             ;
;  ssd_sec_tens[1]  ; clk        ; 5.735 ; 5.628 ; Rise       ; clk             ;
;  ssd_sec_tens[2]  ; clk        ; 5.593 ; 5.701 ; Rise       ; clk             ;
;  ssd_sec_tens[3]  ; clk        ; 5.657 ; 5.723 ; Rise       ; clk             ;
;  ssd_sec_tens[4]  ; clk        ; 5.598 ; 5.669 ; Rise       ; clk             ;
;  ssd_sec_tens[5]  ; clk        ; 5.673 ; 5.775 ; Rise       ; clk             ;
;  ssd_sec_tens[6]  ; clk        ; 5.733 ; 5.667 ; Rise       ; clk             ;
; ssd_sec_units[*]  ; clk        ; 7.198 ; 7.131 ; Rise       ; clk             ;
;  ssd_sec_units[0] ; clk        ; 5.832 ; 5.946 ; Rise       ; clk             ;
;  ssd_sec_units[1] ; clk        ; 5.795 ; 5.859 ; Rise       ; clk             ;
;  ssd_sec_units[2] ; clk        ; 7.198 ; 7.131 ; Rise       ; clk             ;
;  ssd_sec_units[3] ; clk        ; 5.844 ; 5.959 ; Rise       ; clk             ;
;  ssd_sec_units[4] ; clk        ; 5.845 ; 5.865 ; Rise       ; clk             ;
;  ssd_sec_units[5] ; clk        ; 5.819 ; 5.933 ; Rise       ; clk             ;
;  ssd_sec_units[6] ; clk        ; 5.878 ; 5.800 ; Rise       ; clk             ;
+-------------------+------------+-------+-------+------------+-----------------+


+-------------------------------------------------------------------------------+
; Minimum Clock to Output Times                                                 ;
+-------------------+------------+-------+-------+------------+-----------------+
; Data Port         ; Clock Port ; Rise  ; Fall  ; Clock Edge ; Clock Reference ;
+-------------------+------------+-------+-------+------------+-----------------+
; ssd_min[*]        ; clk        ; 5.520 ; 5.631 ; Rise       ; clk             ;
;  ssd_min[0]       ; clk        ; 5.557 ; 5.651 ; Rise       ; clk             ;
;  ssd_min[1]       ; clk        ; 5.572 ; 5.669 ; Rise       ; clk             ;
;  ssd_min[2]       ; clk        ; 5.520 ; 5.657 ; Rise       ; clk             ;
;  ssd_min[3]       ; clk        ; 5.554 ; 5.643 ; Rise       ; clk             ;
;  ssd_min[4]       ; clk        ; 5.715 ; 5.783 ; Rise       ; clk             ;
;  ssd_min[5]       ; clk        ; 5.582 ; 5.631 ; Rise       ; clk             ;
;  ssd_min[6]       ; clk        ; 5.865 ; 5.701 ; Rise       ; clk             ;
; ssd_sec_tens[*]   ; clk        ; 5.231 ; 5.202 ; Rise       ; clk             ;
;  ssd_sec_tens[0]  ; clk        ; 5.298 ; 5.202 ; Rise       ; clk             ;
;  ssd_sec_tens[1]  ; clk        ; 5.479 ; 5.407 ; Rise       ; clk             ;
;  ssd_sec_tens[2]  ; clk        ; 5.387 ; 5.458 ; Rise       ; clk             ;
;  ssd_sec_tens[3]  ; clk        ; 5.258 ; 5.348 ; Rise       ; clk             ;
;  ssd_sec_tens[4]  ; clk        ; 5.231 ; 5.296 ; Rise       ; clk             ;
;  ssd_sec_tens[5]  ; clk        ; 5.493 ; 5.521 ; Rise       ; clk             ;
;  ssd_sec_tens[6]  ; clk        ; 5.480 ; 5.432 ; Rise       ; clk             ;
; ssd_sec_units[*]  ; clk        ; 5.416 ; 5.382 ; Rise       ; clk             ;
;  ssd_sec_units[0] ; clk        ; 5.433 ; 5.524 ; Rise       ; clk             ;
;  ssd_sec_units[1] ; clk        ; 5.416 ; 5.505 ; Rise       ; clk             ;
;  ssd_sec_units[2] ; clk        ; 6.822 ; 6.779 ; Rise       ; clk             ;
;  ssd_sec_units[3] ; clk        ; 5.444 ; 5.539 ; Rise       ; clk             ;
;  ssd_sec_units[4] ; clk        ; 5.435 ; 5.523 ; Rise       ; clk             ;
;  ssd_sec_units[5] ; clk        ; 5.431 ; 5.510 ; Rise       ; clk             ;
;  ssd_sec_units[6] ; clk        ; 5.471 ; 5.382 ; Rise       ; clk             ;
+-------------------+------------+-------+-------+------------+-----------------+


---------------------------------------------
; Slow 1200mV 0C Model Metastability Report ;
---------------------------------------------
No synchronizer chains to report.


+------------------------------------+
; Fast 1200mV 0C Model Setup Summary ;
+-------+--------+-------------------+
; Clock ; Slack  ; End Point TNS     ;
+-------+--------+-------------------+
; clk   ; -0.268 ; -1.528            ;
+-------+--------+-------------------+


+-----------------------------------+
; Fast 1200mV 0C Model Hold Summary ;
+-------+-------+-------------------+
; Clock ; Slack ; End Point TNS     ;
+-------+-------+-------------------+
; clk   ; 0.179 ; 0.000             ;
+-------+-------+-------------------+


-----------------------------------------
; Fast 1200mV 0C Model Recovery Summary ;
-----------------------------------------
No paths to report.


----------------------------------------
; Fast 1200mV 0C Model Removal Summary ;
----------------------------------------
No paths to report.


+--------------------------------------------------+
; Fast 1200mV 0C Model Minimum Pulse Width Summary ;
+-------+--------+---------------------------------+
; Clock ; Slack  ; End Point TNS                   ;
+-------+--------+---------------------------------+
; clk   ; -3.000 ; -18.936                         ;
+-------+--------+---------------------------------+


+----------------------------------------------------------------------------------------------------------------+
; Fast 1200mV 0C Model Setup: 'clk'                                                                              ;
+--------+----------------+----------------+--------------+-------------+--------------+------------+------------+
; Slack  ; From Node      ; To Node        ; Launch Clock ; Latch Clock ; Relationship ; Clock Skew ; Data Delay ;
+--------+----------------+----------------+--------------+-------------+--------------+------------+------------+
; -0.268 ; sec_u_count[2] ; sec_t_count[0] ; clk          ; clk         ; 1.000        ; -0.035     ; 1.220      ;
; -0.268 ; sec_u_count[2] ; sec_t_count[2] ; clk          ; clk         ; 1.000        ; -0.035     ; 1.220      ;
; -0.268 ; sec_u_count[2] ; sec_t_count[1] ; clk          ; clk         ; 1.000        ; -0.035     ; 1.220      ;
; -0.217 ; sec_u_count[3] ; sec_t_count[0] ; clk          ; clk         ; 1.000        ; -0.035     ; 1.169      ;
; -0.217 ; sec_u_count[3] ; sec_t_count[2] ; clk          ; clk         ; 1.000        ; -0.035     ; 1.169      ;
; -0.217 ; sec_u_count[3] ; sec_t_count[1] ; clk          ; clk         ; 1.000        ; -0.035     ; 1.169      ;
; -0.206 ; sec_u_count[1] ; sec_t_count[0] ; clk          ; clk         ; 1.000        ; -0.035     ; 1.158      ;
; -0.206 ; sec_u_count[1] ; sec_t_count[2] ; clk          ; clk         ; 1.000        ; -0.035     ; 1.158      ;
; -0.206 ; sec_u_count[1] ; sec_t_count[1] ; clk          ; clk         ; 1.000        ; -0.035     ; 1.158      ;
; -0.167 ; sec_u_count[2] ; min_count[1]   ; clk          ; clk         ; 1.000        ; 0.152      ; 1.306      ;
; -0.167 ; sec_u_count[2] ; min_count[2]   ; clk          ; clk         ; 1.000        ; 0.152      ; 1.306      ;
; -0.167 ; sec_u_count[2] ; min_count[3]   ; clk          ; clk         ; 1.000        ; 0.152      ; 1.306      ;
; -0.167 ; sec_u_count[2] ; min_count[0]   ; clk          ; clk         ; 1.000        ; 0.152      ; 1.306      ;
; -0.128 ; running        ; min_count[1]   ; clk          ; clk         ; 1.000        ; 0.152      ; 1.267      ;
; -0.128 ; running        ; min_count[2]   ; clk          ; clk         ; 1.000        ; 0.152      ; 1.267      ;
; -0.128 ; running        ; min_count[3]   ; clk          ; clk         ; 1.000        ; 0.152      ; 1.267      ;
; -0.128 ; running        ; min_count[0]   ; clk          ; clk         ; 1.000        ; 0.152      ; 1.267      ;
; -0.117 ; min_count[0]   ; min_count[3]   ; clk          ; clk         ; 1.000        ; -0.044     ; 1.060      ;
; -0.114 ; min_count[0]   ; min_count[1]   ; clk          ; clk         ; 1.000        ; -0.044     ; 1.057      ;
; -0.113 ; min_count[0]   ; min_count[2]   ; clk          ; clk         ; 1.000        ; -0.044     ; 1.056      ;
; -0.113 ; min_count[0]   ; min_count[0]   ; clk          ; clk         ; 1.000        ; -0.044     ; 1.056      ;
; -0.113 ; sec_u_count[3] ; min_count[1]   ; clk          ; clk         ; 1.000        ; 0.152      ; 1.252      ;
; -0.113 ; sec_u_count[3] ; min_count[2]   ; clk          ; clk         ; 1.000        ; 0.152      ; 1.252      ;
; -0.113 ; sec_u_count[3] ; min_count[3]   ; clk          ; clk         ; 1.000        ; 0.152      ; 1.252      ;
; -0.113 ; sec_u_count[3] ; min_count[0]   ; clk          ; clk         ; 1.000        ; 0.152      ; 1.252      ;
; -0.110 ; btn_counter[1] ; sec_t_count[0] ; clk          ; clk         ; 1.000        ; -0.035     ; 1.062      ;
; -0.110 ; btn_counter[1] ; sec_t_count[2] ; clk          ; clk         ; 1.000        ; -0.035     ; 1.062      ;
; -0.110 ; btn_counter[1] ; sec_t_count[1] ; clk          ; clk         ; 1.000        ; -0.035     ; 1.062      ;
; -0.105 ; sec_u_count[1] ; min_count[1]   ; clk          ; clk         ; 1.000        ; 0.152      ; 1.244      ;
; -0.105 ; sec_u_count[1] ; min_count[2]   ; clk          ; clk         ; 1.000        ; 0.152      ; 1.244      ;
; -0.105 ; sec_u_count[1] ; min_count[3]   ; clk          ; clk         ; 1.000        ; 0.152      ; 1.244      ;
; -0.105 ; sec_u_count[1] ; min_count[0]   ; clk          ; clk         ; 1.000        ; 0.152      ; 1.244      ;
; -0.104 ; sec_u_count[0] ; sec_t_count[0] ; clk          ; clk         ; 1.000        ; -0.035     ; 1.056      ;
; -0.104 ; sec_u_count[0] ; sec_t_count[2] ; clk          ; clk         ; 1.000        ; -0.035     ; 1.056      ;
; -0.104 ; sec_u_count[0] ; sec_t_count[1] ; clk          ; clk         ; 1.000        ; -0.035     ; 1.056      ;
; -0.087 ; min_count[1]   ; min_count[3]   ; clk          ; clk         ; 1.000        ; -0.044     ; 1.030      ;
; -0.084 ; min_count[1]   ; min_count[2]   ; clk          ; clk         ; 1.000        ; -0.044     ; 1.027      ;
; -0.083 ; min_count[1]   ; min_count[1]   ; clk          ; clk         ; 1.000        ; -0.044     ; 1.026      ;
; -0.082 ; btn_counter[1] ; min_count[1]   ; clk          ; clk         ; 1.000        ; 0.152      ; 1.221      ;
; -0.082 ; btn_counter[1] ; min_count[2]   ; clk          ; clk         ; 1.000        ; 0.152      ; 1.221      ;
; -0.082 ; btn_counter[1] ; min_count[3]   ; clk          ; clk         ; 1.000        ; 0.152      ; 1.221      ;
; -0.082 ; btn_counter[1] ; min_count[0]   ; clk          ; clk         ; 1.000        ; 0.152      ; 1.221      ;
; -0.082 ; min_count[1]   ; min_count[0]   ; clk          ; clk         ; 1.000        ; -0.044     ; 1.025      ;
; -0.068 ; min_count[2]   ; min_count[3]   ; clk          ; clk         ; 1.000        ; -0.044     ; 1.011      ;
; -0.065 ; min_count[2]   ; min_count[2]   ; clk          ; clk         ; 1.000        ; -0.044     ; 1.008      ;
; -0.064 ; min_count[2]   ; min_count[1]   ; clk          ; clk         ; 1.000        ; -0.044     ; 1.007      ;
; -0.063 ; min_count[2]   ; min_count[0]   ; clk          ; clk         ; 1.000        ; -0.044     ; 1.006      ;
; -0.031 ; min_count[3]   ; min_count[3]   ; clk          ; clk         ; 1.000        ; -0.044     ; 0.974      ;
; -0.029 ; sec_t_count[2] ; min_count[1]   ; clk          ; clk         ; 1.000        ; 0.152      ; 1.168      ;
; -0.029 ; sec_t_count[2] ; min_count[2]   ; clk          ; clk         ; 1.000        ; 0.152      ; 1.168      ;
; -0.029 ; sec_t_count[2] ; min_count[3]   ; clk          ; clk         ; 1.000        ; 0.152      ; 1.168      ;
; -0.029 ; sec_t_count[2] ; min_count[0]   ; clk          ; clk         ; 1.000        ; 0.152      ; 1.168      ;
; -0.028 ; min_count[3]   ; min_count[2]   ; clk          ; clk         ; 1.000        ; -0.044     ; 0.971      ;
; -0.027 ; min_count[3]   ; min_count[1]   ; clk          ; clk         ; 1.000        ; -0.044     ; 0.970      ;
; -0.026 ; min_count[3]   ; min_count[0]   ; clk          ; clk         ; 1.000        ; -0.044     ; 0.969      ;
; -0.014 ; running        ; sec_u_count[0] ; clk          ; clk         ; 1.000        ; -0.036     ; 0.965      ;
; -0.014 ; running        ; sec_u_count[1] ; clk          ; clk         ; 1.000        ; -0.036     ; 0.965      ;
; -0.014 ; running        ; sec_u_count[2] ; clk          ; clk         ; 1.000        ; -0.036     ; 0.965      ;
; -0.014 ; running        ; sec_u_count[3] ; clk          ; clk         ; 1.000        ; -0.036     ; 0.965      ;
; 0.000  ; sec_u_count[0] ; min_count[1]   ; clk          ; clk         ; 1.000        ; 0.152      ; 1.139      ;
; 0.000  ; sec_u_count[0] ; min_count[2]   ; clk          ; clk         ; 1.000        ; 0.152      ; 1.139      ;
; 0.000  ; sec_u_count[0] ; min_count[3]   ; clk          ; clk         ; 1.000        ; 0.152      ; 1.139      ;
; 0.000  ; sec_u_count[0] ; min_count[0]   ; clk          ; clk         ; 1.000        ; 0.152      ; 1.139      ;
; 0.015  ; running        ; sec_t_count[0] ; clk          ; clk         ; 1.000        ; -0.035     ; 0.937      ;
; 0.015  ; running        ; sec_t_count[2] ; clk          ; clk         ; 1.000        ; -0.035     ; 0.937      ;
; 0.015  ; running        ; sec_t_count[1] ; clk          ; clk         ; 1.000        ; -0.035     ; 0.937      ;
; 0.032  ; btn_counter[1] ; sec_u_count[0] ; clk          ; clk         ; 1.000        ; -0.036     ; 0.919      ;
; 0.032  ; btn_counter[1] ; sec_u_count[1] ; clk          ; clk         ; 1.000        ; -0.036     ; 0.919      ;
; 0.032  ; btn_counter[1] ; sec_u_count[2] ; clk          ; clk         ; 1.000        ; -0.036     ; 0.919      ;
; 0.032  ; btn_counter[1] ; sec_u_count[3] ; clk          ; clk         ; 1.000        ; -0.036     ; 0.919      ;
; 0.048  ; sec_u_count[2] ; sec_u_count[1] ; clk          ; clk         ; 1.000        ; -0.036     ; 0.903      ;
; 0.059  ; sec_u_count[2] ; sec_u_count[2] ; clk          ; clk         ; 1.000        ; -0.036     ; 0.892      ;
; 0.071  ; sec_u_count[2] ; sec_u_count[3] ; clk          ; clk         ; 1.000        ; -0.036     ; 0.880      ;
; 0.083  ; sec_t_count[0] ; min_count[1]   ; clk          ; clk         ; 1.000        ; 0.152      ; 1.056      ;
; 0.083  ; sec_t_count[0] ; min_count[2]   ; clk          ; clk         ; 1.000        ; 0.152      ; 1.056      ;
; 0.083  ; sec_t_count[0] ; min_count[3]   ; clk          ; clk         ; 1.000        ; 0.152      ; 1.056      ;
; 0.083  ; sec_t_count[0] ; min_count[0]   ; clk          ; clk         ; 1.000        ; 0.152      ; 1.056      ;
; 0.110  ; sec_u_count[1] ; sec_u_count[1] ; clk          ; clk         ; 1.000        ; -0.036     ; 0.841      ;
; 0.114  ; sec_t_count[1] ; min_count[1]   ; clk          ; clk         ; 1.000        ; 0.152      ; 1.025      ;
; 0.114  ; sec_t_count[1] ; min_count[2]   ; clk          ; clk         ; 1.000        ; 0.152      ; 1.025      ;
; 0.114  ; sec_t_count[1] ; min_count[3]   ; clk          ; clk         ; 1.000        ; 0.152      ; 1.025      ;
; 0.114  ; sec_t_count[1] ; min_count[0]   ; clk          ; clk         ; 1.000        ; 0.152      ; 1.025      ;
; 0.119  ; sec_u_count[3] ; sec_u_count[1] ; clk          ; clk         ; 1.000        ; -0.036     ; 0.832      ;
; 0.126  ; btn_counter[1] ; running        ; clk          ; clk         ; 1.000        ; -0.035     ; 0.826      ;
; 0.150  ; sec_u_count[1] ; sec_u_count[3] ; clk          ; clk         ; 1.000        ; -0.036     ; 0.801      ;
; 0.168  ; sec_u_count[0] ; sec_u_count[3] ; clk          ; clk         ; 1.000        ; -0.036     ; 0.783      ;
; 0.169  ; sec_u_count[0] ; sec_u_count[2] ; clk          ; clk         ; 1.000        ; -0.036     ; 0.782      ;
; 0.198  ; running        ; running        ; clk          ; clk         ; 1.000        ; -0.035     ; 0.754      ;
; 0.207  ; sec_t_count[2] ; sec_t_count[1] ; clk          ; clk         ; 1.000        ; -0.035     ; 0.745      ;
; 0.223  ; sec_u_count[0] ; sec_u_count[1] ; clk          ; clk         ; 1.000        ; -0.036     ; 0.728      ;
; 0.235  ; sec_u_count[1] ; sec_u_count[2] ; clk          ; clk         ; 1.000        ; -0.036     ; 0.716      ;
; 0.241  ; sec_u_count[3] ; sec_u_count[3] ; clk          ; clk         ; 1.000        ; -0.036     ; 0.710      ;
; 0.247  ; sec_u_count[3] ; sec_u_count[2] ; clk          ; clk         ; 1.000        ; -0.036     ; 0.704      ;
; 0.278  ; btn_counter[1] ; btn_counter[0] ; clk          ; clk         ; 1.000        ; -0.035     ; 0.674      ;
; 0.308  ; sec_t_count[0] ; sec_t_count[1] ; clk          ; clk         ; 1.000        ; -0.035     ; 0.644      ;
; 0.311  ; sec_t_count[0] ; sec_t_count[2] ; clk          ; clk         ; 1.000        ; -0.035     ; 0.641      ;
; 0.320  ; sec_t_count[1] ; sec_t_count[2] ; clk          ; clk         ; 1.000        ; -0.035     ; 0.632      ;
; 0.401  ; btn_counter[0] ; running        ; clk          ; clk         ; 1.000        ; -0.035     ; 0.551      ;
; 0.421  ; btn_prev       ; running        ; clk          ; clk         ; 1.000        ; -0.035     ; 0.531      ;
; 0.572  ; btn_counter[0] ; btn_counter[1] ; clk          ; clk         ; 1.000        ; -0.035     ; 0.380      ;
+--------+----------------+----------------+--------------+-------------+--------------+------------+------------+


+---------------------------------------------------------------------------------------------------------------+
; Fast 1200mV 0C Model Hold: 'clk'                                                                              ;
+-------+----------------+----------------+--------------+-------------+--------------+------------+------------+
; Slack ; From Node      ; To Node        ; Launch Clock ; Latch Clock ; Relationship ; Clock Skew ; Data Delay ;
+-------+----------------+----------------+--------------+-------------+--------------+------------+------------+
; 0.179 ; min_count[1]   ; min_count[1]   ; clk          ; clk         ; 0.000        ; 0.044      ; 0.307      ;
; 0.179 ; min_count[2]   ; min_count[2]   ; clk          ; clk         ; 0.000        ; 0.044      ; 0.307      ;
; 0.179 ; min_count[3]   ; min_count[3]   ; clk          ; clk         ; 0.000        ; 0.044      ; 0.307      ;
; 0.186 ; min_count[0]   ; min_count[0]   ; clk          ; clk         ; 0.000        ; 0.044      ; 0.314      ;
; 0.187 ; sec_u_count[1] ; sec_u_count[1] ; clk          ; clk         ; 0.000        ; 0.036      ; 0.307      ;
; 0.188 ; btn_counter[1] ; btn_counter[1] ; clk          ; clk         ; 0.000        ; 0.035      ; 0.307      ;
; 0.188 ; running        ; running        ; clk          ; clk         ; 0.000        ; 0.035      ; 0.307      ;
; 0.188 ; sec_t_count[2] ; sec_t_count[2] ; clk          ; clk         ; 0.000        ; 0.035      ; 0.307      ;
; 0.188 ; sec_t_count[1] ; sec_t_count[1] ; clk          ; clk         ; 0.000        ; 0.035      ; 0.307      ;
; 0.194 ; sec_u_count[0] ; sec_u_count[0] ; clk          ; clk         ; 0.000        ; 0.036      ; 0.314      ;
; 0.195 ; btn_counter[0] ; btn_counter[0] ; clk          ; clk         ; 0.000        ; 0.035      ; 0.314      ;
; 0.195 ; sec_t_count[0] ; sec_t_count[0] ; clk          ; clk         ; 0.000        ; 0.035      ; 0.314      ;
; 0.200 ; btn_counter[0] ; btn_counter[1] ; clk          ; clk         ; 0.000        ; 0.035      ; 0.319      ;
; 0.216 ; sec_u_count[0] ; sec_u_count[1] ; clk          ; clk         ; 0.000        ; 0.036      ; 0.336      ;
; 0.303 ; min_count[2]   ; min_count[3]   ; clk          ; clk         ; 0.000        ; 0.044      ; 0.431      ;
; 0.311 ; min_count[1]   ; min_count[2]   ; clk          ; clk         ; 0.000        ; 0.044      ; 0.439      ;
; 0.340 ; btn_prev       ; running        ; clk          ; clk         ; 0.000        ; 0.035      ; 0.459      ;
; 0.350 ; btn_counter[0] ; running        ; clk          ; clk         ; 0.000        ; 0.035      ; 0.469      ;
; 0.366 ; running        ; sec_t_count[0] ; clk          ; clk         ; 0.000        ; 0.035      ; 0.485      ;
; 0.399 ; running        ; sec_u_count[2] ; clk          ; clk         ; 0.000        ; 0.035      ; 0.518      ;
; 0.399 ; sec_t_count[1] ; sec_t_count[2] ; clk          ; clk         ; 0.000        ; 0.035      ; 0.518      ;
; 0.402 ; running        ; sec_u_count[0] ; clk          ; clk         ; 0.000        ; 0.035      ; 0.521      ;
; 0.405 ; sec_t_count[0] ; sec_t_count[2] ; clk          ; clk         ; 0.000        ; 0.035      ; 0.524      ;
; 0.412 ; sec_t_count[0] ; sec_t_count[1] ; clk          ; clk         ; 0.000        ; 0.035      ; 0.531      ;
; 0.414 ; sec_t_count[1] ; min_count[0]   ; clk          ; clk         ; 0.000        ; 0.231      ; 0.729      ;
; 0.415 ; sec_t_count[1] ; min_count[1]   ; clk          ; clk         ; 0.000        ; 0.231      ; 0.730      ;
; 0.416 ; sec_t_count[1] ; min_count[2]   ; clk          ; clk         ; 0.000        ; 0.231      ; 0.731      ;
; 0.419 ; sec_t_count[1] ; min_count[3]   ; clk          ; clk         ; 0.000        ; 0.231      ; 0.734      ;
; 0.420 ; btn_counter[1] ; btn_counter[0] ; clk          ; clk         ; 0.000        ; 0.035      ; 0.539      ;
; 0.423 ; sec_u_count[0] ; sec_u_count[3] ; clk          ; clk         ; 0.000        ; 0.036      ; 0.543      ;
; 0.424 ; sec_u_count[0] ; sec_u_count[2] ; clk          ; clk         ; 0.000        ; 0.036      ; 0.544      ;
; 0.425 ; btn_counter[1] ; sec_u_count[0] ; clk          ; clk         ; 0.000        ; 0.035      ; 0.544      ;
; 0.438 ; btn_counter[1] ; running        ; clk          ; clk         ; 0.000        ; 0.035      ; 0.557      ;
; 0.440 ; btn_counter[1] ; sec_u_count[2] ; clk          ; clk         ; 0.000        ; 0.035      ; 0.559      ;
; 0.463 ; sec_u_count[1] ; sec_u_count[3] ; clk          ; clk         ; 0.000        ; 0.036      ; 0.583      ;
; 0.463 ; sec_u_count[1] ; sec_u_count[2] ; clk          ; clk         ; 0.000        ; 0.036      ; 0.583      ;
; 0.467 ; btn_counter[1] ; sec_t_count[0] ; clk          ; clk         ; 0.000        ; 0.035      ; 0.586      ;
; 0.475 ; min_count[0]   ; min_count[1]   ; clk          ; clk         ; 0.000        ; 0.044      ; 0.603      ;
; 0.476 ; min_count[0]   ; min_count[2]   ; clk          ; clk         ; 0.000        ; 0.044      ; 0.604      ;
; 0.477 ; sec_t_count[0] ; min_count[1]   ; clk          ; clk         ; 0.000        ; 0.231      ; 0.792      ;
; 0.477 ; sec_t_count[0] ; min_count[2]   ; clk          ; clk         ; 0.000        ; 0.231      ; 0.792      ;
; 0.477 ; sec_t_count[0] ; min_count[0]   ; clk          ; clk         ; 0.000        ; 0.231      ; 0.792      ;
; 0.480 ; sec_t_count[0] ; min_count[3]   ; clk          ; clk         ; 0.000        ; 0.231      ; 0.795      ;
; 0.487 ; sec_u_count[3] ; sec_u_count[3] ; clk          ; clk         ; 0.000        ; 0.036      ; 0.607      ;
; 0.491 ; running        ; min_count[1]   ; clk          ; clk         ; 0.000        ; 0.231      ; 0.806      ;
; 0.491 ; running        ; min_count[2]   ; clk          ; clk         ; 0.000        ; 0.231      ; 0.806      ;
; 0.491 ; running        ; min_count[0]   ; clk          ; clk         ; 0.000        ; 0.231      ; 0.806      ;
; 0.494 ; running        ; min_count[3]   ; clk          ; clk         ; 0.000        ; 0.231      ; 0.809      ;
; 0.508 ; sec_u_count[2] ; sec_u_count[3] ; clk          ; clk         ; 0.000        ; 0.036      ; 0.628      ;
; 0.508 ; sec_u_count[2] ; sec_u_count[2] ; clk          ; clk         ; 0.000        ; 0.036      ; 0.628      ;
; 0.509 ; running        ; sec_t_count[2] ; clk          ; clk         ; 0.000        ; 0.035      ; 0.628      ;
; 0.509 ; running        ; sec_t_count[1] ; clk          ; clk         ; 0.000        ; 0.035      ; 0.628      ;
; 0.509 ; sec_u_count[0] ; sec_t_count[0] ; clk          ; clk         ; 0.000        ; 0.036      ; 0.629      ;
; 0.509 ; running        ; sec_u_count[3] ; clk          ; clk         ; 0.000        ; 0.035      ; 0.628      ;
; 0.518 ; min_count[1]   ; min_count[3]   ; clk          ; clk         ; 0.000        ; 0.044      ; 0.646      ;
; 0.521 ; sec_t_count[2] ; sec_t_count[1] ; clk          ; clk         ; 0.000        ; 0.035      ; 0.640      ;
; 0.522 ; btn_counter[1] ; sec_u_count[3] ; clk          ; clk         ; 0.000        ; 0.035      ; 0.641      ;
; 0.524 ; sec_u_count[3] ; sec_u_count[2] ; clk          ; clk         ; 0.000        ; 0.036      ; 0.644      ;
; 0.539 ; sec_u_count[1] ; sec_t_count[0] ; clk          ; clk         ; 0.000        ; 0.036      ; 0.659      ;
; 0.551 ; sec_t_count[2] ; min_count[1]   ; clk          ; clk         ; 0.000        ; 0.231      ; 0.866      ;
; 0.551 ; sec_t_count[2] ; min_count[2]   ; clk          ; clk         ; 0.000        ; 0.231      ; 0.866      ;
; 0.551 ; sec_t_count[2] ; min_count[0]   ; clk          ; clk         ; 0.000        ; 0.231      ; 0.866      ;
; 0.554 ; sec_t_count[2] ; min_count[3]   ; clk          ; clk         ; 0.000        ; 0.231      ; 0.869      ;
; 0.572 ; running        ; sec_u_count[1] ; clk          ; clk         ; 0.000        ; 0.035      ; 0.691      ;
; 0.584 ; sec_u_count[2] ; sec_t_count[0] ; clk          ; clk         ; 0.000        ; 0.036      ; 0.704      ;
; 0.602 ; sec_u_count[0] ; min_count[1]   ; clk          ; clk         ; 0.000        ; 0.232      ; 0.918      ;
; 0.602 ; sec_u_count[0] ; min_count[2]   ; clk          ; clk         ; 0.000        ; 0.232      ; 0.918      ;
; 0.602 ; sec_u_count[0] ; min_count[0]   ; clk          ; clk         ; 0.000        ; 0.232      ; 0.918      ;
; 0.605 ; sec_u_count[0] ; min_count[3]   ; clk          ; clk         ; 0.000        ; 0.232      ; 0.921      ;
; 0.608 ; sec_u_count[2] ; sec_u_count[1] ; clk          ; clk         ; 0.000        ; 0.036      ; 0.728      ;
; 0.609 ; sec_u_count[3] ; sec_t_count[0] ; clk          ; clk         ; 0.000        ; 0.036      ; 0.729      ;
; 0.617 ; btn_counter[1] ; sec_t_count[2] ; clk          ; clk         ; 0.000        ; 0.035      ; 0.736      ;
; 0.617 ; btn_counter[1] ; sec_t_count[1] ; clk          ; clk         ; 0.000        ; 0.035      ; 0.736      ;
; 0.627 ; min_count[0]   ; min_count[3]   ; clk          ; clk         ; 0.000        ; 0.044      ; 0.755      ;
; 0.640 ; btn_counter[1] ; min_count[1]   ; clk          ; clk         ; 0.000        ; 0.231      ; 0.955      ;
; 0.640 ; btn_counter[1] ; min_count[2]   ; clk          ; clk         ; 0.000        ; 0.231      ; 0.955      ;
; 0.640 ; btn_counter[1] ; min_count[0]   ; clk          ; clk         ; 0.000        ; 0.231      ; 0.955      ;
; 0.643 ; btn_counter[1] ; min_count[3]   ; clk          ; clk         ; 0.000        ; 0.231      ; 0.958      ;
; 0.644 ; sec_u_count[1] ; min_count[0]   ; clk          ; clk         ; 0.000        ; 0.232      ; 0.960      ;
; 0.645 ; sec_u_count[1] ; min_count[1]   ; clk          ; clk         ; 0.000        ; 0.232      ; 0.961      ;
; 0.646 ; sec_u_count[1] ; min_count[2]   ; clk          ; clk         ; 0.000        ; 0.232      ; 0.962      ;
; 0.649 ; sec_u_count[1] ; min_count[3]   ; clk          ; clk         ; 0.000        ; 0.232      ; 0.965      ;
; 0.655 ; sec_u_count[3] ; sec_u_count[1] ; clk          ; clk         ; 0.000        ; 0.036      ; 0.775      ;
; 0.666 ; sec_u_count[0] ; sec_t_count[2] ; clk          ; clk         ; 0.000        ; 0.036      ; 0.786      ;
; 0.666 ; sec_u_count[0] ; sec_t_count[1] ; clk          ; clk         ; 0.000        ; 0.036      ; 0.786      ;
; 0.689 ; sec_u_count[2] ; min_count[0]   ; clk          ; clk         ; 0.000        ; 0.232      ; 1.005      ;
; 0.690 ; sec_u_count[2] ; min_count[1]   ; clk          ; clk         ; 0.000        ; 0.232      ; 1.006      ;
; 0.691 ; sec_u_count[2] ; min_count[2]   ; clk          ; clk         ; 0.000        ; 0.232      ; 1.007      ;
; 0.694 ; sec_u_count[2] ; min_count[3]   ; clk          ; clk         ; 0.000        ; 0.232      ; 1.010      ;
; 0.702 ; sec_u_count[3] ; min_count[1]   ; clk          ; clk         ; 0.000        ; 0.232      ; 1.018      ;
; 0.702 ; sec_u_count[3] ; min_count[2]   ; clk          ; clk         ; 0.000        ; 0.232      ; 1.018      ;
; 0.702 ; sec_u_count[3] ; min_count[0]   ; clk          ; clk         ; 0.000        ; 0.232      ; 1.018      ;
; 0.705 ; sec_u_count[3] ; min_count[3]   ; clk          ; clk         ; 0.000        ; 0.232      ; 1.021      ;
; 0.712 ; sec_u_count[1] ; sec_t_count[2] ; clk          ; clk         ; 0.000        ; 0.036      ; 0.832      ;
; 0.712 ; sec_u_count[1] ; sec_t_count[1] ; clk          ; clk         ; 0.000        ; 0.036      ; 0.832      ;
; 0.720 ; btn_counter[1] ; sec_u_count[1] ; clk          ; clk         ; 0.000        ; 0.035      ; 0.839      ;
; 0.755 ; min_count[2]   ; min_count[1]   ; clk          ; clk         ; 0.000        ; 0.044      ; 0.883      ;
; 0.755 ; min_count[2]   ; min_count[0]   ; clk          ; clk         ; 0.000        ; 0.044      ; 0.883      ;
; 0.757 ; sec_u_count[2] ; sec_t_count[2] ; clk          ; clk         ; 0.000        ; 0.036      ; 0.877      ;
; 0.757 ; sec_u_count[2] ; sec_t_count[1] ; clk          ; clk         ; 0.000        ; 0.036      ; 0.877      ;
+-------+----------------+----------------+--------------+-------------+--------------+------------+------------+


+------------------------------------------------------------------------------------------------------------+
; Fast 1200mV 0C Model Minimum Pulse Width: 'clk'                                                            ;
+--------+--------------+----------------+------------------+-------+------------+---------------------------+
; Slack  ; Actual Width ; Required Width ; Type             ; Clock ; Clock Edge ; Target                    ;
+--------+--------------+----------------+------------------+-------+------------+---------------------------+
; -3.000 ; 1.000        ; 4.000          ; Port Rate        ; clk   ; Rise       ; clk                       ;
; -1.000 ; 1.000        ; 2.000          ; Min Period       ; clk   ; Rise       ; btn_counter[0]            ;
; -1.000 ; 1.000        ; 2.000          ; Min Period       ; clk   ; Rise       ; btn_counter[1]            ;
; -1.000 ; 1.000        ; 2.000          ; Min Period       ; clk   ; Rise       ; btn_prev                  ;
; -1.000 ; 1.000        ; 2.000          ; Min Period       ; clk   ; Rise       ; min_count[0]              ;
; -1.000 ; 1.000        ; 2.000          ; Min Period       ; clk   ; Rise       ; min_count[1]              ;
; -1.000 ; 1.000        ; 2.000          ; Min Period       ; clk   ; Rise       ; min_count[2]              ;
; -1.000 ; 1.000        ; 2.000          ; Min Period       ; clk   ; Rise       ; min_count[3]              ;
; -1.000 ; 1.000        ; 2.000          ; Min Period       ; clk   ; Rise       ; running                   ;
; -1.000 ; 1.000        ; 2.000          ; Min Period       ; clk   ; Rise       ; sec_t_count[0]            ;
; -1.000 ; 1.000        ; 2.000          ; Min Period       ; clk   ; Rise       ; sec_t_count[1]            ;
; -1.000 ; 1.000        ; 2.000          ; Min Period       ; clk   ; Rise       ; sec_t_count[2]            ;
; -1.000 ; 1.000        ; 2.000          ; Min Period       ; clk   ; Rise       ; sec_u_count[0]            ;
; -1.000 ; 1.000        ; 2.000          ; Min Period       ; clk   ; Rise       ; sec_u_count[1]            ;
; -1.000 ; 1.000        ; 2.000          ; Min Period       ; clk   ; Rise       ; sec_u_count[2]            ;
; -1.000 ; 1.000        ; 2.000          ; Min Period       ; clk   ; Rise       ; sec_u_count[3]            ;
; -0.080 ; 0.104        ; 0.184          ; Low Pulse Width  ; clk   ; Rise       ; min_count[0]              ;
; -0.080 ; 0.104        ; 0.184          ; Low Pulse Width  ; clk   ; Rise       ; min_count[1]              ;
; -0.080 ; 0.104        ; 0.184          ; Low Pulse Width  ; clk   ; Rise       ; min_count[2]              ;
; -0.080 ; 0.104        ; 0.184          ; Low Pulse Width  ; clk   ; Rise       ; min_count[3]              ;
; -0.056 ; 0.128        ; 0.184          ; Low Pulse Width  ; clk   ; Rise       ; btn_counter[0]            ;
; -0.056 ; 0.128        ; 0.184          ; Low Pulse Width  ; clk   ; Rise       ; btn_counter[1]            ;
; -0.056 ; 0.128        ; 0.184          ; Low Pulse Width  ; clk   ; Rise       ; btn_prev                  ;
; -0.056 ; 0.128        ; 0.184          ; Low Pulse Width  ; clk   ; Rise       ; running                   ;
; -0.056 ; 0.128        ; 0.184          ; Low Pulse Width  ; clk   ; Rise       ; sec_t_count[0]            ;
; -0.056 ; 0.128        ; 0.184          ; Low Pulse Width  ; clk   ; Rise       ; sec_t_count[1]            ;
; -0.056 ; 0.128        ; 0.184          ; Low Pulse Width  ; clk   ; Rise       ; sec_t_count[2]            ;
; -0.056 ; 0.128        ; 0.184          ; Low Pulse Width  ; clk   ; Rise       ; sec_u_count[0]            ;
; -0.056 ; 0.128        ; 0.184          ; Low Pulse Width  ; clk   ; Rise       ; sec_u_count[1]            ;
; -0.056 ; 0.128        ; 0.184          ; Low Pulse Width  ; clk   ; Rise       ; sec_u_count[2]            ;
; -0.056 ; 0.128        ; 0.184          ; Low Pulse Width  ; clk   ; Rise       ; sec_u_count[3]            ;
; 0.099  ; 0.099        ; 0.000          ; Low Pulse Width  ; clk   ; Rise       ; min_count[0]|clk          ;
; 0.099  ; 0.099        ; 0.000          ; Low Pulse Width  ; clk   ; Rise       ; min_count[1]|clk          ;
; 0.099  ; 0.099        ; 0.000          ; Low Pulse Width  ; clk   ; Rise       ; min_count[2]|clk          ;
; 0.099  ; 0.099        ; 0.000          ; Low Pulse Width  ; clk   ; Rise       ; min_count[3]|clk          ;
; 0.118  ; 0.118        ; 0.000          ; Low Pulse Width  ; clk   ; Rise       ; clk~input|o               ;
; 0.123  ; 0.123        ; 0.000          ; Low Pulse Width  ; clk   ; Rise       ; sec_u_count[0]|clk        ;
; 0.123  ; 0.123        ; 0.000          ; Low Pulse Width  ; clk   ; Rise       ; sec_u_count[1]|clk        ;
; 0.123  ; 0.123        ; 0.000          ; Low Pulse Width  ; clk   ; Rise       ; sec_u_count[2]|clk        ;
; 0.123  ; 0.123        ; 0.000          ; Low Pulse Width  ; clk   ; Rise       ; sec_u_count[3]|clk        ;
; 0.124  ; 0.124        ; 0.000          ; Low Pulse Width  ; clk   ; Rise       ; btn_counter[0]|clk        ;
; 0.124  ; 0.124        ; 0.000          ; Low Pulse Width  ; clk   ; Rise       ; btn_counter[1]|clk        ;
; 0.124  ; 0.124        ; 0.000          ; Low Pulse Width  ; clk   ; Rise       ; btn_prev|clk              ;
; 0.124  ; 0.124        ; 0.000          ; Low Pulse Width  ; clk   ; Rise       ; running|clk               ;
; 0.124  ; 0.124        ; 0.000          ; Low Pulse Width  ; clk   ; Rise       ; sec_t_count[0]|clk        ;
; 0.124  ; 0.124        ; 0.000          ; Low Pulse Width  ; clk   ; Rise       ; sec_t_count[1]|clk        ;
; 0.124  ; 0.124        ; 0.000          ; Low Pulse Width  ; clk   ; Rise       ; sec_t_count[2]|clk        ;
; 0.132  ; 0.132        ; 0.000          ; Low Pulse Width  ; clk   ; Rise       ; clk~inputclkctrl|inclk[0] ;
; 0.132  ; 0.132        ; 0.000          ; Low Pulse Width  ; clk   ; Rise       ; clk~inputclkctrl|outclk   ;
; 0.500  ; 0.500        ; 0.000          ; High Pulse Width ; clk   ; Rise       ; clk~input|i               ;
; 0.500  ; 0.500        ; 0.000          ; Low Pulse Width  ; clk   ; Rise       ; clk~input|i               ;
; 0.654  ; 0.870        ; 0.216          ; High Pulse Width ; clk   ; Rise       ; btn_counter[0]            ;
; 0.654  ; 0.870        ; 0.216          ; High Pulse Width ; clk   ; Rise       ; btn_counter[1]            ;
; 0.654  ; 0.870        ; 0.216          ; High Pulse Width ; clk   ; Rise       ; btn_prev                  ;
; 0.654  ; 0.870        ; 0.216          ; High Pulse Width ; clk   ; Rise       ; running                   ;
; 0.654  ; 0.870        ; 0.216          ; High Pulse Width ; clk   ; Rise       ; sec_t_count[0]            ;
; 0.654  ; 0.870        ; 0.216          ; High Pulse Width ; clk   ; Rise       ; sec_t_count[1]            ;
; 0.654  ; 0.870        ; 0.216          ; High Pulse Width ; clk   ; Rise       ; sec_t_count[2]            ;
; 0.655  ; 0.871        ; 0.216          ; High Pulse Width ; clk   ; Rise       ; sec_u_count[0]            ;
; 0.655  ; 0.871        ; 0.216          ; High Pulse Width ; clk   ; Rise       ; sec_u_count[1]            ;
; 0.655  ; 0.871        ; 0.216          ; High Pulse Width ; clk   ; Rise       ; sec_u_count[2]            ;
; 0.655  ; 0.871        ; 0.216          ; High Pulse Width ; clk   ; Rise       ; sec_u_count[3]            ;
; 0.679  ; 0.895        ; 0.216          ; High Pulse Width ; clk   ; Rise       ; min_count[0]              ;
; 0.679  ; 0.895        ; 0.216          ; High Pulse Width ; clk   ; Rise       ; min_count[1]              ;
; 0.679  ; 0.895        ; 0.216          ; High Pulse Width ; clk   ; Rise       ; min_count[2]              ;
; 0.679  ; 0.895        ; 0.216          ; High Pulse Width ; clk   ; Rise       ; min_count[3]              ;
; 0.867  ; 0.867        ; 0.000          ; High Pulse Width ; clk   ; Rise       ; clk~inputclkctrl|inclk[0] ;
; 0.867  ; 0.867        ; 0.000          ; High Pulse Width ; clk   ; Rise       ; clk~inputclkctrl|outclk   ;
; 0.876  ; 0.876        ; 0.000          ; High Pulse Width ; clk   ; Rise       ; btn_counter[0]|clk        ;
; 0.876  ; 0.876        ; 0.000          ; High Pulse Width ; clk   ; Rise       ; btn_counter[1]|clk        ;
; 0.876  ; 0.876        ; 0.000          ; High Pulse Width ; clk   ; Rise       ; btn_prev|clk              ;
; 0.876  ; 0.876        ; 0.000          ; High Pulse Width ; clk   ; Rise       ; running|clk               ;
; 0.876  ; 0.876        ; 0.000          ; High Pulse Width ; clk   ; Rise       ; sec_t_count[0]|clk        ;
; 0.876  ; 0.876        ; 0.000          ; High Pulse Width ; clk   ; Rise       ; sec_t_count[1]|clk        ;
; 0.876  ; 0.876        ; 0.000          ; High Pulse Width ; clk   ; Rise       ; sec_t_count[2]|clk        ;
; 0.876  ; 0.876        ; 0.000          ; High Pulse Width ; clk   ; Rise       ; sec_u_count[0]|clk        ;
; 0.876  ; 0.876        ; 0.000          ; High Pulse Width ; clk   ; Rise       ; sec_u_count[1]|clk        ;
; 0.876  ; 0.876        ; 0.000          ; High Pulse Width ; clk   ; Rise       ; sec_u_count[2]|clk        ;
; 0.876  ; 0.876        ; 0.000          ; High Pulse Width ; clk   ; Rise       ; sec_u_count[3]|clk        ;
; 0.882  ; 0.882        ; 0.000          ; High Pulse Width ; clk   ; Rise       ; clk~input|o               ;
; 0.900  ; 0.900        ; 0.000          ; High Pulse Width ; clk   ; Rise       ; min_count[0]|clk          ;
; 0.900  ; 0.900        ; 0.000          ; High Pulse Width ; clk   ; Rise       ; min_count[1]|clk          ;
; 0.900  ; 0.900        ; 0.000          ; High Pulse Width ; clk   ; Rise       ; min_count[2]|clk          ;
; 0.900  ; 0.900        ; 0.000          ; High Pulse Width ; clk   ; Rise       ; min_count[3]|clk          ;
+--------+--------------+----------------+------------------+-------+------------+---------------------------+


+-----------------------------------------------------------------------+
; Setup Times                                                           ;
+-----------+------------+-------+-------+------------+-----------------+
; Data Port ; Clock Port ; Rise  ; Fall  ; Clock Edge ; Clock Reference ;
+-----------+------------+-------+-------+------------+-----------------+
; btn       ; clk        ; 1.305 ; 1.915 ; Rise       ; clk             ;
+-----------+------------+-------+-------+------------+-----------------+


+-------------------------------------------------------------------------+
; Hold Times                                                              ;
+-----------+------------+--------+--------+------------+-----------------+
; Data Port ; Clock Port ; Rise   ; Fall   ; Clock Edge ; Clock Reference ;
+-----------+------------+--------+--------+------------+-----------------+
; btn       ; clk        ; -0.577 ; -1.150 ; Rise       ; clk             ;
+-----------+------------+--------+--------+------------+-----------------+


+-------------------------------------------------------------------------------+
; Clock to Output Times                                                         ;
+-------------------+------------+-------+-------+------------+-----------------+
; Data Port         ; Clock Port ; Rise  ; Fall  ; Clock Edge ; Clock Reference ;
+-------------------+------------+-------+-------+------------+-----------------+
; ssd_min[*]        ; clk        ; 3.984 ; 3.976 ; Rise       ; clk             ;
;  ssd_min[0]       ; clk        ; 3.898 ; 3.847 ; Rise       ; clk             ;
;  ssd_min[1]       ; clk        ; 3.914 ; 3.816 ; Rise       ; clk             ;
;  ssd_min[2]       ; clk        ; 3.852 ; 3.766 ; Rise       ; clk             ;
;  ssd_min[3]       ; clk        ; 3.893 ; 3.840 ; Rise       ; clk             ;
;  ssd_min[4]       ; clk        ; 3.978 ; 3.878 ; Rise       ; clk             ;
;  ssd_min[5]       ; clk        ; 3.875 ; 3.837 ; Rise       ; clk             ;
;  ssd_min[6]       ; clk        ; 3.984 ; 3.976 ; Rise       ; clk             ;
; ssd_sec_tens[*]   ; clk        ; 3.622 ; 3.621 ; Rise       ; clk             ;
;  ssd_sec_tens[0]  ; clk        ; 3.540 ; 3.565 ; Rise       ; clk             ;
;  ssd_sec_tens[1]  ; clk        ; 3.581 ; 3.581 ; Rise       ; clk             ;
;  ssd_sec_tens[2]  ; clk        ; 3.553 ; 3.571 ; Rise       ; clk             ;
;  ssd_sec_tens[3]  ; clk        ; 3.617 ; 3.598 ; Rise       ; clk             ;
;  ssd_sec_tens[4]  ; clk        ; 3.564 ; 3.547 ; Rise       ; clk             ;
;  ssd_sec_tens[5]  ; clk        ; 3.622 ; 3.617 ; Rise       ; clk             ;
;  ssd_sec_tens[6]  ; clk        ; 3.605 ; 3.621 ; Rise       ; clk             ;
; ssd_sec_units[*]  ; clk        ; 4.732 ; 4.580 ; Rise       ; clk             ;
;  ssd_sec_units[0] ; clk        ; 3.739 ; 3.753 ; Rise       ; clk             ;
;  ssd_sec_units[1] ; clk        ; 3.698 ; 3.662 ; Rise       ; clk             ;
;  ssd_sec_units[2] ; clk        ; 4.732 ; 4.580 ; Rise       ; clk             ;
;  ssd_sec_units[3] ; clk        ; 3.739 ; 3.750 ; Rise       ; clk             ;
;  ssd_sec_units[4] ; clk        ; 3.732 ; 3.632 ; Rise       ; clk             ;
;  ssd_sec_units[5] ; clk        ; 3.713 ; 3.724 ; Rise       ; clk             ;
;  ssd_sec_units[6] ; clk        ; 3.691 ; 3.700 ; Rise       ; clk             ;
+-------------------+------------+-------+-------+------------+-----------------+


+-------------------------------------------------------------------------------+
; Minimum Clock to Output Times                                                 ;
+-------------------+------------+-------+-------+------------+-----------------+
; Data Port         ; Clock Port ; Rise  ; Fall  ; Clock Edge ; Clock Reference ;
+-------------------+------------+-------+-------+------------+-----------------+
; ssd_min[*]        ; clk        ; 3.468 ; 3.480 ; Rise       ; clk             ;
;  ssd_min[0]       ; clk        ; 3.503 ; 3.493 ; Rise       ; clk             ;
;  ssd_min[1]       ; clk        ; 3.515 ; 3.505 ; Rise       ; clk             ;
;  ssd_min[2]       ; clk        ; 3.468 ; 3.519 ; Rise       ; clk             ;
;  ssd_min[3]       ; clk        ; 3.493 ; 3.480 ; Rise       ; clk             ;
;  ssd_min[4]       ; clk        ; 3.629 ; 3.562 ; Rise       ; clk             ;
;  ssd_min[5]       ; clk        ; 3.545 ; 3.481 ; Rise       ; clk             ;
;  ssd_min[6]       ; clk        ; 3.632 ; 3.589 ; Rise       ; clk             ;
; ssd_sec_tens[*]   ; clk        ; 3.269 ; 3.269 ; Rise       ; clk             ;
;  ssd_sec_tens[0]  ; clk        ; 3.269 ; 3.279 ; Rise       ; clk             ;
;  ssd_sec_tens[1]  ; clk        ; 3.391 ; 3.407 ; Rise       ; clk             ;
;  ssd_sec_tens[2]  ; clk        ; 3.400 ; 3.376 ; Rise       ; clk             ;
;  ssd_sec_tens[3]  ; clk        ; 3.331 ; 3.318 ; Rise       ; clk             ;
;  ssd_sec_tens[4]  ; clk        ; 3.328 ; 3.269 ; Rise       ; clk             ;
;  ssd_sec_tens[5]  ; clk        ; 3.495 ; 3.430 ; Rise       ; clk             ;
;  ssd_sec_tens[6]  ; clk        ; 3.407 ; 3.438 ; Rise       ; clk             ;
; ssd_sec_units[*]  ; clk        ; 3.367 ; 3.378 ; Rise       ; clk             ;
;  ssd_sec_units[0] ; clk        ; 3.429 ; 3.419 ; Rise       ; clk             ;
;  ssd_sec_units[1] ; clk        ; 3.409 ; 3.397 ; Rise       ; clk             ;
;  ssd_sec_units[2] ; clk        ; 4.484 ; 4.319 ; Rise       ; clk             ;
;  ssd_sec_units[3] ; clk        ; 3.430 ; 3.417 ; Rise       ; clk             ;
;  ssd_sec_units[4] ; clk        ; 3.425 ; 3.413 ; Rise       ; clk             ;
;  ssd_sec_units[5] ; clk        ; 3.461 ; 3.394 ; Rise       ; clk             ;
;  ssd_sec_units[6] ; clk        ; 3.367 ; 3.378 ; Rise       ; clk             ;
+-------------------+------------+-------+-------+------------+-----------------+


---------------------------------------------
; Fast 1200mV 0C Model Metastability Report ;
---------------------------------------------
No synchronizer chains to report.


+-------------------------------------------------------------------------------+
; Multicorner Timing Analysis Summary                                           ;
+------------------+---------+-------+----------+---------+---------------------+
; Clock            ; Setup   ; Hold  ; Recovery ; Removal ; Minimum Pulse Width ;
+------------------+---------+-------+----------+---------+---------------------+
; Worst-case Slack ; -1.279  ; 0.179 ; N/A      ; N/A     ; -3.000              ;
;  clk             ; -1.279  ; 0.179 ; N/A      ; N/A     ; -3.000              ;
; Design-wide TNS  ; -12.214 ; 0.0   ; 0.0      ; 0.0     ; -18.936             ;
;  clk             ; -12.214 ; 0.000 ; N/A      ; N/A     ; -18.936             ;
+------------------+---------+-------+----------+---------+---------------------+


+-----------------------------------------------------------------------+
; Setup Times                                                           ;
+-----------+------------+-------+-------+------------+-----------------+
; Data Port ; Clock Port ; Rise  ; Fall  ; Clock Edge ; Clock Reference ;
+-----------+------------+-------+-------+------------+-----------------+
; btn       ; clk        ; 2.387 ; 2.852 ; Rise       ; clk             ;
+-----------+------------+-------+-------+------------+-----------------+


+-------------------------------------------------------------------------+
; Hold Times                                                              ;
+-----------+------------+--------+--------+------------+-----------------+
; Data Port ; Clock Port ; Rise   ; Fall   ; Clock Edge ; Clock Reference ;
+-----------+------------+--------+--------+------------+-----------------+
; btn       ; clk        ; -0.577 ; -1.150 ; Rise       ; clk             ;
+-----------+------------+--------+--------+------------+-----------------+


+-------------------------------------------------------------------------------+
; Clock to Output Times                                                         ;
+-------------------+------------+-------+-------+------------+-----------------+
; Data Port         ; Clock Port ; Rise  ; Fall  ; Clock Edge ; Clock Reference ;
+-------------------+------------+-------+-------+------------+-----------------+
; ssd_min[*]        ; clk        ; 6.820 ; 6.705 ; Rise       ; clk             ;
;  ssd_min[0]       ; clk        ; 6.540 ; 6.537 ; Rise       ; clk             ;
;  ssd_min[1]       ; clk        ; 6.561 ; 6.533 ; Rise       ; clk             ;
;  ssd_min[2]       ; clk        ; 6.477 ; 6.473 ; Rise       ; clk             ;
;  ssd_min[3]       ; clk        ; 6.545 ; 6.540 ; Rise       ; clk             ;
;  ssd_min[4]       ; clk        ; 6.688 ; 6.669 ; Rise       ; clk             ;
;  ssd_min[5]       ; clk        ; 6.502 ; 6.524 ; Rise       ; clk             ;
;  ssd_min[6]       ; clk        ; 6.820 ; 6.705 ; Rise       ; clk             ;
; ssd_sec_tens[*]   ; clk        ; 6.073 ; 6.120 ; Rise       ; clk             ;
;  ssd_sec_tens[0]  ; clk        ; 6.004 ; 5.956 ; Rise       ; clk             ;
;  ssd_sec_tens[1]  ; clk        ; 6.072 ; 5.986 ; Rise       ; clk             ;
;  ssd_sec_tens[2]  ; clk        ; 5.945 ; 6.048 ; Rise       ; clk             ;
;  ssd_sec_tens[3]  ; clk        ; 6.018 ; 6.069 ; Rise       ; clk             ;
;  ssd_sec_tens[4]  ; clk        ; 5.953 ; 6.008 ; Rise       ; clk             ;
;  ssd_sec_tens[5]  ; clk        ; 6.045 ; 6.120 ; Rise       ; clk             ;
;  ssd_sec_tens[6]  ; clk        ; 6.073 ; 6.024 ; Rise       ; clk             ;
; ssd_sec_units[*]  ; clk        ; 7.597 ; 7.468 ; Rise       ; clk             ;
;  ssd_sec_units[0] ; clk        ; 6.228 ; 6.332 ; Rise       ; clk             ;
;  ssd_sec_units[1] ; clk        ; 6.188 ; 6.201 ; Rise       ; clk             ;
;  ssd_sec_units[2] ; clk        ; 7.597 ; 7.468 ; Rise       ; clk             ;
;  ssd_sec_units[3] ; clk        ; 6.243 ; 6.349 ; Rise       ; clk             ;
;  ssd_sec_units[4] ; clk        ; 6.238 ; 6.191 ; Rise       ; clk             ;
;  ssd_sec_units[5] ; clk        ; 6.222 ; 6.326 ; Rise       ; clk             ;
;  ssd_sec_units[6] ; clk        ; 6.262 ; 6.203 ; Rise       ; clk             ;
+-------------------+------------+-------+-------+------------+-----------------+


+-------------------------------------------------------------------------------+
; Minimum Clock to Output Times                                                 ;
+-------------------+------------+-------+-------+------------+-----------------+
; Data Port         ; Clock Port ; Rise  ; Fall  ; Clock Edge ; Clock Reference ;
+-------------------+------------+-------+-------+------------+-----------------+
; ssd_min[*]        ; clk        ; 3.468 ; 3.480 ; Rise       ; clk             ;
;  ssd_min[0]       ; clk        ; 3.503 ; 3.493 ; Rise       ; clk             ;
;  ssd_min[1]       ; clk        ; 3.515 ; 3.505 ; Rise       ; clk             ;
;  ssd_min[2]       ; clk        ; 3.468 ; 3.519 ; Rise       ; clk             ;
;  ssd_min[3]       ; clk        ; 3.493 ; 3.480 ; Rise       ; clk             ;
;  ssd_min[4]       ; clk        ; 3.629 ; 3.562 ; Rise       ; clk             ;
;  ssd_min[5]       ; clk        ; 3.545 ; 3.481 ; Rise       ; clk             ;
;  ssd_min[6]       ; clk        ; 3.632 ; 3.589 ; Rise       ; clk             ;
; ssd_sec_tens[*]   ; clk        ; 3.269 ; 3.269 ; Rise       ; clk             ;
;  ssd_sec_tens[0]  ; clk        ; 3.269 ; 3.279 ; Rise       ; clk             ;
;  ssd_sec_tens[1]  ; clk        ; 3.391 ; 3.407 ; Rise       ; clk             ;
;  ssd_sec_tens[2]  ; clk        ; 3.400 ; 3.376 ; Rise       ; clk             ;
;  ssd_sec_tens[3]  ; clk        ; 3.331 ; 3.318 ; Rise       ; clk             ;
;  ssd_sec_tens[4]  ; clk        ; 3.328 ; 3.269 ; Rise       ; clk             ;
;  ssd_sec_tens[5]  ; clk        ; 3.495 ; 3.430 ; Rise       ; clk             ;
;  ssd_sec_tens[6]  ; clk        ; 3.407 ; 3.438 ; Rise       ; clk             ;
; ssd_sec_units[*]  ; clk        ; 3.367 ; 3.378 ; Rise       ; clk             ;
;  ssd_sec_units[0] ; clk        ; 3.429 ; 3.419 ; Rise       ; clk             ;
;  ssd_sec_units[1] ; clk        ; 3.409 ; 3.397 ; Rise       ; clk             ;
;  ssd_sec_units[2] ; clk        ; 4.484 ; 4.319 ; Rise       ; clk             ;
;  ssd_sec_units[3] ; clk        ; 3.430 ; 3.417 ; Rise       ; clk             ;
;  ssd_sec_units[4] ; clk        ; 3.425 ; 3.413 ; Rise       ; clk             ;
;  ssd_sec_units[5] ; clk        ; 3.461 ; 3.394 ; Rise       ; clk             ;
;  ssd_sec_units[6] ; clk        ; 3.367 ; 3.378 ; Rise       ; clk             ;
+-------------------+------------+-------+-------+------------+-----------------+


+---------------------------------------------------------------------------------------------------------------------------------------------------------------------------------------------------------------------------------------------------------------------------------------------------------------------------------------------------------------------------------------------------------------------+
; Board Trace Model Assignments                                                                                                                                                                                                                                                                                                                                                                                       ;
+------------------+--------------+-------------------+-------------------------+-------------------------+---------------+---------------------+----------------+------------------+--------+------------------+------------------------+------------------------+--------------+---------------+-----------------+-------+---------------------+--------------------+---------------+-----------------+-------------+
; Pin              ; I/O Standard ; Near Tline Length ; Near Tline L per Length ; Near Tline C per Length ; Near Series R ; Near Differential R ; Near Pull-up R ; Near Pull-down R ; Near C ; Far Tline Length ; Far Tline L per Length ; Far Tline C per Length ; Far Series R ; Far Pull-up R ; Far Pull-down R ; Far C ; Termination Voltage ; Far Differential R ; EBD File Name ; EBD Signal Name ; EBD Far-end ;
+------------------+--------------+-------------------+-------------------------+-------------------------+---------------+---------------------+----------------+------------------+--------+------------------+------------------------+------------------------+--------------+---------------+-----------------+-------+---------------------+--------------------+---------------+-----------------+-------------+
; ssd_min[0]       ; 2.5 V        ; 0 in              ; 0 H/in                  ; 0 F/in                  ; short         ; -                   ; open           ; open             ; open   ; 0 in             ; 0 H/in                 ; 0 F/in                 ; short        ; open          ; open            ; open  ; 0 V                 ; -                  ; n/a           ; n/a             ; n/a         ;
; ssd_min[1]       ; 2.5 V        ; 0 in              ; 0 H/in                  ; 0 F/in                  ; short         ; -                   ; open           ; open             ; open   ; 0 in             ; 0 H/in                 ; 0 F/in                 ; short        ; open          ; open            ; open  ; 0 V                 ; -                  ; n/a           ; n/a             ; n/a         ;
; ssd_min[2]       ; 2.5 V        ; 0 in              ; 0 H/in                  ; 0 F/in                  ; short         ; -                   ; open           ; open             ; open   ; 0 in             ; 0 H/in                 ; 0 F/in                 ; short        ; open          ; open            ; open  ; 0 V                 ; -                  ; n/a           ; n/a             ; n/a         ;
; ssd_min[3]       ; 2.5 V        ; 0 in              ; 0 H/in                  ; 0 F/in                  ; short         ; -                   ; open           ; open             ; open   ; 0 in             ; 0 H/in                 ; 0 F/in                 ; short        ; open          ; open            ; open  ; 0 V                 ; -                  ; n/a           ; n/a             ; n/a         ;
; ssd_min[4]       ; 2.5 V        ; 0 in              ; 0 H/in                  ; 0 F/in                  ; short         ; -                   ; open           ; open             ; open   ; 0 in             ; 0 H/in                 ; 0 F/in                 ; short        ; open          ; open            ; open  ; 0 V                 ; -                  ; n/a           ; n/a             ; n/a         ;
; ssd_min[5]       ; 2.5 V        ; 0 in              ; 0 H/in                  ; 0 F/in                  ; short         ; -                   ; open           ; open             ; open   ; 0 in             ; 0 H/in                 ; 0 F/in                 ; short        ; open          ; open            ; open  ; 0 V                 ; -                  ; n/a           ; n/a             ; n/a         ;
; ssd_min[6]       ; 2.5 V        ; 0 in              ; 0 H/in                  ; 0 F/in                  ; short         ; -                   ; open           ; open             ; open   ; 0 in             ; 0 H/in                 ; 0 F/in                 ; short        ; open          ; open            ; open  ; 0 V                 ; -                  ; n/a           ; n/a             ; n/a         ;
; ssd_sec_tens[0]  ; 2.5 V        ; 0 in              ; 0 H/in                  ; 0 F/in                  ; short         ; -                   ; open           ; open             ; open   ; 0 in             ; 0 H/in                 ; 0 F/in                 ; short        ; open          ; open            ; open  ; 0 V                 ; -                  ; n/a           ; n/a             ; n/a         ;
; ssd_sec_tens[1]  ; 2.5 V        ; 0 in              ; 0 H/in                  ; 0 F/in                  ; short         ; -                   ; open           ; open             ; open   ; 0 in             ; 0 H/in                 ; 0 F/in                 ; short        ; open          ; open            ; open  ; 0 V                 ; -                  ; n/a           ; n/a             ; n/a         ;
; ssd_sec_tens[2]  ; 2.5 V        ; 0 in              ; 0 H/in                  ; 0 F/in                  ; short         ; -                   ; open           ; open             ; open   ; 0 in             ; 0 H/in                 ; 0 F/in                 ; short        ; open          ; open            ; open  ; 0 V                 ; -                  ; n/a           ; n/a             ; n/a         ;
; ssd_sec_tens[3]  ; 2.5 V        ; 0 in              ; 0 H/in                  ; 0 F/in                  ; short         ; -                   ; open           ; open             ; open   ; 0 in             ; 0 H/in                 ; 0 F/in                 ; short        ; open          ; open            ; open  ; 0 V                 ; -                  ; n/a           ; n/a             ; n/a         ;
; ssd_sec_tens[4]  ; 2.5 V        ; 0 in              ; 0 H/in                  ; 0 F/in                  ; short         ; -                   ; open           ; open             ; open   ; 0 in             ; 0 H/in                 ; 0 F/in                 ; short        ; open          ; open            ; open  ; 0 V                 ; -                  ; n/a           ; n/a             ; n/a         ;
; ssd_sec_tens[5]  ; 2.5 V        ; 0 in              ; 0 H/in                  ; 0 F/in                  ; short         ; -                   ; open           ; open             ; open   ; 0 in             ; 0 H/in                 ; 0 F/in                 ; short        ; open          ; open            ; open  ; 0 V                 ; -                  ; n/a           ; n/a             ; n/a         ;
; ssd_sec_tens[6]  ; 2.5 V        ; 0 in              ; 0 H/in                  ; 0 F/in                  ; short         ; -                   ; open           ; open             ; open   ; 0 in             ; 0 H/in                 ; 0 F/in                 ; short        ; open          ; open            ; open  ; 0 V                 ; -                  ; n/a           ; n/a             ; n/a         ;
; ssd_sec_units[0] ; 2.5 V        ; 0 in              ; 0 H/in                  ; 0 F/in                  ; short         ; -                   ; open           ; open             ; open   ; 0 in             ; 0 H/in                 ; 0 F/in                 ; short        ; open          ; open            ; open  ; 0 V                 ; -                  ; n/a           ; n/a             ; n/a         ;
; ssd_sec_units[1] ; 2.5 V        ; 0 in              ; 0 H/in                  ; 0 F/in                  ; short         ; -                   ; open           ; open             ; open   ; 0 in             ; 0 H/in                 ; 0 F/in                 ; short        ; open          ; open            ; open  ; 0 V                 ; -                  ; n/a           ; n/a             ; n/a         ;
; ssd_sec_units[2] ; 2.5 V        ; 0 in              ; 0 H/in                  ; 0 F/in                  ; short         ; -                   ; open           ; open             ; open   ; 0 in             ; 0 H/in                 ; 0 F/in                 ; short        ; open          ; open            ; open  ; 0 V                 ; -                  ; n/a           ; n/a             ; n/a         ;
; ssd_sec_units[3] ; 2.5 V        ; 0 in              ; 0 H/in                  ; 0 F/in                  ; short         ; -                   ; open           ; open             ; open   ; 0 in             ; 0 H/in                 ; 0 F/in                 ; short        ; open          ; open            ; open  ; 0 V                 ; -                  ; n/a           ; n/a             ; n/a         ;
; ssd_sec_units[4] ; 2.5 V        ; 0 in              ; 0 H/in                  ; 0 F/in                  ; short         ; -                   ; open           ; open             ; open   ; 0 in             ; 0 H/in                 ; 0 F/in                 ; short        ; open          ; open            ; open  ; 0 V                 ; -                  ; n/a           ; n/a             ; n/a         ;
; ssd_sec_units[5] ; 2.5 V        ; 0 in              ; 0 H/in                  ; 0 F/in                  ; short         ; -                   ; open           ; open             ; open   ; 0 in             ; 0 H/in                 ; 0 F/in                 ; short        ; open          ; open            ; open  ; 0 V                 ; -                  ; n/a           ; n/a             ; n/a         ;
; ssd_sec_units[6] ; 2.5 V        ; 0 in              ; 0 H/in                  ; 0 F/in                  ; short         ; -                   ; open           ; open             ; open   ; 0 in             ; 0 H/in                 ; 0 F/in                 ; short        ; open          ; open            ; open  ; 0 V                 ; -                  ; n/a           ; n/a             ; n/a         ;
; ~ALTERA_DCLK~    ; 2.5 V        ; 0 in              ; 0 H/in                  ; 0 F/in                  ; short         ; -                   ; open           ; open             ; open   ; 0 in             ; 0 H/in                 ; 0 F/in                 ; short        ; open          ; open            ; open  ; 0 V                 ; -                  ; n/a           ; n/a             ; n/a         ;
; ~ALTERA_nCEO~    ; 2.5 V        ; 0 in              ; 0 H/in                  ; 0 F/in                  ; short         ; -                   ; open           ; open             ; open   ; 0 in             ; 0 H/in                 ; 0 F/in                 ; short        ; open          ; open            ; open  ; 0 V                 ; -                  ; n/a           ; n/a             ; n/a         ;
+------------------+--------------+-------------------+-------------------------+-------------------------+---------------+---------------------+----------------+------------------+--------+------------------+------------------------+------------------------+--------------+---------------+-----------------+-------+---------------------+--------------------+---------------+-----------------+-------------+


+----------------------------------------------------------------------------+
; Input Transition Times                                                     ;
+-------------------------+--------------+-----------------+-----------------+
; Pin                     ; I/O Standard ; 10-90 Rise Time ; 90-10 Fall Time ;
+-------------------------+--------------+-----------------+-----------------+
; clk                     ; 2.5 V        ; 2000 ps         ; 2000 ps         ;
; btn                     ; 2.5 V        ; 2000 ps         ; 2000 ps         ;
; ~ALTERA_ASDO_DATA1~     ; 2.5 V        ; 2000 ps         ; 2000 ps         ;
; ~ALTERA_FLASH_nCE_nCSO~ ; 2.5 V        ; 2000 ps         ; 2000 ps         ;
; ~ALTERA_DATA0~          ; 2.5 V        ; 2000 ps         ; 2000 ps         ;
+-------------------------+--------------+-----------------+-----------------+


+-----------------------------------------------------------------------------------------------------------------------------------------------------------------------------------------------------------------------------------------------------------------------------------------------------------------------------------------------------------------------------------------------------------------------------------------------------------------------------------------------------------------------------------------------------------------------------------------------------------------------------------------------------------------------------------------------+
; Slow Corner Signal Integrity Metrics                                                                                                                                                                                                                                                                                                                                                                                                                                                                                                                                                                                                                                                          ;
+------------------+--------------+---------------------+---------------------+------------------------------+------------------------------+---------------------+---------------------+--------------------------------------+--------------------------------------+-----------------------------+-----------------------------+----------------------------+----------------------------+-----------------------------+-----------------------------+--------------------+--------------------+-------------------------------------+-------------------------------------+----------------------------+----------------------------+---------------------------+---------------------------+
; Pin              ; I/O Standard ; Board Delay on Rise ; Board Delay on Fall ; Steady State Voh at FPGA Pin ; Steady State Vol at FPGA Pin ; Voh Max at FPGA Pin ; Vol Min at FPGA Pin ; Ringback Voltage on Rise at FPGA Pin ; Ringback Voltage on Fall at FPGA Pin ; 10-90 Rise Time at FPGA Pin ; 90-10 Fall Time at FPGA Pin ; Monotonic Rise at FPGA Pin ; Monotonic Fall at FPGA Pin ; Steady State Voh at Far-end ; Steady State Vol at Far-end ; Voh Max at Far-end ; Vol Min at Far-end ; Ringback Voltage on Rise at Far-end ; Ringback Voltage on Fall at Far-end ; 10-90 Rise Time at Far-end ; 90-10 Fall Time at Far-end ; Monotonic Rise at Far-end ; Monotonic Fall at Far-end ;
+------------------+--------------+---------------------+---------------------+------------------------------+------------------------------+---------------------+---------------------+--------------------------------------+--------------------------------------+-----------------------------+-----------------------------+----------------------------+----------------------------+-----------------------------+-----------------------------+--------------------+--------------------+-------------------------------------+-------------------------------------+----------------------------+----------------------------+---------------------------+---------------------------+
; ssd_min[0]       ; 2.5 V        ; 0 s                 ; 0 s                 ; 2.32 V                       ; 1.08e-06 V                   ; 2.36 V              ; -0.0113 V           ; 0.122 V                              ; 0.022 V                              ; 4.5e-10 s                   ; 4.45e-10 s                  ; Yes                        ; Yes                        ; 2.32 V                      ; 1.08e-06 V                  ; 2.36 V             ; -0.0113 V          ; 0.122 V                             ; 0.022 V                             ; 4.5e-10 s                  ; 4.45e-10 s                 ; Yes                       ; Yes                       ;
; ssd_min[1]       ; 2.5 V        ; 0 s                 ; 0 s                 ; 2.32 V                       ; 1.08e-06 V                   ; 2.36 V              ; -0.0113 V           ; 0.122 V                              ; 0.022 V                              ; 4.5e-10 s                   ; 4.45e-10 s                  ; Yes                        ; Yes                        ; 2.32 V                      ; 1.08e-06 V                  ; 2.36 V             ; -0.0113 V          ; 0.122 V                             ; 0.022 V                             ; 4.5e-10 s                  ; 4.45e-10 s                 ; Yes                       ; Yes                       ;
; ssd_min[2]       ; 2.5 V        ; 0 s                 ; 0 s                 ; 2.32 V                       ; 1.08e-06 V                   ; 2.36 V              ; -0.0113 V           ; 0.122 V                              ; 0.022 V                              ; 4.5e-10 s                   ; 4.45e-10 s                  ; Yes                        ; Yes                        ; 2.32 V                      ; 1.08e-06 V                  ; 2.36 V             ; -0.0113 V          ; 0.122 V                             ; 0.022 V                             ; 4.5e-10 s                  ; 4.45e-10 s                 ; Yes                       ; Yes                       ;
; ssd_min[3]       ; 2.5 V        ; 0 s                 ; 0 s                 ; 2.32 V                       ; 1.08e-06 V                   ; 2.36 V              ; -0.0113 V           ; 0.122 V                              ; 0.022 V                              ; 4.5e-10 s                   ; 4.45e-10 s                  ; Yes                        ; Yes                        ; 2.32 V                      ; 1.08e-06 V                  ; 2.36 V             ; -0.0113 V          ; 0.122 V                             ; 0.022 V                             ; 4.5e-10 s                  ; 4.45e-10 s                 ; Yes                       ; Yes                       ;
; ssd_min[4]       ; 2.5 V        ; 0 s                 ; 0 s                 ; 2.32 V                       ; 1.08e-06 V                   ; 2.36 V              ; -0.0113 V           ; 0.122 V                              ; 0.022 V                              ; 4.5e-10 s                   ; 4.45e-10 s                  ; Yes                        ; Yes                        ; 2.32 V                      ; 1.08e-06 V                  ; 2.36 V             ; -0.0113 V          ; 0.122 V                             ; 0.022 V                             ; 4.5e-10 s                  ; 4.45e-10 s                 ; Yes                       ; Yes                       ;
; ssd_min[5]       ; 2.5 V        ; 0 s                 ; 0 s                 ; 2.32 V                       ; 1.08e-06 V                   ; 2.36 V              ; -0.0113 V           ; 0.122 V                              ; 0.022 V                              ; 4.5e-10 s                   ; 4.45e-10 s                  ; Yes                        ; Yes                        ; 2.32 V                      ; 1.08e-06 V                  ; 2.36 V             ; -0.0113 V          ; 0.122 V                             ; 0.022 V                             ; 4.5e-10 s                  ; 4.45e-10 s                 ; Yes                       ; Yes                       ;
; ssd_min[6]       ; 2.5 V        ; 0 s                 ; 0 s                 ; 2.32 V                       ; 1.08e-06 V                   ; 2.36 V              ; -0.0113 V           ; 0.122 V                              ; 0.022 V                              ; 4.5e-10 s                   ; 4.45e-10 s                  ; Yes                        ; Yes                        ; 2.32 V                      ; 1.08e-06 V                  ; 2.36 V             ; -0.0113 V          ; 0.122 V                             ; 0.022 V                             ; 4.5e-10 s                  ; 4.45e-10 s                 ; Yes                       ; Yes                       ;
; ssd_sec_tens[0]  ; 2.5 V        ; 0 s                 ; 0 s                 ; 2.32 V                       ; 1.08e-06 V                   ; 2.36 V              ; -0.0113 V           ; 0.122 V                              ; 0.022 V                              ; 4.5e-10 s                   ; 4.45e-10 s                  ; Yes                        ; Yes                        ; 2.32 V                      ; 1.08e-06 V                  ; 2.36 V             ; -0.0113 V          ; 0.122 V                             ; 0.022 V                             ; 4.5e-10 s                  ; 4.45e-10 s                 ; Yes                       ; Yes                       ;
; ssd_sec_tens[1]  ; 2.5 V        ; 0 s                 ; 0 s                 ; 2.32 V                       ; 1.08e-06 V                   ; 2.36 V              ; -0.0113 V           ; 0.122 V                              ; 0.022 V                              ; 4.5e-10 s                   ; 4.45e-10 s                  ; Yes                        ; Yes                        ; 2.32 V                      ; 1.08e-06 V                  ; 2.36 V             ; -0.0113 V          ; 0.122 V                             ; 0.022 V                             ; 4.5e-10 s                  ; 4.45e-10 s                 ; Yes                       ; Yes                       ;
; ssd_sec_tens[2]  ; 2.5 V        ; 0 s                 ; 0 s                 ; 2.32 V                       ; 1.08e-06 V                   ; 2.36 V              ; -0.0113 V           ; 0.122 V                              ; 0.022 V                              ; 4.5e-10 s                   ; 4.45e-10 s                  ; Yes                        ; Yes                        ; 2.32 V                      ; 1.08e-06 V                  ; 2.36 V             ; -0.0113 V          ; 0.122 V                             ; 0.022 V                             ; 4.5e-10 s                  ; 4.45e-10 s                 ; Yes                       ; Yes                       ;
; ssd_sec_tens[3]  ; 2.5 V        ; 0 s                 ; 0 s                 ; 2.32 V                       ; 1.08e-06 V                   ; 2.36 V              ; -0.0113 V           ; 0.122 V                              ; 0.022 V                              ; 4.5e-10 s                   ; 4.45e-10 s                  ; Yes                        ; Yes                        ; 2.32 V                      ; 1.08e-06 V                  ; 2.36 V             ; -0.0113 V          ; 0.122 V                             ; 0.022 V                             ; 4.5e-10 s                  ; 4.45e-10 s                 ; Yes                       ; Yes                       ;
; ssd_sec_tens[4]  ; 2.5 V        ; 0 s                 ; 0 s                 ; 2.32 V                       ; 1.08e-06 V                   ; 2.36 V              ; -0.0113 V           ; 0.122 V                              ; 0.022 V                              ; 4.5e-10 s                   ; 4.45e-10 s                  ; Yes                        ; Yes                        ; 2.32 V                      ; 1.08e-06 V                  ; 2.36 V             ; -0.0113 V          ; 0.122 V                             ; 0.022 V                             ; 4.5e-10 s                  ; 4.45e-10 s                 ; Yes                       ; Yes                       ;
; ssd_sec_tens[5]  ; 2.5 V        ; 0 s                 ; 0 s                 ; 2.32 V                       ; 1.08e-06 V                   ; 2.36 V              ; -0.0113 V           ; 0.122 V                              ; 0.022 V                              ; 4.5e-10 s                   ; 4.45e-10 s                  ; Yes                        ; Yes                        ; 2.32 V                      ; 1.08e-06 V                  ; 2.36 V             ; -0.0113 V          ; 0.122 V                             ; 0.022 V                             ; 4.5e-10 s                  ; 4.45e-10 s                 ; Yes                       ; Yes                       ;
; ssd_sec_tens[6]  ; 2.5 V        ; 0 s                 ; 0 s                 ; 2.32 V                       ; 1.08e-06 V                   ; 2.36 V              ; -0.0113 V           ; 0.122 V                              ; 0.022 V                              ; 4.5e-10 s                   ; 4.45e-10 s                  ; Yes                        ; Yes                        ; 2.32 V                      ; 1.08e-06 V                  ; 2.36 V             ; -0.0113 V          ; 0.122 V                             ; 0.022 V                             ; 4.5e-10 s                  ; 4.45e-10 s                 ; Yes                       ; Yes                       ;
; ssd_sec_units[0] ; 2.5 V        ; 0 s                 ; 0 s                 ; 2.32 V                       ; 1.08e-06 V                   ; 2.36 V              ; -0.0113 V           ; 0.122 V                              ; 0.022 V                              ; 4.5e-10 s                   ; 4.45e-10 s                  ; Yes                        ; Yes                        ; 2.32 V                      ; 1.08e-06 V                  ; 2.36 V             ; -0.0113 V          ; 0.122 V                             ; 0.022 V                             ; 4.5e-10 s                  ; 4.45e-10 s                 ; Yes                       ; Yes                       ;
; ssd_sec_units[1] ; 2.5 V        ; 0 s                 ; 0 s                 ; 2.32 V                       ; 1.08e-06 V                   ; 2.36 V              ; -0.0113 V           ; 0.122 V                              ; 0.022 V                              ; 4.5e-10 s                   ; 4.45e-10 s                  ; Yes                        ; Yes                        ; 2.32 V                      ; 1.08e-06 V                  ; 2.36 V             ; -0.0113 V          ; 0.122 V                             ; 0.022 V                             ; 4.5e-10 s                  ; 4.45e-10 s                 ; Yes                       ; Yes                       ;
; ssd_sec_units[2] ; 2.5 V        ; 0 s                 ; 0 s                 ; 2.32 V                       ; 1.08e-06 V                   ; 2.33 V              ; -0.00341 V          ; 0.17 V                               ; 0.084 V                              ; 3.33e-09 s                  ; 3.24e-09 s                  ; Yes                        ; Yes                        ; 2.32 V                      ; 1.08e-06 V                  ; 2.33 V             ; -0.00341 V         ; 0.17 V                              ; 0.084 V                             ; 3.33e-09 s                 ; 3.24e-09 s                 ; Yes                       ; Yes                       ;
; ssd_sec_units[3] ; 2.5 V        ; 0 s                 ; 0 s                 ; 2.32 V                       ; 1.08e-06 V                   ; 2.36 V              ; -0.0113 V           ; 0.122 V                              ; 0.022 V                              ; 4.5e-10 s                   ; 4.45e-10 s                  ; Yes                        ; Yes                        ; 2.32 V                      ; 1.08e-06 V                  ; 2.36 V             ; -0.0113 V          ; 0.122 V                             ; 0.022 V                             ; 4.5e-10 s                  ; 4.45e-10 s                 ; Yes                       ; Yes                       ;
; ssd_sec_units[4] ; 2.5 V        ; 0 s                 ; 0 s                 ; 2.32 V                       ; 1.08e-06 V                   ; 2.36 V              ; -0.0113 V           ; 0.122 V                              ; 0.022 V                              ; 4.5e-10 s                   ; 4.45e-10 s                  ; Yes                        ; Yes                        ; 2.32 V                      ; 1.08e-06 V                  ; 2.36 V             ; -0.0113 V          ; 0.122 V                             ; 0.022 V                             ; 4.5e-10 s                  ; 4.45e-10 s                 ; Yes                       ; Yes                       ;
; ssd_sec_units[5] ; 2.5 V        ; 0 s                 ; 0 s                 ; 2.32 V                       ; 1.08e-06 V                   ; 2.36 V              ; -0.0113 V           ; 0.122 V                              ; 0.022 V                              ; 4.5e-10 s                   ; 4.45e-10 s                  ; Yes                        ; Yes                        ; 2.32 V                      ; 1.08e-06 V                  ; 2.36 V             ; -0.0113 V          ; 0.122 V                             ; 0.022 V                             ; 4.5e-10 s                  ; 4.45e-10 s                 ; Yes                       ; Yes                       ;
; ssd_sec_units[6] ; 2.5 V        ; 0 s                 ; 0 s                 ; 2.32 V                       ; 1.08e-06 V                   ; 2.36 V              ; -0.0113 V           ; 0.122 V                              ; 0.022 V                              ; 4.5e-10 s                   ; 4.45e-10 s                  ; Yes                        ; Yes                        ; 2.32 V                      ; 1.08e-06 V                  ; 2.36 V             ; -0.0113 V          ; 0.122 V                             ; 0.022 V                             ; 4.5e-10 s                  ; 4.45e-10 s                 ; Yes                       ; Yes                       ;
; ~ALTERA_DCLK~    ; 2.5 V        ; 0 s                 ; 0 s                 ; 2.32 V                       ; 5.68e-07 V                   ; 2.35 V              ; -0.0132 V           ; 0.2 V                                ; 0.027 V                              ; 5.26e-10 s                  ; 4.81e-10 s                  ; Yes                        ; Yes                        ; 2.32 V                      ; 5.68e-07 V                  ; 2.35 V             ; -0.0132 V          ; 0.2 V                               ; 0.027 V                             ; 5.26e-10 s                 ; 4.81e-10 s                 ; Yes                       ; Yes                       ;
; ~ALTERA_nCEO~    ; 2.5 V        ; 0 s                 ; 0 s                 ; 2.32 V                       ; 9.36e-07 V                   ; 2.35 V              ; -0.00444 V          ; 0.18 V                               ; 0.019 V                              ; 7.23e-10 s                  ; 9.82e-10 s                  ; Yes                        ; Yes                        ; 2.32 V                      ; 9.36e-07 V                  ; 2.35 V             ; -0.00444 V         ; 0.18 V                              ; 0.019 V                             ; 7.23e-10 s                 ; 9.82e-10 s                 ; Yes                       ; Yes                       ;
+------------------+--------------+---------------------+---------------------+------------------------------+------------------------------+---------------------+---------------------+--------------------------------------+--------------------------------------+-----------------------------+-----------------------------+----------------------------+----------------------------+-----------------------------+-----------------------------+--------------------+--------------------+-------------------------------------+-------------------------------------+----------------------------+----------------------------+---------------------------+---------------------------+


+-----------------------------------------------------------------------------------------------------------------------------------------------------------------------------------------------------------------------------------------------------------------------------------------------------------------------------------------------------------------------------------------------------------------------------------------------------------------------------------------------------------------------------------------------------------------------------------------------------------------------------------------------------------------------------------------------+
; Fast Corner Signal Integrity Metrics                                                                                                                                                                                                                                                                                                                                                                                                                                                                                                                                                                                                                                                          ;
+------------------+--------------+---------------------+---------------------+------------------------------+------------------------------+---------------------+---------------------+--------------------------------------+--------------------------------------+-----------------------------+-----------------------------+----------------------------+----------------------------+-----------------------------+-----------------------------+--------------------+--------------------+-------------------------------------+-------------------------------------+----------------------------+----------------------------+---------------------------+---------------------------+
; Pin              ; I/O Standard ; Board Delay on Rise ; Board Delay on Fall ; Steady State Voh at FPGA Pin ; Steady State Vol at FPGA Pin ; Voh Max at FPGA Pin ; Vol Min at FPGA Pin ; Ringback Voltage on Rise at FPGA Pin ; Ringback Voltage on Fall at FPGA Pin ; 10-90 Rise Time at FPGA Pin ; 90-10 Fall Time at FPGA Pin ; Monotonic Rise at FPGA Pin ; Monotonic Fall at FPGA Pin ; Steady State Voh at Far-end ; Steady State Vol at Far-end ; Voh Max at Far-end ; Vol Min at Far-end ; Ringback Voltage on Rise at Far-end ; Ringback Voltage on Fall at Far-end ; 10-90 Rise Time at Far-end ; 90-10 Fall Time at Far-end ; Monotonic Rise at Far-end ; Monotonic Fall at Far-end ;
+------------------+--------------+---------------------+---------------------+------------------------------+------------------------------+---------------------+---------------------+--------------------------------------+--------------------------------------+-----------------------------+-----------------------------+----------------------------+----------------------------+-----------------------------+-----------------------------+--------------------+--------------------+-------------------------------------+-------------------------------------+----------------------------+----------------------------+---------------------------+---------------------------+
; ssd_min[0]       ; 2.5 V        ; 0 s                 ; 0 s                 ; 2.62 V                       ; 4.11e-08 V                   ; 2.73 V              ; -0.0566 V           ; 0.191 V                              ; 0.12 V                               ; 2.69e-10 s                  ; 2.76e-10 s                  ; Yes                        ; Yes                        ; 2.62 V                      ; 4.11e-08 V                  ; 2.73 V             ; -0.0566 V          ; 0.191 V                             ; 0.12 V                              ; 2.69e-10 s                 ; 2.76e-10 s                 ; Yes                       ; Yes                       ;
; ssd_min[1]       ; 2.5 V        ; 0 s                 ; 0 s                 ; 2.62 V                       ; 4.11e-08 V                   ; 2.73 V              ; -0.0566 V           ; 0.191 V                              ; 0.12 V                               ; 2.69e-10 s                  ; 2.76e-10 s                  ; Yes                        ; Yes                        ; 2.62 V                      ; 4.11e-08 V                  ; 2.73 V             ; -0.0566 V          ; 0.191 V                             ; 0.12 V                              ; 2.69e-10 s                 ; 2.76e-10 s                 ; Yes                       ; Yes                       ;
; ssd_min[2]       ; 2.5 V        ; 0 s                 ; 0 s                 ; 2.62 V                       ; 4.11e-08 V                   ; 2.73 V              ; -0.0566 V           ; 0.191 V                              ; 0.12 V                               ; 2.69e-10 s                  ; 2.76e-10 s                  ; Yes                        ; Yes                        ; 2.62 V                      ; 4.11e-08 V                  ; 2.73 V             ; -0.0566 V          ; 0.191 V                             ; 0.12 V                              ; 2.69e-10 s                 ; 2.76e-10 s                 ; Yes                       ; Yes                       ;
; ssd_min[3]       ; 2.5 V        ; 0 s                 ; 0 s                 ; 2.62 V                       ; 4.11e-08 V                   ; 2.73 V              ; -0.0566 V           ; 0.191 V                              ; 0.12 V                               ; 2.69e-10 s                  ; 2.76e-10 s                  ; Yes                        ; Yes                        ; 2.62 V                      ; 4.11e-08 V                  ; 2.73 V             ; -0.0566 V          ; 0.191 V                             ; 0.12 V                              ; 2.69e-10 s                 ; 2.76e-10 s                 ; Yes                       ; Yes                       ;
; ssd_min[4]       ; 2.5 V        ; 0 s                 ; 0 s                 ; 2.62 V                       ; 4.11e-08 V                   ; 2.73 V              ; -0.0566 V           ; 0.191 V                              ; 0.12 V                               ; 2.69e-10 s                  ; 2.76e-10 s                  ; Yes                        ; Yes                        ; 2.62 V                      ; 4.11e-08 V                  ; 2.73 V             ; -0.0566 V          ; 0.191 V                             ; 0.12 V                              ; 2.69e-10 s                 ; 2.76e-10 s                 ; Yes                       ; Yes                       ;
; ssd_min[5]       ; 2.5 V        ; 0 s                 ; 0 s                 ; 2.62 V                       ; 4.11e-08 V                   ; 2.73 V              ; -0.0566 V           ; 0.191 V                              ; 0.12 V                               ; 2.69e-10 s                  ; 2.76e-10 s                  ; Yes                        ; Yes                        ; 2.62 V                      ; 4.11e-08 V                  ; 2.73 V             ; -0.0566 V          ; 0.191 V                             ; 0.12 V                              ; 2.69e-10 s                 ; 2.76e-10 s                 ; Yes                       ; Yes                       ;
; ssd_min[6]       ; 2.5 V        ; 0 s                 ; 0 s                 ; 2.62 V                       ; 4.11e-08 V                   ; 2.73 V              ; -0.0566 V           ; 0.191 V                              ; 0.12 V                               ; 2.69e-10 s                  ; 2.76e-10 s                  ; Yes                        ; Yes                        ; 2.62 V                      ; 4.11e-08 V                  ; 2.73 V             ; -0.0566 V          ; 0.191 V                             ; 0.12 V                              ; 2.69e-10 s                 ; 2.76e-10 s                 ; Yes                       ; Yes                       ;
; ssd_sec_tens[0]  ; 2.5 V        ; 0 s                 ; 0 s                 ; 2.62 V                       ; 4.11e-08 V                   ; 2.73 V              ; -0.0566 V           ; 0.191 V                              ; 0.12 V                               ; 2.69e-10 s                  ; 2.76e-10 s                  ; Yes                        ; Yes                        ; 2.62 V                      ; 4.11e-08 V                  ; 2.73 V             ; -0.0566 V          ; 0.191 V                             ; 0.12 V                              ; 2.69e-10 s                 ; 2.76e-10 s                 ; Yes                       ; Yes                       ;
; ssd_sec_tens[1]  ; 2.5 V        ; 0 s                 ; 0 s                 ; 2.62 V                       ; 4.11e-08 V                   ; 2.73 V              ; -0.0566 V           ; 0.191 V                              ; 0.12 V                               ; 2.69e-10 s                  ; 2.76e-10 s                  ; Yes                        ; Yes                        ; 2.62 V                      ; 4.11e-08 V                  ; 2.73 V             ; -0.0566 V          ; 0.191 V                             ; 0.12 V                              ; 2.69e-10 s                 ; 2.76e-10 s                 ; Yes                       ; Yes                       ;
; ssd_sec_tens[2]  ; 2.5 V        ; 0 s                 ; 0 s                 ; 2.62 V                       ; 4.11e-08 V                   ; 2.73 V              ; -0.0566 V           ; 0.191 V                              ; 0.12 V                               ; 2.69e-10 s                  ; 2.76e-10 s                  ; Yes                        ; Yes                        ; 2.62 V                      ; 4.11e-08 V                  ; 2.73 V             ; -0.0566 V          ; 0.191 V                             ; 0.12 V                              ; 2.69e-10 s                 ; 2.76e-10 s                 ; Yes                       ; Yes                       ;
; ssd_sec_tens[3]  ; 2.5 V        ; 0 s                 ; 0 s                 ; 2.62 V                       ; 4.11e-08 V                   ; 2.73 V              ; -0.0566 V           ; 0.191 V                              ; 0.12 V                               ; 2.69e-10 s                  ; 2.76e-10 s                  ; Yes                        ; Yes                        ; 2.62 V                      ; 4.11e-08 V                  ; 2.73 V             ; -0.0566 V          ; 0.191 V                             ; 0.12 V                              ; 2.69e-10 s                 ; 2.76e-10 s                 ; Yes                       ; Yes                       ;
; ssd_sec_tens[4]  ; 2.5 V        ; 0 s                 ; 0 s                 ; 2.62 V                       ; 4.11e-08 V                   ; 2.73 V              ; -0.0566 V           ; 0.191 V                              ; 0.12 V                               ; 2.69e-10 s                  ; 2.76e-10 s                  ; Yes                        ; Yes                        ; 2.62 V                      ; 4.11e-08 V                  ; 2.73 V             ; -0.0566 V          ; 0.191 V                             ; 0.12 V                              ; 2.69e-10 s                 ; 2.76e-10 s                 ; Yes                       ; Yes                       ;
; ssd_sec_tens[5]  ; 2.5 V        ; 0 s                 ; 0 s                 ; 2.62 V                       ; 4.11e-08 V                   ; 2.73 V              ; -0.0566 V           ; 0.191 V                              ; 0.12 V                               ; 2.69e-10 s                  ; 2.76e-10 s                  ; Yes                        ; Yes                        ; 2.62 V                      ; 4.11e-08 V                  ; 2.73 V             ; -0.0566 V          ; 0.191 V                             ; 0.12 V                              ; 2.69e-10 s                 ; 2.76e-10 s                 ; Yes                       ; Yes                       ;
; ssd_sec_tens[6]  ; 2.5 V        ; 0 s                 ; 0 s                 ; 2.62 V                       ; 4.11e-08 V                   ; 2.73 V              ; -0.0566 V           ; 0.191 V                              ; 0.12 V                               ; 2.69e-10 s                  ; 2.76e-10 s                  ; Yes                        ; Yes                        ; 2.62 V                      ; 4.11e-08 V                  ; 2.73 V             ; -0.0566 V          ; 0.191 V                             ; 0.12 V                              ; 2.69e-10 s                 ; 2.76e-10 s                 ; Yes                       ; Yes                       ;
; ssd_sec_units[0] ; 2.5 V        ; 0 s                 ; 0 s                 ; 2.62 V                       ; 4.11e-08 V                   ; 2.73 V              ; -0.0566 V           ; 0.191 V                              ; 0.12 V                               ; 2.69e-10 s                  ; 2.76e-10 s                  ; Yes                        ; Yes                        ; 2.62 V                      ; 4.11e-08 V                  ; 2.73 V             ; -0.0566 V          ; 0.191 V                             ; 0.12 V                              ; 2.69e-10 s                 ; 2.76e-10 s                 ; Yes                       ; Yes                       ;
; ssd_sec_units[1] ; 2.5 V        ; 0 s                 ; 0 s                 ; 2.62 V                       ; 4.11e-08 V                   ; 2.73 V              ; -0.0566 V           ; 0.191 V                              ; 0.12 V                               ; 2.69e-10 s                  ; 2.76e-10 s                  ; Yes                        ; Yes                        ; 2.62 V                      ; 4.11e-08 V                  ; 2.73 V             ; -0.0566 V          ; 0.191 V                             ; 0.12 V                              ; 2.69e-10 s                 ; 2.76e-10 s                 ; Yes                       ; Yes                       ;
; ssd_sec_units[2] ; 2.5 V        ; 0 s                 ; 0 s                 ; 2.62 V                       ; 4.11e-08 V                   ; 2.64 V              ; -0.011 V            ; 0.212 V                              ; 0.198 V                              ; 2.38e-09 s                  ; 2.29e-09 s                  ; No                         ; Yes                        ; 2.62 V                      ; 4.11e-08 V                  ; 2.64 V             ; -0.011 V           ; 0.212 V                             ; 0.198 V                             ; 2.38e-09 s                 ; 2.29e-09 s                 ; No                        ; Yes                       ;
; ssd_sec_units[3] ; 2.5 V        ; 0 s                 ; 0 s                 ; 2.62 V                       ; 4.11e-08 V                   ; 2.73 V              ; -0.0566 V           ; 0.191 V                              ; 0.12 V                               ; 2.69e-10 s                  ; 2.76e-10 s                  ; Yes                        ; Yes                        ; 2.62 V                      ; 4.11e-08 V                  ; 2.73 V             ; -0.0566 V          ; 0.191 V                             ; 0.12 V                              ; 2.69e-10 s                 ; 2.76e-10 s                 ; Yes                       ; Yes                       ;
; ssd_sec_units[4] ; 2.5 V        ; 0 s                 ; 0 s                 ; 2.62 V                       ; 4.11e-08 V                   ; 2.73 V              ; -0.0566 V           ; 0.191 V                              ; 0.12 V                               ; 2.69e-10 s                  ; 2.76e-10 s                  ; Yes                        ; Yes                        ; 2.62 V                      ; 4.11e-08 V                  ; 2.73 V             ; -0.0566 V          ; 0.191 V                             ; 0.12 V                              ; 2.69e-10 s                 ; 2.76e-10 s                 ; Yes                       ; Yes                       ;
; ssd_sec_units[5] ; 2.5 V        ; 0 s                 ; 0 s                 ; 2.62 V                       ; 4.11e-08 V                   ; 2.73 V              ; -0.0566 V           ; 0.191 V                              ; 0.12 V                               ; 2.69e-10 s                  ; 2.76e-10 s                  ; Yes                        ; Yes                        ; 2.62 V                      ; 4.11e-08 V                  ; 2.73 V             ; -0.0566 V          ; 0.191 V                             ; 0.12 V                              ; 2.69e-10 s                 ; 2.76e-10 s                 ; Yes                       ; Yes                       ;
; ssd_sec_units[6] ; 2.5 V        ; 0 s                 ; 0 s                 ; 2.62 V                       ; 4.11e-08 V                   ; 2.73 V              ; -0.0566 V           ; 0.191 V                              ; 0.12 V                               ; 2.69e-10 s                  ; 2.76e-10 s                  ; Yes                        ; Yes                        ; 2.62 V                      ; 4.11e-08 V                  ; 2.73 V             ; -0.0566 V          ; 0.191 V                             ; 0.12 V                              ; 2.69e-10 s                 ; 2.76e-10 s                 ; Yes                       ; Yes                       ;
; ~ALTERA_DCLK~    ; 2.5 V        ; 0 s                 ; 0 s                 ; 2.62 V                       ; 2.22e-08 V                   ; 2.72 V              ; -0.0747 V           ; 0.28 V                               ; 0.169 V                              ; 3.1e-10 s                   ; 3.01e-10 s                  ; No                         ; Yes                        ; 2.62 V                      ; 2.22e-08 V                  ; 2.72 V             ; -0.0747 V          ; 0.28 V                              ; 0.169 V                             ; 3.1e-10 s                  ; 3.01e-10 s                 ; No                        ; Yes                       ;
; ~ALTERA_nCEO~    ; 2.5 V        ; 0 s                 ; 0 s                 ; 2.62 V                       ; 3.53e-08 V                   ; 2.7 V               ; -0.0212 V           ; 0.204 V                              ; 0.049 V                              ; 4.85e-10 s                  ; 6.73e-10 s                  ; No                         ; Yes                        ; 2.62 V                      ; 3.53e-08 V                  ; 2.7 V              ; -0.0212 V          ; 0.204 V                             ; 0.049 V                             ; 4.85e-10 s                 ; 6.73e-10 s                 ; No                        ; Yes                       ;
+------------------+--------------+---------------------+---------------------+------------------------------+------------------------------+---------------------+---------------------+--------------------------------------+--------------------------------------+-----------------------------+-----------------------------+----------------------------+----------------------------+-----------------------------+-----------------------------+--------------------+--------------------+-------------------------------------+-------------------------------------+----------------------------+----------------------------+---------------------------+---------------------------+


+-------------------------------------------------------------------+
; Setup Transfers                                                   ;
+------------+----------+----------+----------+----------+----------+
; From Clock ; To Clock ; RR Paths ; FR Paths ; RF Paths ; FF Paths ;
+------------+----------+----------+----------+----------+----------+
; clk        ; clk      ; 193      ; 0        ; 0        ; 0        ;
+------------+----------+----------+----------+----------+----------+
Entries labeled "false path" only account for clock-to-clock false paths and not path-based false paths. As a result, actual path counts may be lower than reported.


+-------------------------------------------------------------------+
; Hold Transfers                                                    ;
+------------+----------+----------+----------+----------+----------+
; From Clock ; To Clock ; RR Paths ; FR Paths ; RF Paths ; FF Paths ;
+------------+----------+----------+----------+----------+----------+
; clk        ; clk      ; 193      ; 0        ; 0        ; 0        ;
+------------+----------+----------+----------+----------+----------+
Entries labeled "false path" only account for clock-to-clock false paths and not path-based false paths. As a result, actual path counts may be lower than reported.


---------------
; Report TCCS ;
---------------
No dedicated SERDES Transmitter circuitry present in device or used in design


---------------
; Report RSKM ;
---------------
No dedicated SERDES Receiver circuitry present in device or used in design


+------------------------------------------------+
; Unconstrained Paths                            ;
+---------------------------------+-------+------+
; Property                        ; Setup ; Hold ;
+---------------------------------+-------+------+
; Illegal Clocks                  ; 0     ; 0    ;
; Unconstrained Clocks            ; 0     ; 0    ;
; Unconstrained Input Ports       ; 1     ; 1    ;
; Unconstrained Input Port Paths  ; 15    ; 15   ;
; Unconstrained Output Ports      ; 21    ; 21   ;
; Unconstrained Output Port Paths ; 77    ; 77   ;
+---------------------------------+-------+------+


+------------------------------------+
; TimeQuest Timing Analyzer Messages ;
+------------------------------------+
Info: *******************************************************************
Info: Running Quartus II 64-Bit TimeQuest Timing Analyzer
    Info: Version 13.0.0 Build 156 04/24/2013 SJ Web Edition
    Info: Processing started: Mon Sep 21 16:38:28 2026
Info: Command: quartus_sta Contador -c Contador
Info: qsta_default_script.tcl version: #1
Warning (20028): Parallel compilation is not licensed and has been disabled
Info (21077): Core supply voltage is 1.2V
Info (21077): Low junction temperature is 0 degrees C
Info (21077): High junction temperature is 85 degrees C
Critical Warning (332012): Synopsys Design Constraints File file not found: 'Contador.sdc'. A Synopsys Design Constraints File is required by the TimeQuest Timing Analyzer to get proper timing constraints. Without it, the Compiler will not properly optimize the design.
Info (332142): No user constrained base clocks found in the design. Calling "derive_clocks -period 1.0"
Info (332105): Deriving Clocks
    Info (332105): create_clock -period 1.000 -name clk clk
Info (332143): No user constrained clock uncertainty found in the design. Calling "derive_clock_uncertainty"
Info (332123): Deriving Clock Uncertainty. Please refer to report_sdc in TimeQuest to see clock uncertainties.
Info: Found TIMEQUEST_REPORT_SCRIPT_INCLUDE_DEFAULT_ANALYSIS = ON
Info: Analyzing Slow 1200mV 85C Model
Critical Warning (332148): Timing requirements not met
    Info (11105): For recommendations on closing timing, run Report Timing Closure Recommendations in the TimeQuest Timing Analyzer.
Info (332146): Worst-case setup slack is -1.279
    Info (332119):     Slack End Point TNS Clock 
    Info (332119): ========= ============= =====================
    Info (332119):    -1.279       -12.214 clk 
Info (332146): Worst-case hold slack is 0.344
    Info (332119):     Slack End Point TNS Clock 
    Info (332119): ========= ============= =====================
    Info (332119):     0.344         0.000 clk 
Info (332140): No Recovery paths to report
Info (332140): No Removal paths to report
Info (332146): Worst-case minimum pulse width slack is -3.000
    Info (332119):     Slack End Point TNS Clock 
    Info (332119): ========= ============= =====================
    Info (332119):    -3.000       -18.000 clk 
Info: Analyzing Slow 1200mV 0C Model
Info (334003): Started post-fitting delay annotation
Info (334004): Delay annotation completed successfully
Info (332123): Deriving Clock Uncertainty. Please refer to report_sdc in TimeQuest to see clock uncertainties.
Critical Warning (332148): Timing requirements not met
    Info (11105): For recommendations on closing timing, run Report Timing Closure Recommendations in the TimeQuest Timing Analyzer.
Info (332146): Worst-case setup slack is -1.041
    Info (332119):     Slack End Point TNS Clock 
    Info (332119): ========= ============= =====================
    Info (332119):    -1.041        -9.604 clk 
Info (332146): Worst-case hold slack is 0.298
    Info (332119):     Slack End Point TNS Clock 
    Info (332119): ========= ============= =====================
    Info (332119):     0.298         0.000 clk 
Info (332140): No Recovery paths to report
Info (332140): No Removal paths to report
Info (332146): Worst-case minimum pulse width slack is -3.000
    Info (332119):     Slack End Point TNS Clock 
    Info (332119): ========= ============= =====================
    Info (332119):    -3.000       -18.000 clk 
Info: Analyzing Fast 1200mV 0C Model
Info (332123): Deriving Clock Uncertainty. Please refer to report_sdc in TimeQuest to see clock uncertainties.
Critical Warning (332148): Timing requirements not met
    Info (11105): For recommendations on closing timing, run Report Timing Closure Recommendations in the TimeQuest Timing Analyzer.
Info (332146): Worst-case setup slack is -0.268
    Info (332119):     Slack End Point TNS Clock 
    Info (332119): ========= ============= =====================
    Info (332119):    -0.268        -1.528 clk 
Info (332146): Worst-case hold slack is 0.179
    Info (332119):     Slack End Point TNS Clock 
    Info (332119): ========= ============= =====================
    Info (332119):     0.179         0.000 clk 
Info (332140): No Recovery paths to report
Info (332140): No Removal paths to report
Info (332146): Worst-case minimum pulse width slack is -3.000
    Info (332119):     Slack End Point TNS Clock 
    Info (332119): ========= ============= =====================
    Info (332119):    -3.000       -18.936 clk 
Info (332102): Design is not fully constrained for setup requirements
Info (332102): Design is not fully constrained for hold requirements
Info: Quartus II 64-Bit TimeQuest Timing Analyzer was successful. 0 errors, 5 warnings
    Info: Peak virtual memory: 4591 megabytes
    Info: Processing ended: Mon Sep 21 16:38:29 2026
    Info: Elapsed time: 00:00:01
    Info: Total CPU time (on all processors): 00:00:01


