TimeQuest Timing Analyzer report for monoboton
Tue Sep 22 15:01:38 2026
Quartus II 64-Bit Version 13.0.0 Build 156 04/24/2013 SJ Web Edition


---------------------
; Table of Contents ;
---------------------
  1. Legal Notice
  2. TimeQuest Timing Analyzer Summary
  3. Parallel Compilation
  4. Clocks
  5. Slow 1200mV 85C Model Fmax Summary
  6. Timing Closure Recommendations
  7. Slow 1200mV 85C Model Setup Summary
  8. Slow 1200mV 85C Model Hold Summary
  9. Slow 1200mV 85C Model Recovery Summary
 10. Slow 1200mV 85C Model Removal Summary
 11. Slow 1200mV 85C Model Minimum Pulse Width Summary
 12. Slow 1200mV 85C Model Setup: 'clk'
 13. Slow 1200mV 85C Model Hold: 'clk'
 14. Slow 1200mV 85C Model Minimum Pulse Width: 'clk'
 15. Setup Times
 16. Hold Times
 17. Clock to Output Times
 18. Minimum Clock to Output Times
 19. Slow 1200mV 85C Model Metastability Report
 20. Slow 1200mV 0C Model Fmax Summary
 21. Slow 1200mV 0C Model Setup Summary
 22. Slow 1200mV 0C Model Hold Summary
 23. Slow 1200mV 0C Model Recovery Summary
 24. Slow 1200mV 0C Model Removal Summary
 25. Slow 1200mV 0C Model Minimum Pulse Width Summary
 26. Slow 1200mV 0C Model Setup: 'clk'
 27. Slow 1200mV 0C Model Hold: 'clk'
 28. Slow 1200mV 0C Model Minimum Pulse Width: 'clk'
 29. Setup Times
 30. Hold Times
 31. Clock to Output Times
 32. Minimum Clock to Output Times
 33. Slow 1200mV 0C Model Metastability Report
 34. Fast 1200mV 0C Model Setup Summary
 35. Fast 1200mV 0C Model Hold Summary
 36. Fast 1200mV 0C Model Recovery Summary
 37. Fast 1200mV 0C Model Removal Summary
 38. Fast 1200mV 0C Model Minimum Pulse Width Summary
 39. Fast 1200mV 0C Model Setup: 'clk'
 40. Fast 1200mV 0C Model Hold: 'clk'
 41. Fast 1200mV 0C Model Minimum Pulse Width: 'clk'
 42. Setup Times
 43. Hold Times
 44. Clock to Output Times
 45. Minimum Clock to Output Times
 46. Fast 1200mV 0C Model Metastability Report
 47. Multicorner Timing Analysis Summary
 48. Setup Times
 49. Hold Times
 50. Clock to Output Times
 51. Minimum Clock to Output Times
 52. Board Trace Model Assignments
 53. Input Transition Times
 54. Slow Corner Signal Integrity Metrics
 55. Fast Corner Signal Integrity Metrics
 56. Setup Transfers
 57. Hold Transfers
 58. Report TCCS
 59. Report RSKM
 60. Unconstrained Paths
 61. TimeQuest Timing Analyzer Messages



----------------
; Legal Notice ;
----------------
Copyright (C) 1991-2013 Altera Corporation
Your use of Altera Corporation's design tools, logic functions 
and other software and tools, and its AMPP partner logic 
functions, and any output files from any of the foregoing 
(including device programming or simulation files), and any 
associated documentation or information are expressly subject 
to the terms and conditions of the Altera Program License 
Subscription Agreement, Altera MegaCore Function License 
Agreement, or other applicable license agreement, including, 
without limitation, that your use is for the sole purpose of 
programming logic devices manufactured by Altera and sold by 
Altera or its authorized distributors.  Please refer to the 
applicable agreement for further details.



+-------------------------------------------------------------------------+
; TimeQuest Timing Analyzer Summary                                       ;
+--------------------+----------------------------------------------------+
; Quartus II Version ; Version 13.0.0 Build 156 04/24/2013 SJ Web Edition ;
; Revision Name      ; monoboton                                          ;
; Device Family      ; Cyclone III                                        ;
; Device Name        ; EP3C16F484C6                                       ;
; Timing Models      ; Final                                              ;
; Delay Model        ; Combined                                           ;
; Rise/Fall Delays   ; Enabled                                            ;
+--------------------+----------------------------------------------------+


Parallel compilation was disabled, but you have multiple processors available. Enable parallel compilation to reduce compilation time.
+-------------------------------------+
; Parallel Compilation                ;
+----------------------------+--------+
; Processors                 ; Number ;
+----------------------------+--------+
; Number detected on machine ; 12     ;
; Maximum allowed            ; 1      ;
+----------------------------+--------+


+---------------------------------------------------------------------------------------------------------------------------------------------------------------------------------+
; Clocks                                                                                                                                                                          ;
+------------+------+--------+------------+-------+-------+------------+-----------+-------------+-------+--------+-----------+------------+----------+--------+--------+---------+
; Clock Name ; Type ; Period ; Frequency  ; Rise  ; Fall  ; Duty Cycle ; Divide by ; Multiply by ; Phase ; Offset ; Edge List ; Edge Shift ; Inverted ; Master ; Source ; Targets ;
+------------+------+--------+------------+-------+-------+------------+-----------+-------------+-------+--------+-----------+------------+----------+--------+--------+---------+
; clk        ; Base ; 1.000  ; 1000.0 MHz ; 0.000 ; 0.500 ;            ;           ;             ;       ;        ;           ;            ;          ;        ;        ; { clk } ;
+------------+------+--------+------------+-------+-------+------------+-----------+-------------+-------+--------+-----------+------------+----------+--------+--------+---------+


+-----------------------------------------------------------------------------------------------------------+
; Slow 1200mV 85C Model Fmax Summary                                                                        ;
+------------+-----------------+------------+---------------------------------------------------------------+
; Fmax       ; Restricted Fmax ; Clock Name ; Note                                                          ;
+------------+-----------------+------------+---------------------------------------------------------------+
; 351.74 MHz ; 250.0 MHz       ; clk        ; limit due to minimum period restriction (max I/O toggle rate) ;
+------------+-----------------+------------+---------------------------------------------------------------+
This panel reports FMAX for every clock in the design, regardless of the user-specified clock periods.  FMAX is only computed for paths where the source and destination registers or ports are driven by the same clock.  Paths of different clocks, including generated clocks, are ignored.  For paths between a clock and its inversion, FMAX is computed as if the rising and falling edges are scaled along with FMAX, such that the duty cycle (in terms of a percentage) is maintained. Altera recommends that you always use clock constraints and other slack reports for sign-off analysis.


----------------------------------
; Timing Closure Recommendations ;
----------------------------------
HTML report is unavailable in plain text report export.


+-------------------------------------+
; Slow 1200mV 85C Model Setup Summary ;
+-------+--------+--------------------+
; Clock ; Slack  ; End Point TNS      ;
+-------+--------+--------------------+
; clk   ; -1.843 ; -73.489            ;
+-------+--------+--------------------+


+------------------------------------+
; Slow 1200mV 85C Model Hold Summary ;
+-------+-------+--------------------+
; Clock ; Slack ; End Point TNS      ;
+-------+-------+--------------------+
; clk   ; 0.358 ; 0.000              ;
+-------+-------+--------------------+


------------------------------------------
; Slow 1200mV 85C Model Recovery Summary ;
------------------------------------------
No paths to report.


-----------------------------------------
; Slow 1200mV 85C Model Removal Summary ;
-----------------------------------------
No paths to report.


+---------------------------------------------------+
; Slow 1200mV 85C Model Minimum Pulse Width Summary ;
+-------+--------+----------------------------------+
; Clock ; Slack  ; End Point TNS                    ;
+-------+--------+----------------------------------+
; clk   ; -3.000 ; -59.000                          ;
+-------+--------+----------------------------------+


+------------------------------------------------------------------------------------------------------------------------------------------------------+
; Slow 1200mV 85C Model Setup: 'clk'                                                                                                                   ;
+--------+-----------------------------------+-----------------------------------+--------------+-------------+--------------+------------+------------+
; Slack  ; From Node                         ; To Node                           ; Launch Clock ; Latch Clock ; Relationship ; Clock Skew ; Data Delay ;
+--------+-----------------------------------+-----------------------------------+--------------+-------------+--------------+------------+------------+
; -1.843 ; control3:CEREBRO|cont_presion[10] ; control3:CEREBRO|estado_run       ; clk          ; clk         ; 1.000        ; -0.061     ; 2.777      ;
; -1.777 ; control3:CEREBRO|cont_presion[7]  ; control3:CEREBRO|estado_run       ; clk          ; clk         ; 1.000        ; -0.061     ; 2.711      ;
; -1.745 ; control3:CEREBRO|cont_presion[4]  ; control3:CEREBRO|cont_presion[0]  ; clk          ; clk         ; 1.000        ; -0.061     ; 2.679      ;
; -1.745 ; control3:CEREBRO|cont_presion[4]  ; control3:CEREBRO|cont_presion[1]  ; clk          ; clk         ; 1.000        ; -0.061     ; 2.679      ;
; -1.745 ; control3:CEREBRO|cont_presion[4]  ; control3:CEREBRO|cont_presion[2]  ; clk          ; clk         ; 1.000        ; -0.061     ; 2.679      ;
; -1.745 ; control3:CEREBRO|cont_presion[4]  ; control3:CEREBRO|cont_presion[3]  ; clk          ; clk         ; 1.000        ; -0.061     ; 2.679      ;
; -1.745 ; control3:CEREBRO|cont_presion[4]  ; control3:CEREBRO|cont_presion[4]  ; clk          ; clk         ; 1.000        ; -0.061     ; 2.679      ;
; -1.745 ; control3:CEREBRO|cont_presion[4]  ; control3:CEREBRO|cont_presion[5]  ; clk          ; clk         ; 1.000        ; -0.061     ; 2.679      ;
; -1.745 ; control3:CEREBRO|cont_presion[4]  ; control3:CEREBRO|cont_presion[6]  ; clk          ; clk         ; 1.000        ; -0.061     ; 2.679      ;
; -1.745 ; control3:CEREBRO|cont_presion[4]  ; control3:CEREBRO|cont_presion[7]  ; clk          ; clk         ; 1.000        ; -0.061     ; 2.679      ;
; -1.745 ; control3:CEREBRO|cont_presion[4]  ; control3:CEREBRO|cont_presion[8]  ; clk          ; clk         ; 1.000        ; -0.061     ; 2.679      ;
; -1.745 ; control3:CEREBRO|cont_presion[4]  ; control3:CEREBRO|cont_presion[9]  ; clk          ; clk         ; 1.000        ; -0.061     ; 2.679      ;
; -1.745 ; control3:CEREBRO|cont_presion[4]  ; control3:CEREBRO|cont_presion[10] ; clk          ; clk         ; 1.000        ; -0.061     ; 2.679      ;
; -1.745 ; control3:CEREBRO|cont_presion[4]  ; control3:CEREBRO|cont_presion[11] ; clk          ; clk         ; 1.000        ; -0.061     ; 2.679      ;
; -1.697 ; control3:CEREBRO|cont_presion[4]  ; control3:CEREBRO|estado_run       ; clk          ; clk         ; 1.000        ; -0.061     ; 2.631      ;
; -1.683 ; control3:CEREBRO|cont_presion[6]  ; control3:CEREBRO|estado_run       ; clk          ; clk         ; 1.000        ; -0.061     ; 2.617      ;
; -1.656 ; control3:CEREBRO|cont_presion[11] ; control3:CEREBRO|estado_run       ; clk          ; clk         ; 1.000        ; -0.061     ; 2.590      ;
; -1.621 ; control3:CEREBRO|cont_presion[2]  ; control3:CEREBRO|estado_run       ; clk          ; clk         ; 1.000        ; -0.061     ; 2.555      ;
; -1.619 ; control3:CEREBRO|cont_presion[1]  ; control3:CEREBRO|estado_run       ; clk          ; clk         ; 1.000        ; -0.061     ; 2.553      ;
; -1.617 ; control3:CEREBRO|cont_presion[5]  ; control3:CEREBRO|cont_presion[0]  ; clk          ; clk         ; 1.000        ; -0.061     ; 2.551      ;
; -1.617 ; control3:CEREBRO|cont_presion[5]  ; control3:CEREBRO|cont_presion[1]  ; clk          ; clk         ; 1.000        ; -0.061     ; 2.551      ;
; -1.617 ; control3:CEREBRO|cont_presion[5]  ; control3:CEREBRO|cont_presion[2]  ; clk          ; clk         ; 1.000        ; -0.061     ; 2.551      ;
; -1.617 ; control3:CEREBRO|cont_presion[5]  ; control3:CEREBRO|cont_presion[3]  ; clk          ; clk         ; 1.000        ; -0.061     ; 2.551      ;
; -1.617 ; control3:CEREBRO|cont_presion[5]  ; control3:CEREBRO|cont_presion[4]  ; clk          ; clk         ; 1.000        ; -0.061     ; 2.551      ;
; -1.617 ; control3:CEREBRO|cont_presion[5]  ; control3:CEREBRO|cont_presion[5]  ; clk          ; clk         ; 1.000        ; -0.061     ; 2.551      ;
; -1.617 ; control3:CEREBRO|cont_presion[5]  ; control3:CEREBRO|cont_presion[6]  ; clk          ; clk         ; 1.000        ; -0.061     ; 2.551      ;
; -1.617 ; control3:CEREBRO|cont_presion[5]  ; control3:CEREBRO|cont_presion[7]  ; clk          ; clk         ; 1.000        ; -0.061     ; 2.551      ;
; -1.617 ; control3:CEREBRO|cont_presion[5]  ; control3:CEREBRO|cont_presion[8]  ; clk          ; clk         ; 1.000        ; -0.061     ; 2.551      ;
; -1.617 ; control3:CEREBRO|cont_presion[5]  ; control3:CEREBRO|cont_presion[9]  ; clk          ; clk         ; 1.000        ; -0.061     ; 2.551      ;
; -1.617 ; control3:CEREBRO|cont_presion[5]  ; control3:CEREBRO|cont_presion[10] ; clk          ; clk         ; 1.000        ; -0.061     ; 2.551      ;
; -1.617 ; control3:CEREBRO|cont_presion[5]  ; control3:CEREBRO|cont_presion[11] ; clk          ; clk         ; 1.000        ; -0.061     ; 2.551      ;
; -1.615 ; control3:CEREBRO|cont_presion[9]  ; control3:CEREBRO|estado_run       ; clk          ; clk         ; 1.000        ; -0.061     ; 2.549      ;
; -1.599 ; control3:CEREBRO|cont_presion[8]  ; control3:CEREBRO|estado_run       ; clk          ; clk         ; 1.000        ; -0.061     ; 2.533      ;
; -1.570 ; control3:CEREBRO|cont_1s[2]       ; control3:CEREBRO|cont_1s[5]       ; clk          ; clk         ; 1.000        ; -0.061     ; 2.504      ;
; -1.563 ; control3:CEREBRO|cont_1s[2]       ; control3:CEREBRO|cont_1s[8]       ; clk          ; clk         ; 1.000        ; -0.061     ; 2.497      ;
; -1.562 ; control3:CEREBRO|cont_1s[2]       ; control3:CEREBRO|cont_1s[6]       ; clk          ; clk         ; 1.000        ; -0.061     ; 2.496      ;
; -1.553 ; control3:CEREBRO|cont_presion[5]  ; control3:CEREBRO|estado_run       ; clk          ; clk         ; 1.000        ; -0.061     ; 2.487      ;
; -1.536 ; control3:CEREBRO|cont_1ms[0]      ; control3:CEREBRO|cont_1ms[15]     ; clk          ; clk         ; 1.000        ; 0.289      ; 2.820      ;
; -1.534 ; control3:CEREBRO|cont_presion[10] ; control3:CEREBRO|reset_sig        ; clk          ; clk         ; 1.000        ; -0.061     ; 2.468      ;
; -1.533 ; control3:CEREBRO|cont_1ms[1]      ; control3:CEREBRO|cont_1ms[15]     ; clk          ; clk         ; 1.000        ; 0.289      ; 2.817      ;
; -1.531 ; control3:CEREBRO|su[1]            ; control3:CEREBRO|sd[0]            ; clk          ; clk         ; 1.000        ; -0.062     ; 2.464      ;
; -1.531 ; control3:CEREBRO|su[1]            ; control3:CEREBRO|sd[1]            ; clk          ; clk         ; 1.000        ; -0.062     ; 2.464      ;
; -1.531 ; control3:CEREBRO|su[1]            ; control3:CEREBRO|sd[2]            ; clk          ; clk         ; 1.000        ; -0.062     ; 2.464      ;
; -1.531 ; control3:CEREBRO|su[1]            ; control3:CEREBRO|sd[3]            ; clk          ; clk         ; 1.000        ; -0.062     ; 2.464      ;
; -1.526 ; control3:CEREBRO|cont_1s[6]       ; control3:CEREBRO|cont_1s[5]       ; clk          ; clk         ; 1.000        ; -0.061     ; 2.460      ;
; -1.519 ; control3:CEREBRO|cont_1s[6]       ; control3:CEREBRO|cont_1s[8]       ; clk          ; clk         ; 1.000        ; -0.061     ; 2.453      ;
; -1.518 ; control3:CEREBRO|cont_1s[6]       ; control3:CEREBRO|cont_1s[6]       ; clk          ; clk         ; 1.000        ; -0.061     ; 2.452      ;
; -1.516 ; control3:CEREBRO|su[2]            ; control3:CEREBRO|sd[0]            ; clk          ; clk         ; 1.000        ; -0.062     ; 2.449      ;
; -1.516 ; control3:CEREBRO|su[2]            ; control3:CEREBRO|sd[1]            ; clk          ; clk         ; 1.000        ; -0.062     ; 2.449      ;
; -1.516 ; control3:CEREBRO|su[2]            ; control3:CEREBRO|sd[2]            ; clk          ; clk         ; 1.000        ; -0.062     ; 2.449      ;
; -1.516 ; control3:CEREBRO|su[2]            ; control3:CEREBRO|sd[3]            ; clk          ; clk         ; 1.000        ; -0.062     ; 2.449      ;
; -1.510 ; control3:CEREBRO|cont_1s[7]       ; control3:CEREBRO|cont_1s[5]       ; clk          ; clk         ; 1.000        ; -0.061     ; 2.444      ;
; -1.503 ; control3:CEREBRO|cont_1s[7]       ; control3:CEREBRO|cont_1s[8]       ; clk          ; clk         ; 1.000        ; -0.061     ; 2.437      ;
; -1.502 ; control3:CEREBRO|cont_1s[7]       ; control3:CEREBRO|cont_1s[6]       ; clk          ; clk         ; 1.000        ; -0.061     ; 2.436      ;
; -1.493 ; control3:CEREBRO|cont_presion[3]  ; control3:CEREBRO|estado_run       ; clk          ; clk         ; 1.000        ; -0.061     ; 2.427      ;
; -1.491 ; control3:CEREBRO|cont_1ms[14]     ; control3:CEREBRO|cont_1ms[6]      ; clk          ; clk         ; 1.000        ; -0.428     ; 2.058      ;
; -1.490 ; control3:CEREBRO|cont_1ms[14]     ; control3:CEREBRO|cont_1ms[4]      ; clk          ; clk         ; 1.000        ; -0.428     ; 2.057      ;
; -1.485 ; control3:CEREBRO|su[1]            ; control3:CEREBRO|min[0]           ; clk          ; clk         ; 1.000        ; -0.067     ; 2.413      ;
; -1.482 ; control3:CEREBRO|su[1]            ; control3:CEREBRO|min[3]           ; clk          ; clk         ; 1.000        ; -0.067     ; 2.410      ;
; -1.481 ; control3:CEREBRO|su[1]            ; control3:CEREBRO|min[1]           ; clk          ; clk         ; 1.000        ; -0.067     ; 2.409      ;
; -1.481 ; control3:CEREBRO|su[1]            ; control3:CEREBRO|min[2]           ; clk          ; clk         ; 1.000        ; -0.067     ; 2.409      ;
; -1.470 ; control3:CEREBRO|su[2]            ; control3:CEREBRO|min[0]           ; clk          ; clk         ; 1.000        ; -0.067     ; 2.398      ;
; -1.467 ; control3:CEREBRO|su[2]            ; control3:CEREBRO|min[3]           ; clk          ; clk         ; 1.000        ; -0.067     ; 2.395      ;
; -1.466 ; control3:CEREBRO|su[2]            ; control3:CEREBRO|min[1]           ; clk          ; clk         ; 1.000        ; -0.067     ; 2.394      ;
; -1.466 ; control3:CEREBRO|su[2]            ; control3:CEREBRO|min[2]           ; clk          ; clk         ; 1.000        ; -0.067     ; 2.394      ;
; -1.459 ; control3:CEREBRO|reset_sig        ; control3:CEREBRO|su[0]            ; clk          ; clk         ; 1.000        ; -0.055     ; 2.399      ;
; -1.459 ; control3:CEREBRO|reset_sig        ; control3:CEREBRO|su[1]            ; clk          ; clk         ; 1.000        ; -0.055     ; 2.399      ;
; -1.459 ; control3:CEREBRO|reset_sig        ; control3:CEREBRO|su[2]            ; clk          ; clk         ; 1.000        ; -0.055     ; 2.399      ;
; -1.459 ; control3:CEREBRO|reset_sig        ; control3:CEREBRO|su[3]            ; clk          ; clk         ; 1.000        ; -0.055     ; 2.399      ;
; -1.449 ; control3:CEREBRO|cont_presion[3]  ; control3:CEREBRO|cont_presion[0]  ; clk          ; clk         ; 1.000        ; -0.061     ; 2.383      ;
; -1.449 ; control3:CEREBRO|cont_presion[3]  ; control3:CEREBRO|cont_presion[1]  ; clk          ; clk         ; 1.000        ; -0.061     ; 2.383      ;
; -1.449 ; control3:CEREBRO|cont_presion[3]  ; control3:CEREBRO|cont_presion[2]  ; clk          ; clk         ; 1.000        ; -0.061     ; 2.383      ;
; -1.449 ; control3:CEREBRO|cont_presion[3]  ; control3:CEREBRO|cont_presion[3]  ; clk          ; clk         ; 1.000        ; -0.061     ; 2.383      ;
; -1.449 ; control3:CEREBRO|cont_presion[3]  ; control3:CEREBRO|cont_presion[4]  ; clk          ; clk         ; 1.000        ; -0.061     ; 2.383      ;
; -1.449 ; control3:CEREBRO|cont_presion[3]  ; control3:CEREBRO|cont_presion[5]  ; clk          ; clk         ; 1.000        ; -0.061     ; 2.383      ;
; -1.449 ; control3:CEREBRO|cont_presion[3]  ; control3:CEREBRO|cont_presion[6]  ; clk          ; clk         ; 1.000        ; -0.061     ; 2.383      ;
; -1.449 ; control3:CEREBRO|cont_presion[3]  ; control3:CEREBRO|cont_presion[7]  ; clk          ; clk         ; 1.000        ; -0.061     ; 2.383      ;
; -1.449 ; control3:CEREBRO|cont_presion[3]  ; control3:CEREBRO|cont_presion[8]  ; clk          ; clk         ; 1.000        ; -0.061     ; 2.383      ;
; -1.449 ; control3:CEREBRO|cont_presion[3]  ; control3:CEREBRO|cont_presion[9]  ; clk          ; clk         ; 1.000        ; -0.061     ; 2.383      ;
; -1.449 ; control3:CEREBRO|cont_presion[3]  ; control3:CEREBRO|cont_presion[10] ; clk          ; clk         ; 1.000        ; -0.061     ; 2.383      ;
; -1.449 ; control3:CEREBRO|cont_presion[3]  ; control3:CEREBRO|cont_presion[11] ; clk          ; clk         ; 1.000        ; -0.061     ; 2.383      ;
; -1.446 ; control3:CEREBRO|cont_1ms[4]      ; control3:CEREBRO|cont_1ms[15]     ; clk          ; clk         ; 1.000        ; 0.289      ; 2.730      ;
; -1.445 ; control3:CEREBRO|sd[1]            ; control3:CEREBRO|min[0]           ; clk          ; clk         ; 1.000        ; -0.067     ; 2.373      ;
; -1.442 ; control3:CEREBRO|sd[1]            ; control3:CEREBRO|min[3]           ; clk          ; clk         ; 1.000        ; -0.067     ; 2.370      ;
; -1.441 ; control3:CEREBRO|sd[1]            ; control3:CEREBRO|min[1]           ; clk          ; clk         ; 1.000        ; -0.067     ; 2.369      ;
; -1.441 ; control3:CEREBRO|sd[1]            ; control3:CEREBRO|min[2]           ; clk          ; clk         ; 1.000        ; -0.067     ; 2.369      ;
; -1.427 ; control3:CEREBRO|cont_1ms[1]      ; control3:CEREBRO|cont_1ms[6]      ; clk          ; clk         ; 1.000        ; -0.062     ; 2.360      ;
; -1.425 ; control3:CEREBRO|cont_1ms[12]     ; control3:CEREBRO|cont_1ms[6]      ; clk          ; clk         ; 1.000        ; -0.062     ; 2.358      ;
; -1.424 ; control3:CEREBRO|cont_1ms[12]     ; control3:CEREBRO|cont_1ms[4]      ; clk          ; clk         ; 1.000        ; -0.062     ; 2.357      ;
; -1.421 ; control3:CEREBRO|cont_1ms[2]      ; control3:CEREBRO|cont_1ms[15]     ; clk          ; clk         ; 1.000        ; 0.289      ; 2.705      ;
; -1.415 ; control3:CEREBRO|cont_1ms[3]      ; control3:CEREBRO|cont_1ms[15]     ; clk          ; clk         ; 1.000        ; 0.289      ; 2.699      ;
; -1.409 ; control3:CEREBRO|cont_presion[7]  ; control3:CEREBRO|cont_presion[0]  ; clk          ; clk         ; 1.000        ; -0.061     ; 2.343      ;
; -1.409 ; control3:CEREBRO|cont_presion[7]  ; control3:CEREBRO|cont_presion[1]  ; clk          ; clk         ; 1.000        ; -0.061     ; 2.343      ;
; -1.409 ; control3:CEREBRO|cont_presion[7]  ; control3:CEREBRO|cont_presion[2]  ; clk          ; clk         ; 1.000        ; -0.061     ; 2.343      ;
; -1.409 ; control3:CEREBRO|cont_presion[7]  ; control3:CEREBRO|cont_presion[3]  ; clk          ; clk         ; 1.000        ; -0.061     ; 2.343      ;
; -1.409 ; control3:CEREBRO|cont_presion[7]  ; control3:CEREBRO|cont_presion[4]  ; clk          ; clk         ; 1.000        ; -0.061     ; 2.343      ;
; -1.409 ; control3:CEREBRO|cont_presion[7]  ; control3:CEREBRO|cont_presion[5]  ; clk          ; clk         ; 1.000        ; -0.061     ; 2.343      ;
; -1.409 ; control3:CEREBRO|cont_presion[7]  ; control3:CEREBRO|cont_presion[6]  ; clk          ; clk         ; 1.000        ; -0.061     ; 2.343      ;
; -1.409 ; control3:CEREBRO|cont_presion[7]  ; control3:CEREBRO|cont_presion[7]  ; clk          ; clk         ; 1.000        ; -0.061     ; 2.343      ;
; -1.409 ; control3:CEREBRO|cont_presion[7]  ; control3:CEREBRO|cont_presion[8]  ; clk          ; clk         ; 1.000        ; -0.061     ; 2.343      ;
+--------+-----------------------------------+-----------------------------------+--------------+-------------+--------------+------------+------------+


+-----------------------------------------------------------------------------------------------------------------------------------------------------+
; Slow 1200mV 85C Model Hold: 'clk'                                                                                                                   ;
+-------+-----------------------------------+-----------------------------------+--------------+-------------+--------------+------------+------------+
; Slack ; From Node                         ; To Node                           ; Launch Clock ; Latch Clock ; Relationship ; Clock Skew ; Data Delay ;
+-------+-----------------------------------+-----------------------------------+--------------+-------------+--------------+------------+------------+
; 0.358 ; control3:CEREBRO|sd[1]            ; control3:CEREBRO|sd[1]            ; clk          ; clk         ; 0.000        ; 0.062      ; 0.577      ;
; 0.359 ; control3:CEREBRO|su[1]            ; control3:CEREBRO|su[1]            ; clk          ; clk         ; 0.000        ; 0.061      ; 0.577      ;
; 0.359 ; control3:CEREBRO|min[1]           ; control3:CEREBRO|min[1]           ; clk          ; clk         ; 0.000        ; 0.061      ; 0.577      ;
; 0.359 ; control3:CEREBRO|min[2]           ; control3:CEREBRO|min[2]           ; clk          ; clk         ; 0.000        ; 0.061      ; 0.577      ;
; 0.359 ; control3:CEREBRO|min[3]           ; control3:CEREBRO|min[3]           ; clk          ; clk         ; 0.000        ; 0.061      ; 0.577      ;
; 0.359 ; control3:CEREBRO|min[0]           ; control3:CEREBRO|min[0]           ; clk          ; clk         ; 0.000        ; 0.061      ; 0.577      ;
; 0.361 ; control3:CEREBRO|sd[0]            ; control3:CEREBRO|sd[0]            ; clk          ; clk         ; 0.000        ; 0.062      ; 0.580      ;
; 0.362 ; control3:CEREBRO|su[0]            ; control3:CEREBRO|su[0]            ; clk          ; clk         ; 0.000        ; 0.061      ; 0.580      ;
; 0.399 ; control3:CEREBRO|cont_presion[11] ; control3:CEREBRO|cont_presion[11] ; clk          ; clk         ; 0.000        ; 0.061      ; 0.617      ;
; 0.568 ; control3:CEREBRO|cont_1ms[3]      ; control3:CEREBRO|cont_1ms[3]      ; clk          ; clk         ; 0.000        ; 0.062      ; 0.787      ;
; 0.568 ; control3:CEREBRO|cont_1ms[13]     ; control3:CEREBRO|cont_1ms[13]     ; clk          ; clk         ; 0.000        ; 0.062      ; 0.787      ;
; 0.569 ; control3:CEREBRO|cont_1ms[1]      ; control3:CEREBRO|cont_1ms[1]      ; clk          ; clk         ; 0.000        ; 0.062      ; 0.788      ;
; 0.569 ; control3:CEREBRO|cont_1ms[5]      ; control3:CEREBRO|cont_1ms[5]      ; clk          ; clk         ; 0.000        ; 0.062      ; 0.788      ;
; 0.569 ; control3:CEREBRO|cont_1ms[11]     ; control3:CEREBRO|cont_1ms[11]     ; clk          ; clk         ; 0.000        ; 0.062      ; 0.788      ;
; 0.570 ; control3:CEREBRO|cont_1s[1]       ; control3:CEREBRO|cont_1s[1]       ; clk          ; clk         ; 0.000        ; 0.061      ; 0.788      ;
; 0.571 ; control3:CEREBRO|cont_1s[2]       ; control3:CEREBRO|cont_1s[2]       ; clk          ; clk         ; 0.000        ; 0.061      ; 0.789      ;
; 0.572 ; control3:CEREBRO|cont_1ms[2]      ; control3:CEREBRO|cont_1ms[2]      ; clk          ; clk         ; 0.000        ; 0.062      ; 0.791      ;
; 0.572 ; control3:CEREBRO|cont_1ms[7]      ; control3:CEREBRO|cont_1ms[7]      ; clk          ; clk         ; 0.000        ; 0.062      ; 0.791      ;
; 0.572 ; control3:CEREBRO|cont_presion[1]  ; control3:CEREBRO|cont_presion[1]  ; clk          ; clk         ; 0.000        ; 0.061      ; 0.790      ;
; 0.572 ; control3:CEREBRO|cont_presion[4]  ; control3:CEREBRO|cont_presion[4]  ; clk          ; clk         ; 0.000        ; 0.061      ; 0.790      ;
; 0.573 ; control3:CEREBRO|cont_1ms[12]     ; control3:CEREBRO|cont_1ms[12]     ; clk          ; clk         ; 0.000        ; 0.062      ; 0.792      ;
; 0.574 ; control3:CEREBRO|cont_1ms[10]     ; control3:CEREBRO|cont_1ms[10]     ; clk          ; clk         ; 0.000        ; 0.062      ; 0.793      ;
; 0.574 ; control3:CEREBRO|btn_estado       ; control3:CEREBRO|reset_sig        ; clk          ; clk         ; 0.000        ; 0.062      ; 0.793      ;
; 0.575 ; control3:CEREBRO|cont_1s[4]       ; control3:CEREBRO|cont_1s[4]       ; clk          ; clk         ; 0.000        ; 0.061      ; 0.793      ;
; 0.578 ; control3:CEREBRO|cont_presion[2]  ; control3:CEREBRO|cont_presion[2]  ; clk          ; clk         ; 0.000        ; 0.061      ; 0.796      ;
; 0.579 ; control3:CEREBRO|cont_presion[5]  ; control3:CEREBRO|cont_presion[5]  ; clk          ; clk         ; 0.000        ; 0.061      ; 0.797      ;
; 0.580 ; control3:CEREBRO|cont_presion[3]  ; control3:CEREBRO|cont_presion[3]  ; clk          ; clk         ; 0.000        ; 0.061      ; 0.798      ;
; 0.580 ; control3:CEREBRO|cont_presion[10] ; control3:CEREBRO|cont_presion[10] ; clk          ; clk         ; 0.000        ; 0.061      ; 0.798      ;
; 0.582 ; control3:CEREBRO|cont_presion[7]  ; control3:CEREBRO|cont_presion[7]  ; clk          ; clk         ; 0.000        ; 0.061      ; 0.800      ;
; 0.582 ; control3:CEREBRO|cont_presion[9]  ; control3:CEREBRO|cont_presion[9]  ; clk          ; clk         ; 0.000        ; 0.061      ; 0.800      ;
; 0.583 ; control3:CEREBRO|cont_presion[8]  ; control3:CEREBRO|cont_presion[8]  ; clk          ; clk         ; 0.000        ; 0.061      ; 0.801      ;
; 0.584 ; control3:CEREBRO|cont_presion[6]  ; control3:CEREBRO|cont_presion[6]  ; clk          ; clk         ; 0.000        ; 0.061      ; 0.802      ;
; 0.591 ; control3:CEREBRO|cont_1ms[0]      ; control3:CEREBRO|cont_1ms[0]      ; clk          ; clk         ; 0.000        ; 0.062      ; 0.810      ;
; 0.593 ; control3:CEREBRO|cont_presion[0]  ; control3:CEREBRO|cont_presion[0]  ; clk          ; clk         ; 0.000        ; 0.061      ; 0.811      ;
; 0.594 ; control3:CEREBRO|cont_1s[0]       ; control3:CEREBRO|cont_1s[0]       ; clk          ; clk         ; 0.000        ; 0.061      ; 0.812      ;
; 0.640 ; control3:CEREBRO|su[0]            ; control3:CEREBRO|su[1]            ; clk          ; clk         ; 0.000        ; 0.061      ; 0.858      ;
; 0.686 ; control3:CEREBRO|btn_estado       ; control3:CEREBRO|btn_prev         ; clk          ; clk         ; 0.000        ; 0.062      ; 0.905      ;
; 0.691 ; control3:CEREBRO|sd[0]            ; control3:CEREBRO|sd[1]            ; clk          ; clk         ; 0.000        ; 0.062      ; 0.910      ;
; 0.738 ; control3:CEREBRO|su[0]            ; control3:CEREBRO|su[3]            ; clk          ; clk         ; 0.000        ; 0.061      ; 0.956      ;
; 0.760 ; control3:CEREBRO|sd[0]            ; control3:CEREBRO|sd[2]            ; clk          ; clk         ; 0.000        ; 0.062      ; 0.979      ;
; 0.760 ; control3:CEREBRO|sd[0]            ; control3:CEREBRO|sd[3]            ; clk          ; clk         ; 0.000        ; 0.062      ; 0.979      ;
; 0.772 ; control3:CEREBRO|min[0]           ; control3:CEREBRO|min[1]           ; clk          ; clk         ; 0.000        ; 0.061      ; 0.990      ;
; 0.779 ; control3:CEREBRO|su[0]            ; control3:CEREBRO|su[2]            ; clk          ; clk         ; 0.000        ; 0.061      ; 0.997      ;
; 0.790 ; control3:CEREBRO|reset_sig        ; control3:CEREBRO|min[1]           ; clk          ; clk         ; 0.000        ; 0.062      ; 1.009      ;
; 0.797 ; control3:CEREBRO|cont_1s[9]       ; control3:CEREBRO|cont_1s[9]       ; clk          ; clk         ; 0.000        ; 0.061      ; 1.015      ;
; 0.813 ; control3:CEREBRO|reset_sig        ; control3:CEREBRO|min[0]           ; clk          ; clk         ; 0.000        ; 0.062      ; 1.032      ;
; 0.813 ; control3:CEREBRO|su[3]            ; control3:CEREBRO|su[3]            ; clk          ; clk         ; 0.000        ; 0.061      ; 1.031      ;
; 0.814 ; control3:CEREBRO|estado_run       ; control3:CEREBRO|estado_run       ; clk          ; clk         ; 0.000        ; 0.062      ; 1.033      ;
; 0.814 ; control3:CEREBRO|reset_sig        ; control3:CEREBRO|min[3]           ; clk          ; clk         ; 0.000        ; 0.062      ; 1.033      ;
; 0.820 ; control3:CEREBRO|reset_sig        ; control3:CEREBRO|min[2]           ; clk          ; clk         ; 0.000        ; 0.062      ; 1.039      ;
; 0.843 ; control3:CEREBRO|cont_1ms[1]      ; control3:CEREBRO|cont_1ms[2]      ; clk          ; clk         ; 0.000        ; 0.062      ; 1.062      ;
; 0.844 ; control3:CEREBRO|cont_1ms[11]     ; control3:CEREBRO|cont_1ms[12]     ; clk          ; clk         ; 0.000        ; 0.062      ; 1.063      ;
; 0.845 ; control3:CEREBRO|cont_1s[1]       ; control3:CEREBRO|cont_1s[2]       ; clk          ; clk         ; 0.000        ; 0.061      ; 1.063      ;
; 0.846 ; control3:CEREBRO|cont_presion[1]  ; control3:CEREBRO|cont_presion[2]  ; clk          ; clk         ; 0.000        ; 0.061      ; 1.064      ;
; 0.847 ; control3:CEREBRO|en_1ms           ; control3:CEREBRO|en_1s            ; clk          ; clk         ; 0.000        ; 0.063      ; 1.067      ;
; 0.847 ; control3:CEREBRO|cont_1s[3]       ; control3:CEREBRO|cont_1s[4]       ; clk          ; clk         ; 0.000        ; 0.061      ; 1.065      ;
; 0.853 ; control3:CEREBRO|su[3]            ; control3:CEREBRO|su[2]            ; clk          ; clk         ; 0.000        ; 0.061      ; 1.071      ;
; 0.854 ; control3:CEREBRO|cont_presion[3]  ; control3:CEREBRO|cont_presion[4]  ; clk          ; clk         ; 0.000        ; 0.061      ; 1.072      ;
; 0.854 ; control3:CEREBRO|cont_presion[5]  ; control3:CEREBRO|cont_presion[6]  ; clk          ; clk         ; 0.000        ; 0.061      ; 1.072      ;
; 0.855 ; control3:CEREBRO|su[3]            ; control3:CEREBRO|su[1]            ; clk          ; clk         ; 0.000        ; 0.061      ; 1.073      ;
; 0.856 ; control3:CEREBRO|cont_presion[9]  ; control3:CEREBRO|cont_presion[10] ; clk          ; clk         ; 0.000        ; 0.061      ; 1.074      ;
; 0.856 ; control3:CEREBRO|cont_presion[7]  ; control3:CEREBRO|cont_presion[8]  ; clk          ; clk         ; 0.000        ; 0.061      ; 1.074      ;
; 0.858 ; control3:CEREBRO|cont_1ms[0]      ; control3:CEREBRO|cont_1ms[1]      ; clk          ; clk         ; 0.000        ; 0.062      ; 1.077      ;
; 0.859 ; control3:CEREBRO|sd[3]            ; control3:CEREBRO|sd[2]            ; clk          ; clk         ; 0.000        ; 0.062      ; 1.078      ;
; 0.859 ; control3:CEREBRO|cont_1ms[2]      ; control3:CEREBRO|cont_1ms[3]      ; clk          ; clk         ; 0.000        ; 0.062      ; 1.078      ;
; 0.860 ; control3:CEREBRO|sd[3]            ; control3:CEREBRO|sd[3]            ; clk          ; clk         ; 0.000        ; 0.062      ; 1.079      ;
; 0.860 ; control3:CEREBRO|cont_1ms[12]     ; control3:CEREBRO|cont_1ms[13]     ; clk          ; clk         ; 0.000        ; 0.062      ; 1.079      ;
; 0.860 ; control3:CEREBRO|cont_presion[0]  ; control3:CEREBRO|cont_presion[1]  ; clk          ; clk         ; 0.000        ; 0.061      ; 1.078      ;
; 0.860 ; control3:CEREBRO|cont_presion[4]  ; control3:CEREBRO|cont_presion[5]  ; clk          ; clk         ; 0.000        ; 0.061      ; 1.078      ;
; 0.860 ; control3:CEREBRO|cont_1ms[0]      ; control3:CEREBRO|cont_1ms[2]      ; clk          ; clk         ; 0.000        ; 0.062      ; 1.079      ;
; 0.861 ; control3:CEREBRO|cont_1ms[10]     ; control3:CEREBRO|cont_1ms[11]     ; clk          ; clk         ; 0.000        ; 0.062      ; 1.080      ;
; 0.861 ; control3:CEREBRO|cont_1s[0]       ; control3:CEREBRO|cont_1s[1]       ; clk          ; clk         ; 0.000        ; 0.061      ; 1.079      ;
; 0.861 ; control3:CEREBRO|cont_1s[2]       ; control3:CEREBRO|cont_1s[4]       ; clk          ; clk         ; 0.000        ; 0.061      ; 1.079      ;
; 0.862 ; control3:CEREBRO|cont_1s[5]       ; control3:CEREBRO|cont_1s[5]       ; clk          ; clk         ; 0.000        ; 0.061      ; 1.080      ;
; 0.862 ; control3:CEREBRO|sd[3]            ; control3:CEREBRO|sd[1]            ; clk          ; clk         ; 0.000        ; 0.062      ; 1.081      ;
; 0.862 ; control3:CEREBRO|cont_presion[0]  ; control3:CEREBRO|cont_presion[2]  ; clk          ; clk         ; 0.000        ; 0.061      ; 1.080      ;
; 0.862 ; control3:CEREBRO|cont_presion[4]  ; control3:CEREBRO|cont_presion[6]  ; clk          ; clk         ; 0.000        ; 0.061      ; 1.080      ;
; 0.863 ; control3:CEREBRO|cont_1ms[10]     ; control3:CEREBRO|cont_1ms[12]     ; clk          ; clk         ; 0.000        ; 0.062      ; 1.082      ;
; 0.863 ; control3:CEREBRO|cont_1s[0]       ; control3:CEREBRO|cont_1s[2]       ; clk          ; clk         ; 0.000        ; 0.061      ; 1.081      ;
; 0.864 ; control3:CEREBRO|cont_1s[8]       ; control3:CEREBRO|en_1s            ; clk          ; clk         ; 0.000        ; 0.062      ; 1.083      ;
; 0.866 ; control3:CEREBRO|cont_presion[2]  ; control3:CEREBRO|cont_presion[3]  ; clk          ; clk         ; 0.000        ; 0.061      ; 1.084      ;
; 0.868 ; control3:CEREBRO|cont_1s[8]       ; control3:CEREBRO|cont_1s[8]       ; clk          ; clk         ; 0.000        ; 0.061      ; 1.086      ;
; 0.868 ; control3:CEREBRO|cont_presion[10] ; control3:CEREBRO|cont_presion[11] ; clk          ; clk         ; 0.000        ; 0.061      ; 1.086      ;
; 0.868 ; control3:CEREBRO|cont_presion[2]  ; control3:CEREBRO|cont_presion[4]  ; clk          ; clk         ; 0.000        ; 0.061      ; 1.086      ;
; 0.870 ; control3:CEREBRO|cont_1s[6]       ; control3:CEREBRO|cont_1s[6]       ; clk          ; clk         ; 0.000        ; 0.061      ; 1.088      ;
; 0.870 ; control3:CEREBRO|cont_presion[8]  ; control3:CEREBRO|cont_presion[9]  ; clk          ; clk         ; 0.000        ; 0.061      ; 1.088      ;
; 0.871 ; control3:CEREBRO|cont_presion[6]  ; control3:CEREBRO|cont_presion[7]  ; clk          ; clk         ; 0.000        ; 0.061      ; 1.089      ;
; 0.872 ; control3:CEREBRO|cont_presion[8]  ; control3:CEREBRO|cont_presion[10] ; clk          ; clk         ; 0.000        ; 0.061      ; 1.090      ;
; 0.873 ; control3:CEREBRO|cont_presion[6]  ; control3:CEREBRO|cont_presion[8]  ; clk          ; clk         ; 0.000        ; 0.061      ; 1.091      ;
; 0.895 ; control3:CEREBRO|cont_1ms[3]      ; control3:CEREBRO|cont_1ms[14]     ; clk          ; clk         ; 0.000        ; 0.428      ; 1.480      ;
; 0.897 ; control3:CEREBRO|reset_sig        ; control3:CEREBRO|su[3]            ; clk          ; clk         ; 0.000        ; 0.068      ; 1.122      ;
; 0.898 ; control3:CEREBRO|reset_sig        ; control3:CEREBRO|su[2]            ; clk          ; clk         ; 0.000        ; 0.068      ; 1.123      ;
; 0.907 ; control3:CEREBRO|cont_1ms[13]     ; control3:CEREBRO|cont_1ms[14]     ; clk          ; clk         ; 0.000        ; 0.428      ; 1.492      ;
; 0.910 ; control3:CEREBRO|su[1]            ; control3:CEREBRO|su[3]            ; clk          ; clk         ; 0.000        ; 0.061      ; 1.128      ;
; 0.915 ; control3:CEREBRO|su[2]            ; control3:CEREBRO|su[3]            ; clk          ; clk         ; 0.000        ; 0.061      ; 1.133      ;
; 0.926 ; control3:CEREBRO|cont_1ms[12]     ; control3:CEREBRO|cont_1ms[14]     ; clk          ; clk         ; 0.000        ; 0.428      ; 1.511      ;
; 0.940 ; control3:CEREBRO|cont_1ms[6]      ; control3:CEREBRO|cont_1ms[14]     ; clk          ; clk         ; 0.000        ; 0.428      ; 1.525      ;
; 0.941 ; control3:CEREBRO|reset_sig        ; control3:CEREBRO|sd[2]            ; clk          ; clk         ; 0.000        ; 0.068      ; 1.166      ;
; 0.941 ; control3:CEREBRO|reset_sig        ; control3:CEREBRO|sd[3]            ; clk          ; clk         ; 0.000        ; 0.068      ; 1.166      ;
; 0.953 ; control3:CEREBRO|cont_1ms[3]      ; control3:CEREBRO|cont_1ms[5]      ; clk          ; clk         ; 0.000        ; 0.062      ; 1.172      ;
+-------+-----------------------------------+-----------------------------------+--------------+-------------+--------------+------------+------------+


+-------------------------------------------------------------------------------------------------------------------+
; Slow 1200mV 85C Model Minimum Pulse Width: 'clk'                                                                  ;
+--------+--------------+----------------+-----------------+-------+------------+-----------------------------------+
; Slack  ; Actual Width ; Required Width ; Type            ; Clock ; Clock Edge ; Target                            ;
+--------+--------------+----------------+-----------------+-------+------------+-----------------------------------+
; -3.000 ; 1.000        ; 4.000          ; Port Rate       ; clk   ; Rise       ; clk                               ;
; -1.000 ; 1.000        ; 2.000          ; Min Period      ; clk   ; Rise       ; control3:CEREBRO|btn_estado       ;
; -1.000 ; 1.000        ; 2.000          ; Min Period      ; clk   ; Rise       ; control3:CEREBRO|btn_prev         ;
; -1.000 ; 1.000        ; 2.000          ; Min Period      ; clk   ; Rise       ; control3:CEREBRO|cont_1ms[0]      ;
; -1.000 ; 1.000        ; 2.000          ; Min Period      ; clk   ; Rise       ; control3:CEREBRO|cont_1ms[10]     ;
; -1.000 ; 1.000        ; 2.000          ; Min Period      ; clk   ; Rise       ; control3:CEREBRO|cont_1ms[11]     ;
; -1.000 ; 1.000        ; 2.000          ; Min Period      ; clk   ; Rise       ; control3:CEREBRO|cont_1ms[12]     ;
; -1.000 ; 1.000        ; 2.000          ; Min Period      ; clk   ; Rise       ; control3:CEREBRO|cont_1ms[13]     ;
; -1.000 ; 1.000        ; 2.000          ; Min Period      ; clk   ; Rise       ; control3:CEREBRO|cont_1ms[14]     ;
; -1.000 ; 1.000        ; 2.000          ; Min Period      ; clk   ; Rise       ; control3:CEREBRO|cont_1ms[15]     ;
; -1.000 ; 1.000        ; 2.000          ; Min Period      ; clk   ; Rise       ; control3:CEREBRO|cont_1ms[1]      ;
; -1.000 ; 1.000        ; 2.000          ; Min Period      ; clk   ; Rise       ; control3:CEREBRO|cont_1ms[2]      ;
; -1.000 ; 1.000        ; 2.000          ; Min Period      ; clk   ; Rise       ; control3:CEREBRO|cont_1ms[3]      ;
; -1.000 ; 1.000        ; 2.000          ; Min Period      ; clk   ; Rise       ; control3:CEREBRO|cont_1ms[4]      ;
; -1.000 ; 1.000        ; 2.000          ; Min Period      ; clk   ; Rise       ; control3:CEREBRO|cont_1ms[5]      ;
; -1.000 ; 1.000        ; 2.000          ; Min Period      ; clk   ; Rise       ; control3:CEREBRO|cont_1ms[6]      ;
; -1.000 ; 1.000        ; 2.000          ; Min Period      ; clk   ; Rise       ; control3:CEREBRO|cont_1ms[7]      ;
; -1.000 ; 1.000        ; 2.000          ; Min Period      ; clk   ; Rise       ; control3:CEREBRO|cont_1ms[8]      ;
; -1.000 ; 1.000        ; 2.000          ; Min Period      ; clk   ; Rise       ; control3:CEREBRO|cont_1ms[9]      ;
; -1.000 ; 1.000        ; 2.000          ; Min Period      ; clk   ; Rise       ; control3:CEREBRO|cont_1s[0]       ;
; -1.000 ; 1.000        ; 2.000          ; Min Period      ; clk   ; Rise       ; control3:CEREBRO|cont_1s[1]       ;
; -1.000 ; 1.000        ; 2.000          ; Min Period      ; clk   ; Rise       ; control3:CEREBRO|cont_1s[2]       ;
; -1.000 ; 1.000        ; 2.000          ; Min Period      ; clk   ; Rise       ; control3:CEREBRO|cont_1s[3]       ;
; -1.000 ; 1.000        ; 2.000          ; Min Period      ; clk   ; Rise       ; control3:CEREBRO|cont_1s[4]       ;
; -1.000 ; 1.000        ; 2.000          ; Min Period      ; clk   ; Rise       ; control3:CEREBRO|cont_1s[5]       ;
; -1.000 ; 1.000        ; 2.000          ; Min Period      ; clk   ; Rise       ; control3:CEREBRO|cont_1s[6]       ;
; -1.000 ; 1.000        ; 2.000          ; Min Period      ; clk   ; Rise       ; control3:CEREBRO|cont_1s[7]       ;
; -1.000 ; 1.000        ; 2.000          ; Min Period      ; clk   ; Rise       ; control3:CEREBRO|cont_1s[8]       ;
; -1.000 ; 1.000        ; 2.000          ; Min Period      ; clk   ; Rise       ; control3:CEREBRO|cont_1s[9]       ;
; -1.000 ; 1.000        ; 2.000          ; Min Period      ; clk   ; Rise       ; control3:CEREBRO|cont_presion[0]  ;
; -1.000 ; 1.000        ; 2.000          ; Min Period      ; clk   ; Rise       ; control3:CEREBRO|cont_presion[10] ;
; -1.000 ; 1.000        ; 2.000          ; Min Period      ; clk   ; Rise       ; control3:CEREBRO|cont_presion[11] ;
; -1.000 ; 1.000        ; 2.000          ; Min Period      ; clk   ; Rise       ; control3:CEREBRO|cont_presion[1]  ;
; -1.000 ; 1.000        ; 2.000          ; Min Period      ; clk   ; Rise       ; control3:CEREBRO|cont_presion[2]  ;
; -1.000 ; 1.000        ; 2.000          ; Min Period      ; clk   ; Rise       ; control3:CEREBRO|cont_presion[3]  ;
; -1.000 ; 1.000        ; 2.000          ; Min Period      ; clk   ; Rise       ; control3:CEREBRO|cont_presion[4]  ;
; -1.000 ; 1.000        ; 2.000          ; Min Period      ; clk   ; Rise       ; control3:CEREBRO|cont_presion[5]  ;
; -1.000 ; 1.000        ; 2.000          ; Min Period      ; clk   ; Rise       ; control3:CEREBRO|cont_presion[6]  ;
; -1.000 ; 1.000        ; 2.000          ; Min Period      ; clk   ; Rise       ; control3:CEREBRO|cont_presion[7]  ;
; -1.000 ; 1.000        ; 2.000          ; Min Period      ; clk   ; Rise       ; control3:CEREBRO|cont_presion[8]  ;
; -1.000 ; 1.000        ; 2.000          ; Min Period      ; clk   ; Rise       ; control3:CEREBRO|cont_presion[9]  ;
; -1.000 ; 1.000        ; 2.000          ; Min Period      ; clk   ; Rise       ; control3:CEREBRO|en_1ms           ;
; -1.000 ; 1.000        ; 2.000          ; Min Period      ; clk   ; Rise       ; control3:CEREBRO|en_1s            ;
; -1.000 ; 1.000        ; 2.000          ; Min Period      ; clk   ; Rise       ; control3:CEREBRO|estado_run       ;
; -1.000 ; 1.000        ; 2.000          ; Min Period      ; clk   ; Rise       ; control3:CEREBRO|min[0]           ;
; -1.000 ; 1.000        ; 2.000          ; Min Period      ; clk   ; Rise       ; control3:CEREBRO|min[1]           ;
; -1.000 ; 1.000        ; 2.000          ; Min Period      ; clk   ; Rise       ; control3:CEREBRO|min[2]           ;
; -1.000 ; 1.000        ; 2.000          ; Min Period      ; clk   ; Rise       ; control3:CEREBRO|min[3]           ;
; -1.000 ; 1.000        ; 2.000          ; Min Period      ; clk   ; Rise       ; control3:CEREBRO|reset_sig        ;
; -1.000 ; 1.000        ; 2.000          ; Min Period      ; clk   ; Rise       ; control3:CEREBRO|sd[0]            ;
; -1.000 ; 1.000        ; 2.000          ; Min Period      ; clk   ; Rise       ; control3:CEREBRO|sd[1]            ;
; -1.000 ; 1.000        ; 2.000          ; Min Period      ; clk   ; Rise       ; control3:CEREBRO|sd[2]            ;
; -1.000 ; 1.000        ; 2.000          ; Min Period      ; clk   ; Rise       ; control3:CEREBRO|sd[3]            ;
; -1.000 ; 1.000        ; 2.000          ; Min Period      ; clk   ; Rise       ; control3:CEREBRO|su[0]            ;
; -1.000 ; 1.000        ; 2.000          ; Min Period      ; clk   ; Rise       ; control3:CEREBRO|su[1]            ;
; -1.000 ; 1.000        ; 2.000          ; Min Period      ; clk   ; Rise       ; control3:CEREBRO|su[2]            ;
; -1.000 ; 1.000        ; 2.000          ; Min Period      ; clk   ; Rise       ; control3:CEREBRO|su[3]            ;
; 0.168  ; 0.352        ; 0.184          ; Low Pulse Width ; clk   ; Rise       ; control3:CEREBRO|cont_1ms[14]     ;
; 0.168  ; 0.352        ; 0.184          ; Low Pulse Width ; clk   ; Rise       ; control3:CEREBRO|cont_1ms[15]     ;
; 0.186  ; 0.370        ; 0.184          ; Low Pulse Width ; clk   ; Rise       ; control3:CEREBRO|btn_estado       ;
; 0.186  ; 0.370        ; 0.184          ; Low Pulse Width ; clk   ; Rise       ; control3:CEREBRO|cont_1ms[4]      ;
; 0.186  ; 0.370        ; 0.184          ; Low Pulse Width ; clk   ; Rise       ; control3:CEREBRO|cont_1ms[6]      ;
; 0.186  ; 0.370        ; 0.184          ; Low Pulse Width ; clk   ; Rise       ; control3:CEREBRO|cont_1ms[8]      ;
; 0.186  ; 0.370        ; 0.184          ; Low Pulse Width ; clk   ; Rise       ; control3:CEREBRO|cont_1ms[9]      ;
; 0.186  ; 0.370        ; 0.184          ; Low Pulse Width ; clk   ; Rise       ; control3:CEREBRO|cont_1s[0]       ;
; 0.186  ; 0.370        ; 0.184          ; Low Pulse Width ; clk   ; Rise       ; control3:CEREBRO|cont_1s[1]       ;
; 0.186  ; 0.370        ; 0.184          ; Low Pulse Width ; clk   ; Rise       ; control3:CEREBRO|cont_1s[2]       ;
; 0.186  ; 0.370        ; 0.184          ; Low Pulse Width ; clk   ; Rise       ; control3:CEREBRO|cont_1s[3]       ;
; 0.186  ; 0.370        ; 0.184          ; Low Pulse Width ; clk   ; Rise       ; control3:CEREBRO|cont_1s[4]       ;
; 0.186  ; 0.370        ; 0.184          ; Low Pulse Width ; clk   ; Rise       ; control3:CEREBRO|cont_1s[5]       ;
; 0.186  ; 0.370        ; 0.184          ; Low Pulse Width ; clk   ; Rise       ; control3:CEREBRO|cont_1s[6]       ;
; 0.186  ; 0.370        ; 0.184          ; Low Pulse Width ; clk   ; Rise       ; control3:CEREBRO|cont_1s[7]       ;
; 0.186  ; 0.370        ; 0.184          ; Low Pulse Width ; clk   ; Rise       ; control3:CEREBRO|cont_1s[8]       ;
; 0.186  ; 0.370        ; 0.184          ; Low Pulse Width ; clk   ; Rise       ; control3:CEREBRO|cont_1s[9]       ;
; 0.186  ; 0.370        ; 0.184          ; Low Pulse Width ; clk   ; Rise       ; control3:CEREBRO|cont_presion[0]  ;
; 0.186  ; 0.370        ; 0.184          ; Low Pulse Width ; clk   ; Rise       ; control3:CEREBRO|cont_presion[10] ;
; 0.186  ; 0.370        ; 0.184          ; Low Pulse Width ; clk   ; Rise       ; control3:CEREBRO|cont_presion[11] ;
; 0.186  ; 0.370        ; 0.184          ; Low Pulse Width ; clk   ; Rise       ; control3:CEREBRO|cont_presion[1]  ;
; 0.186  ; 0.370        ; 0.184          ; Low Pulse Width ; clk   ; Rise       ; control3:CEREBRO|cont_presion[2]  ;
; 0.186  ; 0.370        ; 0.184          ; Low Pulse Width ; clk   ; Rise       ; control3:CEREBRO|cont_presion[3]  ;
; 0.186  ; 0.370        ; 0.184          ; Low Pulse Width ; clk   ; Rise       ; control3:CEREBRO|cont_presion[4]  ;
; 0.186  ; 0.370        ; 0.184          ; Low Pulse Width ; clk   ; Rise       ; control3:CEREBRO|cont_presion[5]  ;
; 0.186  ; 0.370        ; 0.184          ; Low Pulse Width ; clk   ; Rise       ; control3:CEREBRO|cont_presion[6]  ;
; 0.186  ; 0.370        ; 0.184          ; Low Pulse Width ; clk   ; Rise       ; control3:CEREBRO|cont_presion[7]  ;
; 0.186  ; 0.370        ; 0.184          ; Low Pulse Width ; clk   ; Rise       ; control3:CEREBRO|cont_presion[8]  ;
; 0.186  ; 0.370        ; 0.184          ; Low Pulse Width ; clk   ; Rise       ; control3:CEREBRO|cont_presion[9]  ;
; 0.186  ; 0.370        ; 0.184          ; Low Pulse Width ; clk   ; Rise       ; control3:CEREBRO|en_1ms           ;
; 0.186  ; 0.370        ; 0.184          ; Low Pulse Width ; clk   ; Rise       ; control3:CEREBRO|min[0]           ;
; 0.186  ; 0.370        ; 0.184          ; Low Pulse Width ; clk   ; Rise       ; control3:CEREBRO|min[1]           ;
; 0.186  ; 0.370        ; 0.184          ; Low Pulse Width ; clk   ; Rise       ; control3:CEREBRO|min[2]           ;
; 0.186  ; 0.370        ; 0.184          ; Low Pulse Width ; clk   ; Rise       ; control3:CEREBRO|min[3]           ;
; 0.186  ; 0.370        ; 0.184          ; Low Pulse Width ; clk   ; Rise       ; control3:CEREBRO|reset_sig        ;
; 0.186  ; 0.370        ; 0.184          ; Low Pulse Width ; clk   ; Rise       ; control3:CEREBRO|sd[0]            ;
; 0.186  ; 0.370        ; 0.184          ; Low Pulse Width ; clk   ; Rise       ; control3:CEREBRO|sd[1]            ;
; 0.186  ; 0.370        ; 0.184          ; Low Pulse Width ; clk   ; Rise       ; control3:CEREBRO|sd[2]            ;
; 0.186  ; 0.370        ; 0.184          ; Low Pulse Width ; clk   ; Rise       ; control3:CEREBRO|sd[3]            ;
; 0.186  ; 0.370        ; 0.184          ; Low Pulse Width ; clk   ; Rise       ; control3:CEREBRO|su[0]            ;
; 0.186  ; 0.370        ; 0.184          ; Low Pulse Width ; clk   ; Rise       ; control3:CEREBRO|su[1]            ;
; 0.186  ; 0.370        ; 0.184          ; Low Pulse Width ; clk   ; Rise       ; control3:CEREBRO|su[2]            ;
; 0.186  ; 0.370        ; 0.184          ; Low Pulse Width ; clk   ; Rise       ; control3:CEREBRO|su[3]            ;
+--------+--------------+----------------+-----------------+-------+------------+-----------------------------------+


+-----------------------------------------------------------------------+
; Setup Times                                                           ;
+-----------+------------+-------+-------+------------+-----------------+
; Data Port ; Clock Port ; Rise  ; Fall  ; Clock Edge ; Clock Reference ;
+-----------+------------+-------+-------+------------+-----------------+
; btn       ; clk        ; 1.545 ; 1.921 ; Rise       ; clk             ;
+-----------+------------+-------+-------+------------+-----------------+


+-------------------------------------------------------------------------+
; Hold Times                                                              ;
+-----------+------------+--------+--------+------------+-----------------+
; Data Port ; Clock Port ; Rise   ; Fall   ; Clock Edge ; Clock Reference ;
+-----------+------------+--------+--------+------------+-----------------+
; btn       ; clk        ; -1.166 ; -1.542 ; Rise       ; clk             ;
+-----------+------------+--------+--------+------------+-----------------+


+---------------------------------------------------------------------------+
; Clock to Output Times                                                     ;
+---------------+------------+-------+-------+------------+-----------------+
; Data Port     ; Clock Port ; Rise  ; Fall  ; Clock Edge ; Clock Reference ;
+---------------+------------+-------+-------+------------+-----------------+
; disp_min[*]   ; clk        ; 6.252 ; 6.298 ; Rise       ; clk             ;
;  disp_min[0]  ; clk        ; 5.941 ; 5.836 ; Rise       ; clk             ;
;  disp_min[1]  ; clk        ; 5.969 ; 5.924 ; Rise       ; clk             ;
;  disp_min[2]  ; clk        ; 5.979 ; 5.926 ; Rise       ; clk             ;
;  disp_min[3]  ; clk        ; 6.252 ; 6.195 ; Rise       ; clk             ;
;  disp_min[4]  ; clk        ; 6.234 ; 6.298 ; Rise       ; clk             ;
;  disp_min[5]  ; clk        ; 6.065 ; 6.066 ; Rise       ; clk             ;
;  disp_min[6]  ; clk        ; 6.024 ; 5.996 ; Rise       ; clk             ;
; disp_secd[*]  ; clk        ; 7.472 ; 7.489 ; Rise       ; clk             ;
;  disp_secd[0] ; clk        ; 5.993 ; 5.898 ; Rise       ; clk             ;
;  disp_secd[1] ; clk        ; 6.100 ; 6.124 ; Rise       ; clk             ;
;  disp_secd[2] ; clk        ; 5.983 ; 5.906 ; Rise       ; clk             ;
;  disp_secd[3] ; clk        ; 6.000 ; 5.905 ; Rise       ; clk             ;
;  disp_secd[4] ; clk        ; 7.472 ; 7.489 ; Rise       ; clk             ;
;  disp_secd[5] ; clk        ; 6.016 ; 5.931 ; Rise       ; clk             ;
;  disp_secd[6] ; clk        ; 5.899 ; 5.941 ; Rise       ; clk             ;
; disp_secu[*]  ; clk        ; 6.262 ; 6.148 ; Rise       ; clk             ;
;  disp_secu[0] ; clk        ; 6.016 ; 5.969 ; Rise       ; clk             ;
;  disp_secu[1] ; clk        ; 5.852 ; 5.838 ; Rise       ; clk             ;
;  disp_secu[2] ; clk        ; 5.877 ; 6.008 ; Rise       ; clk             ;
;  disp_secu[3] ; clk        ; 5.978 ; 5.880 ; Rise       ; clk             ;
;  disp_secu[4] ; clk        ; 6.262 ; 6.148 ; Rise       ; clk             ;
;  disp_secu[5] ; clk        ; 6.010 ; 5.937 ; Rise       ; clk             ;
;  disp_secu[6] ; clk        ; 5.839 ; 5.851 ; Rise       ; clk             ;
+---------------+------------+-------+-------+------------+-----------------+


+---------------------------------------------------------------------------+
; Minimum Clock to Output Times                                             ;
+---------------+------------+-------+-------+------------+-----------------+
; Data Port     ; Clock Port ; Rise  ; Fall  ; Clock Edge ; Clock Reference ;
+---------------+------------+-------+-------+------------+-----------------+
; disp_min[*]   ; clk        ; 5.501 ; 5.482 ; Rise       ; clk             ;
;  disp_min[0]  ; clk        ; 5.501 ; 5.482 ; Rise       ; clk             ;
;  disp_min[1]  ; clk        ; 5.570 ; 5.661 ; Rise       ; clk             ;
;  disp_min[2]  ; clk        ; 5.647 ; 5.550 ; Rise       ; clk             ;
;  disp_min[3]  ; clk        ; 5.803 ; 5.792 ; Rise       ; clk             ;
;  disp_min[4]  ; clk        ; 5.867 ; 5.976 ; Rise       ; clk             ;
;  disp_min[5]  ; clk        ; 5.624 ; 5.678 ; Rise       ; clk             ;
;  disp_min[6]  ; clk        ; 5.563 ; 5.673 ; Rise       ; clk             ;
; disp_secd[*]  ; clk        ; 5.407 ; 5.409 ; Rise       ; clk             ;
;  disp_secd[0] ; clk        ; 5.474 ; 5.409 ; Rise       ; clk             ;
;  disp_secd[1] ; clk        ; 5.623 ; 5.596 ; Rise       ; clk             ;
;  disp_secd[2] ; clk        ; 5.570 ; 5.414 ; Rise       ; clk             ;
;  disp_secd[3] ; clk        ; 5.485 ; 5.415 ; Rise       ; clk             ;
;  disp_secd[4] ; clk        ; 6.951 ; 7.075 ; Rise       ; clk             ;
;  disp_secd[5] ; clk        ; 5.505 ; 5.509 ; Rise       ; clk             ;
;  disp_secd[6] ; clk        ; 5.407 ; 5.548 ; Rise       ; clk             ;
; disp_secu[*]  ; clk        ; 5.353 ; 5.337 ; Rise       ; clk             ;
;  disp_secu[0] ; clk        ; 5.511 ; 5.492 ; Rise       ; clk             ;
;  disp_secu[1] ; clk        ; 5.386 ; 5.337 ; Rise       ; clk             ;
;  disp_secu[2] ; clk        ; 5.597 ; 5.488 ; Rise       ; clk             ;
;  disp_secu[3] ; clk        ; 5.464 ; 5.394 ; Rise       ; clk             ;
;  disp_secu[4] ; clk        ; 5.767 ; 5.835 ; Rise       ; clk             ;
;  disp_secu[5] ; clk        ; 5.494 ; 5.503 ; Rise       ; clk             ;
;  disp_secu[6] ; clk        ; 5.353 ; 5.474 ; Rise       ; clk             ;
+---------------+------------+-------+-------+------------+-----------------+


----------------------------------------------
; Slow 1200mV 85C Model Metastability Report ;
----------------------------------------------
No synchronizer chains to report.


+-----------------------------------------------------------------------------------------------------------+
; Slow 1200mV 0C Model Fmax Summary                                                                         ;
+------------+-----------------+------------+---------------------------------------------------------------+
; Fmax       ; Restricted Fmax ; Clock Name ; Note                                                          ;
+------------+-----------------+------------+---------------------------------------------------------------+
; 394.94 MHz ; 250.0 MHz       ; clk        ; limit due to minimum period restriction (max I/O toggle rate) ;
+------------+-----------------+------------+---------------------------------------------------------------+
This panel reports FMAX for every clock in the design, regardless of the user-specified clock periods.  FMAX is only computed for paths where the source and destination registers or ports are driven by the same clock.  Paths of different clocks, including generated clocks, are ignored.  For paths between a clock and its inversion, FMAX is computed as if the rising and falling edges are scaled along with FMAX, such that the duty cycle (in terms of a percentage) is maintained. Altera recommends that you always use clock constraints and other slack reports for sign-off analysis.


+------------------------------------+
; Slow 1200mV 0C Model Setup Summary ;
+-------+--------+-------------------+
; Clock ; Slack  ; End Point TNS     ;
+-------+--------+-------------------+
; clk   ; -1.532 ; -59.854           ;
+-------+--------+-------------------+


+-----------------------------------+
; Slow 1200mV 0C Model Hold Summary ;
+-------+-------+-------------------+
; Clock ; Slack ; End Point TNS     ;
+-------+-------+-------------------+
; clk   ; 0.312 ; 0.000             ;
+-------+-------+-------------------+


-----------------------------------------
; Slow 1200mV 0C Model Recovery Summary ;
-----------------------------------------
No paths to report.


----------------------------------------
; Slow 1200mV 0C Model Removal Summary ;
----------------------------------------
No paths to report.


+--------------------------------------------------+
; Slow 1200mV 0C Model Minimum Pulse Width Summary ;
+-------+--------+---------------------------------+
; Clock ; Slack  ; End Point TNS                   ;
+-------+--------+---------------------------------+
; clk   ; -3.000 ; -59.000                         ;
+-------+--------+---------------------------------+


+------------------------------------------------------------------------------------------------------------------------------------------------------+
; Slow 1200mV 0C Model Setup: 'clk'                                                                                                                    ;
+--------+-----------------------------------+-----------------------------------+--------------+-------------+--------------+------------+------------+
; Slack  ; From Node                         ; To Node                           ; Launch Clock ; Latch Clock ; Relationship ; Clock Skew ; Data Delay ;
+--------+-----------------------------------+-----------------------------------+--------------+-------------+--------------+------------+------------+
; -1.532 ; control3:CEREBRO|cont_presion[10] ; control3:CEREBRO|estado_run       ; clk          ; clk         ; 1.000        ; -0.054     ; 2.473      ;
; -1.476 ; control3:CEREBRO|cont_presion[4]  ; control3:CEREBRO|cont_presion[0]  ; clk          ; clk         ; 1.000        ; -0.055     ; 2.416      ;
; -1.476 ; control3:CEREBRO|cont_presion[4]  ; control3:CEREBRO|cont_presion[1]  ; clk          ; clk         ; 1.000        ; -0.055     ; 2.416      ;
; -1.476 ; control3:CEREBRO|cont_presion[4]  ; control3:CEREBRO|cont_presion[2]  ; clk          ; clk         ; 1.000        ; -0.055     ; 2.416      ;
; -1.476 ; control3:CEREBRO|cont_presion[4]  ; control3:CEREBRO|cont_presion[3]  ; clk          ; clk         ; 1.000        ; -0.055     ; 2.416      ;
; -1.476 ; control3:CEREBRO|cont_presion[4]  ; control3:CEREBRO|cont_presion[4]  ; clk          ; clk         ; 1.000        ; -0.055     ; 2.416      ;
; -1.476 ; control3:CEREBRO|cont_presion[4]  ; control3:CEREBRO|cont_presion[5]  ; clk          ; clk         ; 1.000        ; -0.055     ; 2.416      ;
; -1.476 ; control3:CEREBRO|cont_presion[4]  ; control3:CEREBRO|cont_presion[6]  ; clk          ; clk         ; 1.000        ; -0.055     ; 2.416      ;
; -1.476 ; control3:CEREBRO|cont_presion[4]  ; control3:CEREBRO|cont_presion[7]  ; clk          ; clk         ; 1.000        ; -0.055     ; 2.416      ;
; -1.476 ; control3:CEREBRO|cont_presion[4]  ; control3:CEREBRO|cont_presion[8]  ; clk          ; clk         ; 1.000        ; -0.055     ; 2.416      ;
; -1.476 ; control3:CEREBRO|cont_presion[4]  ; control3:CEREBRO|cont_presion[9]  ; clk          ; clk         ; 1.000        ; -0.055     ; 2.416      ;
; -1.476 ; control3:CEREBRO|cont_presion[4]  ; control3:CEREBRO|cont_presion[10] ; clk          ; clk         ; 1.000        ; -0.055     ; 2.416      ;
; -1.476 ; control3:CEREBRO|cont_presion[4]  ; control3:CEREBRO|cont_presion[11] ; clk          ; clk         ; 1.000        ; -0.055     ; 2.416      ;
; -1.467 ; control3:CEREBRO|cont_presion[7]  ; control3:CEREBRO|estado_run       ; clk          ; clk         ; 1.000        ; -0.054     ; 2.408      ;
; -1.405 ; control3:CEREBRO|cont_presion[4]  ; control3:CEREBRO|estado_run       ; clk          ; clk         ; 1.000        ; -0.054     ; 2.346      ;
; -1.400 ; control3:CEREBRO|cont_presion[11] ; control3:CEREBRO|estado_run       ; clk          ; clk         ; 1.000        ; -0.054     ; 2.341      ;
; -1.390 ; control3:CEREBRO|cont_presion[6]  ; control3:CEREBRO|estado_run       ; clk          ; clk         ; 1.000        ; -0.054     ; 2.331      ;
; -1.373 ; control3:CEREBRO|cont_presion[1]  ; control3:CEREBRO|estado_run       ; clk          ; clk         ; 1.000        ; -0.054     ; 2.314      ;
; -1.364 ; control3:CEREBRO|cont_presion[5]  ; control3:CEREBRO|cont_presion[0]  ; clk          ; clk         ; 1.000        ; -0.055     ; 2.304      ;
; -1.364 ; control3:CEREBRO|cont_presion[5]  ; control3:CEREBRO|cont_presion[1]  ; clk          ; clk         ; 1.000        ; -0.055     ; 2.304      ;
; -1.364 ; control3:CEREBRO|cont_presion[5]  ; control3:CEREBRO|cont_presion[2]  ; clk          ; clk         ; 1.000        ; -0.055     ; 2.304      ;
; -1.364 ; control3:CEREBRO|cont_presion[5]  ; control3:CEREBRO|cont_presion[3]  ; clk          ; clk         ; 1.000        ; -0.055     ; 2.304      ;
; -1.364 ; control3:CEREBRO|cont_presion[5]  ; control3:CEREBRO|cont_presion[4]  ; clk          ; clk         ; 1.000        ; -0.055     ; 2.304      ;
; -1.364 ; control3:CEREBRO|cont_presion[5]  ; control3:CEREBRO|cont_presion[5]  ; clk          ; clk         ; 1.000        ; -0.055     ; 2.304      ;
; -1.364 ; control3:CEREBRO|cont_presion[5]  ; control3:CEREBRO|cont_presion[6]  ; clk          ; clk         ; 1.000        ; -0.055     ; 2.304      ;
; -1.364 ; control3:CEREBRO|cont_presion[5]  ; control3:CEREBRO|cont_presion[7]  ; clk          ; clk         ; 1.000        ; -0.055     ; 2.304      ;
; -1.364 ; control3:CEREBRO|cont_presion[5]  ; control3:CEREBRO|cont_presion[8]  ; clk          ; clk         ; 1.000        ; -0.055     ; 2.304      ;
; -1.364 ; control3:CEREBRO|cont_presion[5]  ; control3:CEREBRO|cont_presion[9]  ; clk          ; clk         ; 1.000        ; -0.055     ; 2.304      ;
; -1.364 ; control3:CEREBRO|cont_presion[5]  ; control3:CEREBRO|cont_presion[10] ; clk          ; clk         ; 1.000        ; -0.055     ; 2.304      ;
; -1.364 ; control3:CEREBRO|cont_presion[5]  ; control3:CEREBRO|cont_presion[11] ; clk          ; clk         ; 1.000        ; -0.055     ; 2.304      ;
; -1.352 ; control3:CEREBRO|cont_presion[2]  ; control3:CEREBRO|estado_run       ; clk          ; clk         ; 1.000        ; -0.054     ; 2.293      ;
; -1.338 ; control3:CEREBRO|cont_presion[9]  ; control3:CEREBRO|estado_run       ; clk          ; clk         ; 1.000        ; -0.054     ; 2.279      ;
; -1.321 ; control3:CEREBRO|cont_presion[8]  ; control3:CEREBRO|estado_run       ; clk          ; clk         ; 1.000        ; -0.054     ; 2.262      ;
; -1.305 ; control3:CEREBRO|cont_presion[5]  ; control3:CEREBRO|estado_run       ; clk          ; clk         ; 1.000        ; -0.054     ; 2.246      ;
; -1.290 ; control3:CEREBRO|cont_1s[2]       ; control3:CEREBRO|cont_1s[5]       ; clk          ; clk         ; 1.000        ; -0.055     ; 2.230      ;
; -1.284 ; control3:CEREBRO|cont_1s[2]       ; control3:CEREBRO|cont_1s[8]       ; clk          ; clk         ; 1.000        ; -0.055     ; 2.224      ;
; -1.282 ; control3:CEREBRO|cont_1s[2]       ; control3:CEREBRO|cont_1s[6]       ; clk          ; clk         ; 1.000        ; -0.055     ; 2.222      ;
; -1.275 ; control3:CEREBRO|su[1]            ; control3:CEREBRO|sd[0]            ; clk          ; clk         ; 1.000        ; -0.055     ; 2.215      ;
; -1.275 ; control3:CEREBRO|su[1]            ; control3:CEREBRO|sd[1]            ; clk          ; clk         ; 1.000        ; -0.055     ; 2.215      ;
; -1.275 ; control3:CEREBRO|su[1]            ; control3:CEREBRO|sd[2]            ; clk          ; clk         ; 1.000        ; -0.055     ; 2.215      ;
; -1.275 ; control3:CEREBRO|su[1]            ; control3:CEREBRO|sd[3]            ; clk          ; clk         ; 1.000        ; -0.055     ; 2.215      ;
; -1.250 ; control3:CEREBRO|su[2]            ; control3:CEREBRO|sd[0]            ; clk          ; clk         ; 1.000        ; -0.055     ; 2.190      ;
; -1.250 ; control3:CEREBRO|su[2]            ; control3:CEREBRO|sd[1]            ; clk          ; clk         ; 1.000        ; -0.055     ; 2.190      ;
; -1.250 ; control3:CEREBRO|su[2]            ; control3:CEREBRO|sd[2]            ; clk          ; clk         ; 1.000        ; -0.055     ; 2.190      ;
; -1.250 ; control3:CEREBRO|su[2]            ; control3:CEREBRO|sd[3]            ; clk          ; clk         ; 1.000        ; -0.055     ; 2.190      ;
; -1.245 ; control3:CEREBRO|cont_1s[6]       ; control3:CEREBRO|cont_1s[5]       ; clk          ; clk         ; 1.000        ; -0.055     ; 2.185      ;
; -1.240 ; control3:CEREBRO|cont_presion[10] ; control3:CEREBRO|reset_sig        ; clk          ; clk         ; 1.000        ; -0.054     ; 2.181      ;
; -1.239 ; control3:CEREBRO|cont_1s[6]       ; control3:CEREBRO|cont_1s[8]       ; clk          ; clk         ; 1.000        ; -0.055     ; 2.179      ;
; -1.237 ; control3:CEREBRO|cont_1s[6]       ; control3:CEREBRO|cont_1s[6]       ; clk          ; clk         ; 1.000        ; -0.055     ; 2.177      ;
; -1.235 ; control3:CEREBRO|cont_1ms[14]     ; control3:CEREBRO|cont_1ms[6]      ; clk          ; clk         ; 1.000        ; -0.387     ; 1.843      ;
; -1.234 ; control3:CEREBRO|cont_1ms[14]     ; control3:CEREBRO|cont_1ms[4]      ; clk          ; clk         ; 1.000        ; -0.387     ; 1.842      ;
; -1.233 ; control3:CEREBRO|cont_1s[7]       ; control3:CEREBRO|cont_1s[5]       ; clk          ; clk         ; 1.000        ; -0.055     ; 2.173      ;
; -1.232 ; control3:CEREBRO|cont_1ms[0]      ; control3:CEREBRO|cont_1ms[15]     ; clk          ; clk         ; 1.000        ; 0.264      ; 2.491      ;
; -1.227 ; control3:CEREBRO|su[1]            ; control3:CEREBRO|min[0]           ; clk          ; clk         ; 1.000        ; -0.059     ; 2.163      ;
; -1.227 ; control3:CEREBRO|cont_1s[7]       ; control3:CEREBRO|cont_1s[8]       ; clk          ; clk         ; 1.000        ; -0.055     ; 2.167      ;
; -1.225 ; control3:CEREBRO|su[1]            ; control3:CEREBRO|min[3]           ; clk          ; clk         ; 1.000        ; -0.059     ; 2.161      ;
; -1.225 ; control3:CEREBRO|cont_1s[7]       ; control3:CEREBRO|cont_1s[6]       ; clk          ; clk         ; 1.000        ; -0.055     ; 2.165      ;
; -1.224 ; control3:CEREBRO|su[1]            ; control3:CEREBRO|min[1]           ; clk          ; clk         ; 1.000        ; -0.059     ; 2.160      ;
; -1.223 ; control3:CEREBRO|su[1]            ; control3:CEREBRO|min[2]           ; clk          ; clk         ; 1.000        ; -0.059     ; 2.159      ;
; -1.223 ; control3:CEREBRO|cont_presion[3]  ; control3:CEREBRO|estado_run       ; clk          ; clk         ; 1.000        ; -0.054     ; 2.164      ;
; -1.222 ; control3:CEREBRO|cont_presion[3]  ; control3:CEREBRO|cont_presion[0]  ; clk          ; clk         ; 1.000        ; -0.055     ; 2.162      ;
; -1.222 ; control3:CEREBRO|cont_presion[3]  ; control3:CEREBRO|cont_presion[1]  ; clk          ; clk         ; 1.000        ; -0.055     ; 2.162      ;
; -1.222 ; control3:CEREBRO|cont_presion[3]  ; control3:CEREBRO|cont_presion[2]  ; clk          ; clk         ; 1.000        ; -0.055     ; 2.162      ;
; -1.222 ; control3:CEREBRO|cont_presion[3]  ; control3:CEREBRO|cont_presion[3]  ; clk          ; clk         ; 1.000        ; -0.055     ; 2.162      ;
; -1.222 ; control3:CEREBRO|cont_presion[3]  ; control3:CEREBRO|cont_presion[4]  ; clk          ; clk         ; 1.000        ; -0.055     ; 2.162      ;
; -1.222 ; control3:CEREBRO|cont_presion[3]  ; control3:CEREBRO|cont_presion[5]  ; clk          ; clk         ; 1.000        ; -0.055     ; 2.162      ;
; -1.222 ; control3:CEREBRO|cont_presion[3]  ; control3:CEREBRO|cont_presion[6]  ; clk          ; clk         ; 1.000        ; -0.055     ; 2.162      ;
; -1.222 ; control3:CEREBRO|cont_presion[3]  ; control3:CEREBRO|cont_presion[7]  ; clk          ; clk         ; 1.000        ; -0.055     ; 2.162      ;
; -1.222 ; control3:CEREBRO|cont_presion[3]  ; control3:CEREBRO|cont_presion[8]  ; clk          ; clk         ; 1.000        ; -0.055     ; 2.162      ;
; -1.222 ; control3:CEREBRO|cont_presion[3]  ; control3:CEREBRO|cont_presion[9]  ; clk          ; clk         ; 1.000        ; -0.055     ; 2.162      ;
; -1.222 ; control3:CEREBRO|cont_presion[3]  ; control3:CEREBRO|cont_presion[10] ; clk          ; clk         ; 1.000        ; -0.055     ; 2.162      ;
; -1.222 ; control3:CEREBRO|cont_presion[3]  ; control3:CEREBRO|cont_presion[11] ; clk          ; clk         ; 1.000        ; -0.055     ; 2.162      ;
; -1.217 ; control3:CEREBRO|sd[1]            ; control3:CEREBRO|min[0]           ; clk          ; clk         ; 1.000        ; -0.059     ; 2.153      ;
; -1.215 ; control3:CEREBRO|sd[1]            ; control3:CEREBRO|min[3]           ; clk          ; clk         ; 1.000        ; -0.059     ; 2.151      ;
; -1.214 ; control3:CEREBRO|sd[1]            ; control3:CEREBRO|min[1]           ; clk          ; clk         ; 1.000        ; -0.059     ; 2.150      ;
; -1.213 ; control3:CEREBRO|sd[1]            ; control3:CEREBRO|min[2]           ; clk          ; clk         ; 1.000        ; -0.059     ; 2.149      ;
; -1.212 ; control3:CEREBRO|cont_1ms[1]      ; control3:CEREBRO|cont_1ms[15]     ; clk          ; clk         ; 1.000        ; 0.264      ; 2.471      ;
; -1.202 ; control3:CEREBRO|su[2]            ; control3:CEREBRO|min[0]           ; clk          ; clk         ; 1.000        ; -0.059     ; 2.138      ;
; -1.201 ; control3:CEREBRO|cont_1ms[12]     ; control3:CEREBRO|cont_1ms[6]      ; clk          ; clk         ; 1.000        ; -0.055     ; 2.141      ;
; -1.200 ; control3:CEREBRO|cont_1ms[12]     ; control3:CEREBRO|cont_1ms[4]      ; clk          ; clk         ; 1.000        ; -0.055     ; 2.140      ;
; -1.200 ; control3:CEREBRO|su[2]            ; control3:CEREBRO|min[3]           ; clk          ; clk         ; 1.000        ; -0.059     ; 2.136      ;
; -1.199 ; control3:CEREBRO|su[2]            ; control3:CEREBRO|min[1]           ; clk          ; clk         ; 1.000        ; -0.059     ; 2.135      ;
; -1.198 ; control3:CEREBRO|su[2]            ; control3:CEREBRO|min[2]           ; clk          ; clk         ; 1.000        ; -0.059     ; 2.134      ;
; -1.191 ; control3:CEREBRO|reset_sig        ; control3:CEREBRO|su[0]            ; clk          ; clk         ; 1.000        ; -0.049     ; 2.137      ;
; -1.191 ; control3:CEREBRO|reset_sig        ; control3:CEREBRO|su[1]            ; clk          ; clk         ; 1.000        ; -0.049     ; 2.137      ;
; -1.191 ; control3:CEREBRO|reset_sig        ; control3:CEREBRO|su[2]            ; clk          ; clk         ; 1.000        ; -0.049     ; 2.137      ;
; -1.191 ; control3:CEREBRO|reset_sig        ; control3:CEREBRO|su[3]            ; clk          ; clk         ; 1.000        ; -0.049     ; 2.137      ;
; -1.173 ; control3:CEREBRO|cont_presion[7]  ; control3:CEREBRO|cont_presion[0]  ; clk          ; clk         ; 1.000        ; -0.055     ; 2.113      ;
; -1.173 ; control3:CEREBRO|cont_presion[7]  ; control3:CEREBRO|cont_presion[1]  ; clk          ; clk         ; 1.000        ; -0.055     ; 2.113      ;
; -1.173 ; control3:CEREBRO|cont_presion[7]  ; control3:CEREBRO|cont_presion[2]  ; clk          ; clk         ; 1.000        ; -0.055     ; 2.113      ;
; -1.173 ; control3:CEREBRO|cont_presion[7]  ; control3:CEREBRO|cont_presion[3]  ; clk          ; clk         ; 1.000        ; -0.055     ; 2.113      ;
; -1.173 ; control3:CEREBRO|cont_presion[7]  ; control3:CEREBRO|cont_presion[4]  ; clk          ; clk         ; 1.000        ; -0.055     ; 2.113      ;
; -1.173 ; control3:CEREBRO|cont_presion[7]  ; control3:CEREBRO|cont_presion[5]  ; clk          ; clk         ; 1.000        ; -0.055     ; 2.113      ;
; -1.173 ; control3:CEREBRO|cont_presion[7]  ; control3:CEREBRO|cont_presion[6]  ; clk          ; clk         ; 1.000        ; -0.055     ; 2.113      ;
; -1.173 ; control3:CEREBRO|cont_presion[7]  ; control3:CEREBRO|cont_presion[7]  ; clk          ; clk         ; 1.000        ; -0.055     ; 2.113      ;
; -1.173 ; control3:CEREBRO|cont_presion[7]  ; control3:CEREBRO|cont_presion[8]  ; clk          ; clk         ; 1.000        ; -0.055     ; 2.113      ;
; -1.173 ; control3:CEREBRO|cont_presion[7]  ; control3:CEREBRO|cont_presion[9]  ; clk          ; clk         ; 1.000        ; -0.055     ; 2.113      ;
; -1.173 ; control3:CEREBRO|cont_presion[7]  ; control3:CEREBRO|cont_presion[10] ; clk          ; clk         ; 1.000        ; -0.055     ; 2.113      ;
; -1.173 ; control3:CEREBRO|cont_presion[7]  ; control3:CEREBRO|cont_presion[11] ; clk          ; clk         ; 1.000        ; -0.055     ; 2.113      ;
; -1.172 ; control3:CEREBRO|cont_1ms[4]      ; control3:CEREBRO|cont_1ms[15]     ; clk          ; clk         ; 1.000        ; 0.264      ; 2.431      ;
+--------+-----------------------------------+-----------------------------------+--------------+-------------+--------------+------------+------------+


+-----------------------------------------------------------------------------------------------------------------------------------------------------+
; Slow 1200mV 0C Model Hold: 'clk'                                                                                                                    ;
+-------+-----------------------------------+-----------------------------------+--------------+-------------+--------------+------------+------------+
; Slack ; From Node                         ; To Node                           ; Launch Clock ; Latch Clock ; Relationship ; Clock Skew ; Data Delay ;
+-------+-----------------------------------+-----------------------------------+--------------+-------------+--------------+------------+------------+
; 0.312 ; control3:CEREBRO|min[1]           ; control3:CEREBRO|min[1]           ; clk          ; clk         ; 0.000        ; 0.055      ; 0.511      ;
; 0.312 ; control3:CEREBRO|min[2]           ; control3:CEREBRO|min[2]           ; clk          ; clk         ; 0.000        ; 0.055      ; 0.511      ;
; 0.312 ; control3:CEREBRO|min[3]           ; control3:CEREBRO|min[3]           ; clk          ; clk         ; 0.000        ; 0.055      ; 0.511      ;
; 0.312 ; control3:CEREBRO|sd[1]            ; control3:CEREBRO|sd[1]            ; clk          ; clk         ; 0.000        ; 0.055      ; 0.511      ;
; 0.312 ; control3:CEREBRO|min[0]           ; control3:CEREBRO|min[0]           ; clk          ; clk         ; 0.000        ; 0.055      ; 0.511      ;
; 0.313 ; control3:CEREBRO|su[1]            ; control3:CEREBRO|su[1]            ; clk          ; clk         ; 0.000        ; 0.054      ; 0.511      ;
; 0.320 ; control3:CEREBRO|sd[0]            ; control3:CEREBRO|sd[0]            ; clk          ; clk         ; 0.000        ; 0.055      ; 0.519      ;
; 0.321 ; control3:CEREBRO|su[0]            ; control3:CEREBRO|su[0]            ; clk          ; clk         ; 0.000        ; 0.054      ; 0.519      ;
; 0.353 ; control3:CEREBRO|cont_presion[11] ; control3:CEREBRO|cont_presion[11] ; clk          ; clk         ; 0.000        ; 0.055      ; 0.552      ;
; 0.510 ; control3:CEREBRO|cont_1ms[3]      ; control3:CEREBRO|cont_1ms[3]      ; clk          ; clk         ; 0.000        ; 0.055      ; 0.709      ;
; 0.510 ; control3:CEREBRO|cont_1ms[13]     ; control3:CEREBRO|cont_1ms[13]     ; clk          ; clk         ; 0.000        ; 0.055      ; 0.709      ;
; 0.511 ; control3:CEREBRO|cont_1ms[5]      ; control3:CEREBRO|cont_1ms[5]      ; clk          ; clk         ; 0.000        ; 0.055      ; 0.710      ;
; 0.511 ; control3:CEREBRO|cont_1ms[11]     ; control3:CEREBRO|cont_1ms[11]     ; clk          ; clk         ; 0.000        ; 0.055      ; 0.710      ;
; 0.511 ; control3:CEREBRO|cont_1s[1]       ; control3:CEREBRO|cont_1s[1]       ; clk          ; clk         ; 0.000        ; 0.055      ; 0.710      ;
; 0.512 ; control3:CEREBRO|cont_1ms[1]      ; control3:CEREBRO|cont_1ms[1]      ; clk          ; clk         ; 0.000        ; 0.055      ; 0.711      ;
; 0.512 ; control3:CEREBRO|cont_1s[2]       ; control3:CEREBRO|cont_1s[2]       ; clk          ; clk         ; 0.000        ; 0.055      ; 0.711      ;
; 0.513 ; control3:CEREBRO|cont_presion[1]  ; control3:CEREBRO|cont_presion[1]  ; clk          ; clk         ; 0.000        ; 0.055      ; 0.712      ;
; 0.513 ; control3:CEREBRO|cont_presion[4]  ; control3:CEREBRO|cont_presion[4]  ; clk          ; clk         ; 0.000        ; 0.055      ; 0.712      ;
; 0.514 ; control3:CEREBRO|cont_1ms[2]      ; control3:CEREBRO|cont_1ms[2]      ; clk          ; clk         ; 0.000        ; 0.055      ; 0.713      ;
; 0.514 ; control3:CEREBRO|cont_1ms[7]      ; control3:CEREBRO|cont_1ms[7]      ; clk          ; clk         ; 0.000        ; 0.055      ; 0.713      ;
; 0.515 ; control3:CEREBRO|cont_1ms[12]     ; control3:CEREBRO|cont_1ms[12]     ; clk          ; clk         ; 0.000        ; 0.055      ; 0.714      ;
; 0.516 ; control3:CEREBRO|cont_1ms[10]     ; control3:CEREBRO|cont_1ms[10]     ; clk          ; clk         ; 0.000        ; 0.055      ; 0.715      ;
; 0.517 ; control3:CEREBRO|cont_1s[4]       ; control3:CEREBRO|cont_1s[4]       ; clk          ; clk         ; 0.000        ; 0.055      ; 0.716      ;
; 0.517 ; control3:CEREBRO|btn_estado       ; control3:CEREBRO|reset_sig        ; clk          ; clk         ; 0.000        ; 0.054      ; 0.715      ;
; 0.518 ; control3:CEREBRO|cont_presion[2]  ; control3:CEREBRO|cont_presion[2]  ; clk          ; clk         ; 0.000        ; 0.055      ; 0.717      ;
; 0.519 ; control3:CEREBRO|cont_presion[5]  ; control3:CEREBRO|cont_presion[5]  ; clk          ; clk         ; 0.000        ; 0.055      ; 0.718      ;
; 0.519 ; control3:CEREBRO|cont_presion[10] ; control3:CEREBRO|cont_presion[10] ; clk          ; clk         ; 0.000        ; 0.055      ; 0.718      ;
; 0.520 ; control3:CEREBRO|cont_presion[3]  ; control3:CEREBRO|cont_presion[3]  ; clk          ; clk         ; 0.000        ; 0.055      ; 0.719      ;
; 0.521 ; control3:CEREBRO|cont_presion[7]  ; control3:CEREBRO|cont_presion[7]  ; clk          ; clk         ; 0.000        ; 0.055      ; 0.720      ;
; 0.521 ; control3:CEREBRO|cont_presion[9]  ; control3:CEREBRO|cont_presion[9]  ; clk          ; clk         ; 0.000        ; 0.055      ; 0.720      ;
; 0.523 ; control3:CEREBRO|cont_presion[6]  ; control3:CEREBRO|cont_presion[6]  ; clk          ; clk         ; 0.000        ; 0.055      ; 0.722      ;
; 0.524 ; control3:CEREBRO|cont_presion[8]  ; control3:CEREBRO|cont_presion[8]  ; clk          ; clk         ; 0.000        ; 0.055      ; 0.723      ;
; 0.529 ; control3:CEREBRO|cont_1ms[0]      ; control3:CEREBRO|cont_1ms[0]      ; clk          ; clk         ; 0.000        ; 0.055      ; 0.728      ;
; 0.530 ; control3:CEREBRO|cont_presion[0]  ; control3:CEREBRO|cont_presion[0]  ; clk          ; clk         ; 0.000        ; 0.055      ; 0.729      ;
; 0.532 ; control3:CEREBRO|cont_1s[0]       ; control3:CEREBRO|cont_1s[0]       ; clk          ; clk         ; 0.000        ; 0.055      ; 0.731      ;
; 0.577 ; control3:CEREBRO|su[0]            ; control3:CEREBRO|su[1]            ; clk          ; clk         ; 0.000        ; 0.054      ; 0.775      ;
; 0.619 ; control3:CEREBRO|sd[0]            ; control3:CEREBRO|sd[1]            ; clk          ; clk         ; 0.000        ; 0.055      ; 0.818      ;
; 0.629 ; control3:CEREBRO|btn_estado       ; control3:CEREBRO|btn_prev         ; clk          ; clk         ; 0.000        ; 0.054      ; 0.827      ;
; 0.662 ; control3:CEREBRO|su[0]            ; control3:CEREBRO|su[3]            ; clk          ; clk         ; 0.000        ; 0.054      ; 0.860      ;
; 0.685 ; control3:CEREBRO|sd[0]            ; control3:CEREBRO|sd[2]            ; clk          ; clk         ; 0.000        ; 0.055      ; 0.884      ;
; 0.685 ; control3:CEREBRO|sd[0]            ; control3:CEREBRO|sd[3]            ; clk          ; clk         ; 0.000        ; 0.055      ; 0.884      ;
; 0.697 ; control3:CEREBRO|su[0]            ; control3:CEREBRO|su[2]            ; clk          ; clk         ; 0.000        ; 0.054      ; 0.895      ;
; 0.704 ; control3:CEREBRO|min[0]           ; control3:CEREBRO|min[1]           ; clk          ; clk         ; 0.000        ; 0.055      ; 0.903      ;
; 0.718 ; control3:CEREBRO|reset_sig        ; control3:CEREBRO|min[1]           ; clk          ; clk         ; 0.000        ; 0.055      ; 0.917      ;
; 0.721 ; control3:CEREBRO|estado_run       ; control3:CEREBRO|estado_run       ; clk          ; clk         ; 0.000        ; 0.054      ; 0.919      ;
; 0.723 ; control3:CEREBRO|cont_1s[9]       ; control3:CEREBRO|cont_1s[9]       ; clk          ; clk         ; 0.000        ; 0.055      ; 0.922      ;
; 0.723 ; control3:CEREBRO|su[3]            ; control3:CEREBRO|su[3]            ; clk          ; clk         ; 0.000        ; 0.054      ; 0.921      ;
; 0.735 ; control3:CEREBRO|reset_sig        ; control3:CEREBRO|min[3]           ; clk          ; clk         ; 0.000        ; 0.055      ; 0.934      ;
; 0.737 ; control3:CEREBRO|reset_sig        ; control3:CEREBRO|min[0]           ; clk          ; clk         ; 0.000        ; 0.055      ; 0.936      ;
; 0.741 ; control3:CEREBRO|reset_sig        ; control3:CEREBRO|min[2]           ; clk          ; clk         ; 0.000        ; 0.055      ; 0.940      ;
; 0.755 ; control3:CEREBRO|cont_1s[1]       ; control3:CEREBRO|cont_1s[2]       ; clk          ; clk         ; 0.000        ; 0.055      ; 0.954      ;
; 0.755 ; control3:CEREBRO|cont_1ms[11]     ; control3:CEREBRO|cont_1ms[12]     ; clk          ; clk         ; 0.000        ; 0.055      ; 0.954      ;
; 0.756 ; control3:CEREBRO|su[3]            ; control3:CEREBRO|su[2]            ; clk          ; clk         ; 0.000        ; 0.054      ; 0.954      ;
; 0.757 ; control3:CEREBRO|cont_1ms[1]      ; control3:CEREBRO|cont_1ms[2]      ; clk          ; clk         ; 0.000        ; 0.055      ; 0.956      ;
; 0.758 ; control3:CEREBRO|cont_presion[1]  ; control3:CEREBRO|cont_presion[2]  ; clk          ; clk         ; 0.000        ; 0.055      ; 0.957      ;
; 0.759 ; control3:CEREBRO|su[3]            ; control3:CEREBRO|su[1]            ; clk          ; clk         ; 0.000        ; 0.054      ; 0.957      ;
; 0.760 ; control3:CEREBRO|cont_1s[3]       ; control3:CEREBRO|cont_1s[4]       ; clk          ; clk         ; 0.000        ; 0.055      ; 0.959      ;
; 0.762 ; control3:CEREBRO|cont_1ms[0]      ; control3:CEREBRO|cont_1ms[1]      ; clk          ; clk         ; 0.000        ; 0.055      ; 0.961      ;
; 0.762 ; control3:CEREBRO|cont_presion[4]  ; control3:CEREBRO|cont_presion[5]  ; clk          ; clk         ; 0.000        ; 0.055      ; 0.961      ;
; 0.763 ; control3:CEREBRO|cont_presion[5]  ; control3:CEREBRO|cont_presion[6]  ; clk          ; clk         ; 0.000        ; 0.055      ; 0.962      ;
; 0.763 ; control3:CEREBRO|cont_1ms[2]      ; control3:CEREBRO|cont_1ms[3]      ; clk          ; clk         ; 0.000        ; 0.055      ; 0.962      ;
; 0.763 ; control3:CEREBRO|cont_presion[0]  ; control3:CEREBRO|cont_presion[1]  ; clk          ; clk         ; 0.000        ; 0.055      ; 0.962      ;
; 0.764 ; control3:CEREBRO|cont_1ms[12]     ; control3:CEREBRO|cont_1ms[13]     ; clk          ; clk         ; 0.000        ; 0.055      ; 0.963      ;
; 0.765 ; control3:CEREBRO|sd[3]            ; control3:CEREBRO|sd[2]            ; clk          ; clk         ; 0.000        ; 0.055      ; 0.964      ;
; 0.765 ; control3:CEREBRO|sd[3]            ; control3:CEREBRO|sd[3]            ; clk          ; clk         ; 0.000        ; 0.055      ; 0.964      ;
; 0.765 ; control3:CEREBRO|cont_presion[3]  ; control3:CEREBRO|cont_presion[4]  ; clk          ; clk         ; 0.000        ; 0.055      ; 0.964      ;
; 0.765 ; control3:CEREBRO|cont_1ms[10]     ; control3:CEREBRO|cont_1ms[11]     ; clk          ; clk         ; 0.000        ; 0.055      ; 0.964      ;
; 0.765 ; control3:CEREBRO|cont_1s[0]       ; control3:CEREBRO|cont_1s[1]       ; clk          ; clk         ; 0.000        ; 0.055      ; 0.964      ;
; 0.766 ; control3:CEREBRO|cont_presion[9]  ; control3:CEREBRO|cont_presion[10] ; clk          ; clk         ; 0.000        ; 0.055      ; 0.965      ;
; 0.766 ; control3:CEREBRO|cont_presion[7]  ; control3:CEREBRO|cont_presion[8]  ; clk          ; clk         ; 0.000        ; 0.055      ; 0.965      ;
; 0.767 ; control3:CEREBRO|cont_presion[2]  ; control3:CEREBRO|cont_presion[3]  ; clk          ; clk         ; 0.000        ; 0.055      ; 0.966      ;
; 0.768 ; control3:CEREBRO|sd[3]            ; control3:CEREBRO|sd[1]            ; clk          ; clk         ; 0.000        ; 0.055      ; 0.967      ;
; 0.768 ; control3:CEREBRO|cont_presion[10] ; control3:CEREBRO|cont_presion[11] ; clk          ; clk         ; 0.000        ; 0.055      ; 0.967      ;
; 0.768 ; control3:CEREBRO|cont_1s[2]       ; control3:CEREBRO|cont_1s[4]       ; clk          ; clk         ; 0.000        ; 0.055      ; 0.967      ;
; 0.769 ; control3:CEREBRO|cont_1ms[0]      ; control3:CEREBRO|cont_1ms[2]      ; clk          ; clk         ; 0.000        ; 0.055      ; 0.968      ;
; 0.769 ; control3:CEREBRO|cont_presion[4]  ; control3:CEREBRO|cont_presion[6]  ; clk          ; clk         ; 0.000        ; 0.055      ; 0.968      ;
; 0.770 ; control3:CEREBRO|cont_presion[0]  ; control3:CEREBRO|cont_presion[2]  ; clk          ; clk         ; 0.000        ; 0.055      ; 0.969      ;
; 0.772 ; control3:CEREBRO|cont_presion[6]  ; control3:CEREBRO|cont_presion[7]  ; clk          ; clk         ; 0.000        ; 0.055      ; 0.971      ;
; 0.772 ; control3:CEREBRO|cont_1s[0]       ; control3:CEREBRO|cont_1s[2]       ; clk          ; clk         ; 0.000        ; 0.055      ; 0.971      ;
; 0.772 ; control3:CEREBRO|cont_1ms[10]     ; control3:CEREBRO|cont_1ms[12]     ; clk          ; clk         ; 0.000        ; 0.055      ; 0.971      ;
; 0.773 ; control3:CEREBRO|cont_presion[8]  ; control3:CEREBRO|cont_presion[9]  ; clk          ; clk         ; 0.000        ; 0.055      ; 0.972      ;
; 0.774 ; control3:CEREBRO|cont_presion[2]  ; control3:CEREBRO|cont_presion[4]  ; clk          ; clk         ; 0.000        ; 0.055      ; 0.973      ;
; 0.778 ; control3:CEREBRO|cont_1s[5]       ; control3:CEREBRO|cont_1s[5]       ; clk          ; clk         ; 0.000        ; 0.055      ; 0.977      ;
; 0.779 ; control3:CEREBRO|cont_presion[6]  ; control3:CEREBRO|cont_presion[8]  ; clk          ; clk         ; 0.000        ; 0.055      ; 0.978      ;
; 0.780 ; control3:CEREBRO|cont_presion[8]  ; control3:CEREBRO|cont_presion[10] ; clk          ; clk         ; 0.000        ; 0.055      ; 0.979      ;
; 0.781 ; control3:CEREBRO|en_1ms           ; control3:CEREBRO|en_1s            ; clk          ; clk         ; 0.000        ; 0.056      ; 0.981      ;
; 0.785 ; control3:CEREBRO|cont_1s[8]       ; control3:CEREBRO|cont_1s[8]       ; clk          ; clk         ; 0.000        ; 0.055      ; 0.984      ;
; 0.787 ; control3:CEREBRO|cont_1s[6]       ; control3:CEREBRO|cont_1s[6]       ; clk          ; clk         ; 0.000        ; 0.055      ; 0.986      ;
; 0.794 ; control3:CEREBRO|cont_1s[8]       ; control3:CEREBRO|en_1s            ; clk          ; clk         ; 0.000        ; 0.055      ; 0.993      ;
; 0.815 ; control3:CEREBRO|su[2]            ; control3:CEREBRO|su[3]            ; clk          ; clk         ; 0.000        ; 0.054      ; 1.013      ;
; 0.817 ; control3:CEREBRO|cont_1ms[13]     ; control3:CEREBRO|cont_1ms[14]     ; clk          ; clk         ; 0.000        ; 0.387      ; 1.348      ;
; 0.818 ; control3:CEREBRO|cont_1ms[3]      ; control3:CEREBRO|cont_1ms[14]     ; clk          ; clk         ; 0.000        ; 0.387      ; 1.349      ;
; 0.822 ; control3:CEREBRO|reset_sig        ; control3:CEREBRO|su[3]            ; clk          ; clk         ; 0.000        ; 0.059      ; 1.025      ;
; 0.823 ; control3:CEREBRO|su[1]            ; control3:CEREBRO|su[3]            ; clk          ; clk         ; 0.000        ; 0.054      ; 1.021      ;
; 0.823 ; control3:CEREBRO|reset_sig        ; control3:CEREBRO|su[2]            ; clk          ; clk         ; 0.000        ; 0.059      ; 1.026      ;
; 0.834 ; control3:CEREBRO|cont_1ms[12]     ; control3:CEREBRO|cont_1ms[14]     ; clk          ; clk         ; 0.000        ; 0.387      ; 1.365      ;
; 0.843 ; control3:CEREBRO|cont_1ms[3]      ; control3:CEREBRO|cont_1ms[5]      ; clk          ; clk         ; 0.000        ; 0.055      ; 1.042      ;
; 0.843 ; control3:CEREBRO|cont_1ms[6]      ; control3:CEREBRO|cont_1ms[14]     ; clk          ; clk         ; 0.000        ; 0.387      ; 1.374      ;
; 0.844 ; control3:CEREBRO|cont_1ms[5]      ; control3:CEREBRO|cont_1ms[7]      ; clk          ; clk         ; 0.000        ; 0.055      ; 1.043      ;
; 0.844 ; control3:CEREBRO|cont_1ms[11]     ; control3:CEREBRO|cont_1ms[13]     ; clk          ; clk         ; 0.000        ; 0.055      ; 1.043      ;
+-------+-----------------------------------+-----------------------------------+--------------+-------------+--------------+------------+------------+


+-------------------------------------------------------------------------------------------------------------------+
; Slow 1200mV 0C Model Minimum Pulse Width: 'clk'                                                                   ;
+--------+--------------+----------------+-----------------+-------+------------+-----------------------------------+
; Slack  ; Actual Width ; Required Width ; Type            ; Clock ; Clock Edge ; Target                            ;
+--------+--------------+----------------+-----------------+-------+------------+-----------------------------------+
; -3.000 ; 1.000        ; 4.000          ; Port Rate       ; clk   ; Rise       ; clk                               ;
; -1.000 ; 1.000        ; 2.000          ; Min Period      ; clk   ; Rise       ; control3:CEREBRO|btn_estado       ;
; -1.000 ; 1.000        ; 2.000          ; Min Period      ; clk   ; Rise       ; control3:CEREBRO|btn_prev         ;
; -1.000 ; 1.000        ; 2.000          ; Min Period      ; clk   ; Rise       ; control3:CEREBRO|cont_1ms[0]      ;
; -1.000 ; 1.000        ; 2.000          ; Min Period      ; clk   ; Rise       ; control3:CEREBRO|cont_1ms[10]     ;
; -1.000 ; 1.000        ; 2.000          ; Min Period      ; clk   ; Rise       ; control3:CEREBRO|cont_1ms[11]     ;
; -1.000 ; 1.000        ; 2.000          ; Min Period      ; clk   ; Rise       ; control3:CEREBRO|cont_1ms[12]     ;
; -1.000 ; 1.000        ; 2.000          ; Min Period      ; clk   ; Rise       ; control3:CEREBRO|cont_1ms[13]     ;
; -1.000 ; 1.000        ; 2.000          ; Min Period      ; clk   ; Rise       ; control3:CEREBRO|cont_1ms[14]     ;
; -1.000 ; 1.000        ; 2.000          ; Min Period      ; clk   ; Rise       ; control3:CEREBRO|cont_1ms[15]     ;
; -1.000 ; 1.000        ; 2.000          ; Min Period      ; clk   ; Rise       ; control3:CEREBRO|cont_1ms[1]      ;
; -1.000 ; 1.000        ; 2.000          ; Min Period      ; clk   ; Rise       ; control3:CEREBRO|cont_1ms[2]      ;
; -1.000 ; 1.000        ; 2.000          ; Min Period      ; clk   ; Rise       ; control3:CEREBRO|cont_1ms[3]      ;
; -1.000 ; 1.000        ; 2.000          ; Min Period      ; clk   ; Rise       ; control3:CEREBRO|cont_1ms[4]      ;
; -1.000 ; 1.000        ; 2.000          ; Min Period      ; clk   ; Rise       ; control3:CEREBRO|cont_1ms[5]      ;
; -1.000 ; 1.000        ; 2.000          ; Min Period      ; clk   ; Rise       ; control3:CEREBRO|cont_1ms[6]      ;
; -1.000 ; 1.000        ; 2.000          ; Min Period      ; clk   ; Rise       ; control3:CEREBRO|cont_1ms[7]      ;
; -1.000 ; 1.000        ; 2.000          ; Min Period      ; clk   ; Rise       ; control3:CEREBRO|cont_1ms[8]      ;
; -1.000 ; 1.000        ; 2.000          ; Min Period      ; clk   ; Rise       ; control3:CEREBRO|cont_1ms[9]      ;
; -1.000 ; 1.000        ; 2.000          ; Min Period      ; clk   ; Rise       ; control3:CEREBRO|cont_1s[0]       ;
; -1.000 ; 1.000        ; 2.000          ; Min Period      ; clk   ; Rise       ; control3:CEREBRO|cont_1s[1]       ;
; -1.000 ; 1.000        ; 2.000          ; Min Period      ; clk   ; Rise       ; control3:CEREBRO|cont_1s[2]       ;
; -1.000 ; 1.000        ; 2.000          ; Min Period      ; clk   ; Rise       ; control3:CEREBRO|cont_1s[3]       ;
; -1.000 ; 1.000        ; 2.000          ; Min Period      ; clk   ; Rise       ; control3:CEREBRO|cont_1s[4]       ;
; -1.000 ; 1.000        ; 2.000          ; Min Period      ; clk   ; Rise       ; control3:CEREBRO|cont_1s[5]       ;
; -1.000 ; 1.000        ; 2.000          ; Min Period      ; clk   ; Rise       ; control3:CEREBRO|cont_1s[6]       ;
; -1.000 ; 1.000        ; 2.000          ; Min Period      ; clk   ; Rise       ; control3:CEREBRO|cont_1s[7]       ;
; -1.000 ; 1.000        ; 2.000          ; Min Period      ; clk   ; Rise       ; control3:CEREBRO|cont_1s[8]       ;
; -1.000 ; 1.000        ; 2.000          ; Min Period      ; clk   ; Rise       ; control3:CEREBRO|cont_1s[9]       ;
; -1.000 ; 1.000        ; 2.000          ; Min Period      ; clk   ; Rise       ; control3:CEREBRO|cont_presion[0]  ;
; -1.000 ; 1.000        ; 2.000          ; Min Period      ; clk   ; Rise       ; control3:CEREBRO|cont_presion[10] ;
; -1.000 ; 1.000        ; 2.000          ; Min Period      ; clk   ; Rise       ; control3:CEREBRO|cont_presion[11] ;
; -1.000 ; 1.000        ; 2.000          ; Min Period      ; clk   ; Rise       ; control3:CEREBRO|cont_presion[1]  ;
; -1.000 ; 1.000        ; 2.000          ; Min Period      ; clk   ; Rise       ; control3:CEREBRO|cont_presion[2]  ;
; -1.000 ; 1.000        ; 2.000          ; Min Period      ; clk   ; Rise       ; control3:CEREBRO|cont_presion[3]  ;
; -1.000 ; 1.000        ; 2.000          ; Min Period      ; clk   ; Rise       ; control3:CEREBRO|cont_presion[4]  ;
; -1.000 ; 1.000        ; 2.000          ; Min Period      ; clk   ; Rise       ; control3:CEREBRO|cont_presion[5]  ;
; -1.000 ; 1.000        ; 2.000          ; Min Period      ; clk   ; Rise       ; control3:CEREBRO|cont_presion[6]  ;
; -1.000 ; 1.000        ; 2.000          ; Min Period      ; clk   ; Rise       ; control3:CEREBRO|cont_presion[7]  ;
; -1.000 ; 1.000        ; 2.000          ; Min Period      ; clk   ; Rise       ; control3:CEREBRO|cont_presion[8]  ;
; -1.000 ; 1.000        ; 2.000          ; Min Period      ; clk   ; Rise       ; control3:CEREBRO|cont_presion[9]  ;
; -1.000 ; 1.000        ; 2.000          ; Min Period      ; clk   ; Rise       ; control3:CEREBRO|en_1ms           ;
; -1.000 ; 1.000        ; 2.000          ; Min Period      ; clk   ; Rise       ; control3:CEREBRO|en_1s            ;
; -1.000 ; 1.000        ; 2.000          ; Min Period      ; clk   ; Rise       ; control3:CEREBRO|estado_run       ;
; -1.000 ; 1.000        ; 2.000          ; Min Period      ; clk   ; Rise       ; control3:CEREBRO|min[0]           ;
; -1.000 ; 1.000        ; 2.000          ; Min Period      ; clk   ; Rise       ; control3:CEREBRO|min[1]           ;
; -1.000 ; 1.000        ; 2.000          ; Min Period      ; clk   ; Rise       ; control3:CEREBRO|min[2]           ;
; -1.000 ; 1.000        ; 2.000          ; Min Period      ; clk   ; Rise       ; control3:CEREBRO|min[3]           ;
; -1.000 ; 1.000        ; 2.000          ; Min Period      ; clk   ; Rise       ; control3:CEREBRO|reset_sig        ;
; -1.000 ; 1.000        ; 2.000          ; Min Period      ; clk   ; Rise       ; control3:CEREBRO|sd[0]            ;
; -1.000 ; 1.000        ; 2.000          ; Min Period      ; clk   ; Rise       ; control3:CEREBRO|sd[1]            ;
; -1.000 ; 1.000        ; 2.000          ; Min Period      ; clk   ; Rise       ; control3:CEREBRO|sd[2]            ;
; -1.000 ; 1.000        ; 2.000          ; Min Period      ; clk   ; Rise       ; control3:CEREBRO|sd[3]            ;
; -1.000 ; 1.000        ; 2.000          ; Min Period      ; clk   ; Rise       ; control3:CEREBRO|su[0]            ;
; -1.000 ; 1.000        ; 2.000          ; Min Period      ; clk   ; Rise       ; control3:CEREBRO|su[1]            ;
; -1.000 ; 1.000        ; 2.000          ; Min Period      ; clk   ; Rise       ; control3:CEREBRO|su[2]            ;
; -1.000 ; 1.000        ; 2.000          ; Min Period      ; clk   ; Rise       ; control3:CEREBRO|su[3]            ;
; 0.176  ; 0.360        ; 0.184          ; Low Pulse Width ; clk   ; Rise       ; control3:CEREBRO|cont_1ms[14]     ;
; 0.176  ; 0.360        ; 0.184          ; Low Pulse Width ; clk   ; Rise       ; control3:CEREBRO|cont_1ms[15]     ;
; 0.180  ; 0.364        ; 0.184          ; Low Pulse Width ; clk   ; Rise       ; control3:CEREBRO|cont_1ms[4]      ;
; 0.180  ; 0.364        ; 0.184          ; Low Pulse Width ; clk   ; Rise       ; control3:CEREBRO|cont_1ms[6]      ;
; 0.180  ; 0.364        ; 0.184          ; Low Pulse Width ; clk   ; Rise       ; control3:CEREBRO|cont_1ms[8]      ;
; 0.180  ; 0.364        ; 0.184          ; Low Pulse Width ; clk   ; Rise       ; control3:CEREBRO|cont_1ms[9]      ;
; 0.180  ; 0.364        ; 0.184          ; Low Pulse Width ; clk   ; Rise       ; control3:CEREBRO|en_1ms           ;
; 0.181  ; 0.365        ; 0.184          ; Low Pulse Width ; clk   ; Rise       ; control3:CEREBRO|cont_1ms[0]      ;
; 0.181  ; 0.365        ; 0.184          ; Low Pulse Width ; clk   ; Rise       ; control3:CEREBRO|cont_1ms[10]     ;
; 0.181  ; 0.365        ; 0.184          ; Low Pulse Width ; clk   ; Rise       ; control3:CEREBRO|cont_1ms[11]     ;
; 0.181  ; 0.365        ; 0.184          ; Low Pulse Width ; clk   ; Rise       ; control3:CEREBRO|cont_1ms[12]     ;
; 0.181  ; 0.365        ; 0.184          ; Low Pulse Width ; clk   ; Rise       ; control3:CEREBRO|cont_1ms[13]     ;
; 0.181  ; 0.365        ; 0.184          ; Low Pulse Width ; clk   ; Rise       ; control3:CEREBRO|cont_1ms[1]      ;
; 0.181  ; 0.365        ; 0.184          ; Low Pulse Width ; clk   ; Rise       ; control3:CEREBRO|cont_1ms[2]      ;
; 0.181  ; 0.365        ; 0.184          ; Low Pulse Width ; clk   ; Rise       ; control3:CEREBRO|cont_1ms[3]      ;
; 0.181  ; 0.365        ; 0.184          ; Low Pulse Width ; clk   ; Rise       ; control3:CEREBRO|cont_1ms[5]      ;
; 0.181  ; 0.365        ; 0.184          ; Low Pulse Width ; clk   ; Rise       ; control3:CEREBRO|cont_1ms[7]      ;
; 0.181  ; 0.365        ; 0.184          ; Low Pulse Width ; clk   ; Rise       ; control3:CEREBRO|cont_1s[0]       ;
; 0.181  ; 0.365        ; 0.184          ; Low Pulse Width ; clk   ; Rise       ; control3:CEREBRO|cont_1s[1]       ;
; 0.181  ; 0.365        ; 0.184          ; Low Pulse Width ; clk   ; Rise       ; control3:CEREBRO|cont_1s[2]       ;
; 0.181  ; 0.365        ; 0.184          ; Low Pulse Width ; clk   ; Rise       ; control3:CEREBRO|cont_1s[3]       ;
; 0.181  ; 0.365        ; 0.184          ; Low Pulse Width ; clk   ; Rise       ; control3:CEREBRO|cont_1s[4]       ;
; 0.181  ; 0.365        ; 0.184          ; Low Pulse Width ; clk   ; Rise       ; control3:CEREBRO|cont_1s[5]       ;
; 0.181  ; 0.365        ; 0.184          ; Low Pulse Width ; clk   ; Rise       ; control3:CEREBRO|cont_1s[6]       ;
; 0.181  ; 0.365        ; 0.184          ; Low Pulse Width ; clk   ; Rise       ; control3:CEREBRO|cont_1s[7]       ;
; 0.181  ; 0.365        ; 0.184          ; Low Pulse Width ; clk   ; Rise       ; control3:CEREBRO|cont_1s[8]       ;
; 0.181  ; 0.365        ; 0.184          ; Low Pulse Width ; clk   ; Rise       ; control3:CEREBRO|cont_1s[9]       ;
; 0.181  ; 0.365        ; 0.184          ; Low Pulse Width ; clk   ; Rise       ; control3:CEREBRO|en_1s            ;
; 0.181  ; 0.365        ; 0.184          ; Low Pulse Width ; clk   ; Rise       ; control3:CEREBRO|sd[0]            ;
; 0.181  ; 0.365        ; 0.184          ; Low Pulse Width ; clk   ; Rise       ; control3:CEREBRO|sd[1]            ;
; 0.181  ; 0.365        ; 0.184          ; Low Pulse Width ; clk   ; Rise       ; control3:CEREBRO|sd[2]            ;
; 0.181  ; 0.365        ; 0.184          ; Low Pulse Width ; clk   ; Rise       ; control3:CEREBRO|sd[3]            ;
; 0.181  ; 0.365        ; 0.184          ; Low Pulse Width ; clk   ; Rise       ; control3:CEREBRO|su[0]            ;
; 0.181  ; 0.365        ; 0.184          ; Low Pulse Width ; clk   ; Rise       ; control3:CEREBRO|su[1]            ;
; 0.181  ; 0.365        ; 0.184          ; Low Pulse Width ; clk   ; Rise       ; control3:CEREBRO|su[2]            ;
; 0.181  ; 0.365        ; 0.184          ; Low Pulse Width ; clk   ; Rise       ; control3:CEREBRO|su[3]            ;
; 0.184  ; 0.368        ; 0.184          ; Low Pulse Width ; clk   ; Rise       ; control3:CEREBRO|cont_presion[0]  ;
; 0.184  ; 0.368        ; 0.184          ; Low Pulse Width ; clk   ; Rise       ; control3:CEREBRO|cont_presion[10] ;
; 0.184  ; 0.368        ; 0.184          ; Low Pulse Width ; clk   ; Rise       ; control3:CEREBRO|cont_presion[11] ;
; 0.184  ; 0.368        ; 0.184          ; Low Pulse Width ; clk   ; Rise       ; control3:CEREBRO|cont_presion[1]  ;
; 0.184  ; 0.368        ; 0.184          ; Low Pulse Width ; clk   ; Rise       ; control3:CEREBRO|cont_presion[2]  ;
; 0.184  ; 0.368        ; 0.184          ; Low Pulse Width ; clk   ; Rise       ; control3:CEREBRO|cont_presion[3]  ;
; 0.184  ; 0.368        ; 0.184          ; Low Pulse Width ; clk   ; Rise       ; control3:CEREBRO|cont_presion[4]  ;
+--------+--------------+----------------+-----------------+-------+------------+-----------------------------------+


+-----------------------------------------------------------------------+
; Setup Times                                                           ;
+-----------+------------+-------+-------+------------+-----------------+
; Data Port ; Clock Port ; Rise  ; Fall  ; Clock Edge ; Clock Reference ;
+-----------+------------+-------+-------+------------+-----------------+
; btn       ; clk        ; 1.295 ; 1.611 ; Rise       ; clk             ;
+-----------+------------+-------+-------+------------+-----------------+


+-------------------------------------------------------------------------+
; Hold Times                                                              ;
+-----------+------------+--------+--------+------------+-----------------+
; Data Port ; Clock Port ; Rise   ; Fall   ; Clock Edge ; Clock Reference ;
+-----------+------------+--------+--------+------------+-----------------+
; btn       ; clk        ; -0.963 ; -1.278 ; Rise       ; clk             ;
+-----------+------------+--------+--------+------------+-----------------+


+---------------------------------------------------------------------------+
; Clock to Output Times                                                     ;
+---------------+------------+-------+-------+------------+-----------------+
; Data Port     ; Clock Port ; Rise  ; Fall  ; Clock Edge ; Clock Reference ;
+---------------+------------+-------+-------+------------+-----------------+
; disp_min[*]   ; clk        ; 5.908 ; 5.930 ; Rise       ; clk             ;
;  disp_min[0]  ; clk        ; 5.623 ; 5.513 ; Rise       ; clk             ;
;  disp_min[1]  ; clk        ; 5.651 ; 5.597 ; Rise       ; clk             ;
;  disp_min[2]  ; clk        ; 5.658 ; 5.593 ; Rise       ; clk             ;
;  disp_min[3]  ; clk        ; 5.908 ; 5.837 ; Rise       ; clk             ;
;  disp_min[4]  ; clk        ; 5.889 ; 5.930 ; Rise       ; clk             ;
;  disp_min[5]  ; clk        ; 5.747 ; 5.722 ; Rise       ; clk             ;
;  disp_min[6]  ; clk        ; 5.680 ; 5.685 ; Rise       ; clk             ;
; disp_secd[*]  ; clk        ; 7.130 ; 7.116 ; Rise       ; clk             ;
;  disp_secd[0] ; clk        ; 5.663 ; 5.545 ; Rise       ; clk             ;
;  disp_secd[1] ; clk        ; 5.777 ; 5.771 ; Rise       ; clk             ;
;  disp_secd[2] ; clk        ; 5.646 ; 5.556 ; Rise       ; clk             ;
;  disp_secd[3] ; clk        ; 5.673 ; 5.552 ; Rise       ; clk             ;
;  disp_secd[4] ; clk        ; 7.130 ; 7.116 ; Rise       ; clk             ;
;  disp_secd[5] ; clk        ; 5.675 ; 5.579 ; Rise       ; clk             ;
;  disp_secd[6] ; clk        ; 5.554 ; 5.609 ; Rise       ; clk             ;
; disp_secu[*]  ; clk        ; 5.923 ; 5.804 ; Rise       ; clk             ;
;  disp_secu[0] ; clk        ; 5.698 ; 5.631 ; Rise       ; clk             ;
;  disp_secu[1] ; clk        ; 5.538 ; 5.510 ; Rise       ; clk             ;
;  disp_secu[2] ; clk        ; 5.575 ; 5.677 ; Rise       ; clk             ;
;  disp_secu[3] ; clk        ; 5.652 ; 5.528 ; Rise       ; clk             ;
;  disp_secu[4] ; clk        ; 5.923 ; 5.804 ; Rise       ; clk             ;
;  disp_secu[5] ; clk        ; 5.663 ; 5.588 ; Rise       ; clk             ;
;  disp_secu[6] ; clk        ; 5.507 ; 5.532 ; Rise       ; clk             ;
+---------------+------------+-------+-------+------------+-----------------+


+---------------------------------------------------------------------------+
; Minimum Clock to Output Times                                             ;
+---------------+------------+-------+-------+------------+-----------------+
; Data Port     ; Clock Port ; Rise  ; Fall  ; Clock Edge ; Clock Reference ;
+---------------+------------+-------+-------+------------+-----------------+
; disp_min[*]   ; clk        ; 5.237 ; 5.206 ; Rise       ; clk             ;
;  disp_min[0]  ; clk        ; 5.237 ; 5.206 ; Rise       ; clk             ;
;  disp_min[1]  ; clk        ; 5.286 ; 5.357 ; Rise       ; clk             ;
;  disp_min[2]  ; clk        ; 5.357 ; 5.255 ; Rise       ; clk             ;
;  disp_min[3]  ; clk        ; 5.512 ; 5.482 ; Rise       ; clk             ;
;  disp_min[4]  ; clk        ; 5.558 ; 5.638 ; Rise       ; clk             ;
;  disp_min[5]  ; clk        ; 5.362 ; 5.377 ; Rise       ; clk             ;
;  disp_min[6]  ; clk        ; 5.274 ; 5.397 ; Rise       ; clk             ;
; disp_secd[*]  ; clk        ; 5.120 ; 5.119 ; Rise       ; clk             ;
;  disp_secd[0] ; clk        ; 5.200 ; 5.119 ; Rise       ; clk             ;
;  disp_secd[1] ; clk        ; 5.359 ; 5.306 ; Rise       ; clk             ;
;  disp_secd[2] ; clk        ; 5.277 ; 5.120 ; Rise       ; clk             ;
;  disp_secd[3] ; clk        ; 5.215 ; 5.127 ; Rise       ; clk             ;
;  disp_secd[4] ; clk        ; 6.665 ; 6.749 ; Rise       ; clk             ;
;  disp_secd[5] ; clk        ; 5.229 ; 5.202 ; Rise       ; clk             ;
;  disp_secd[6] ; clk        ; 5.120 ; 5.265 ; Rise       ; clk             ;
; disp_secu[*]  ; clk        ; 5.077 ; 5.063 ; Rise       ; clk             ;
;  disp_secu[0] ; clk        ; 5.247 ; 5.216 ; Rise       ; clk             ;
;  disp_secu[1] ; clk        ; 5.124 ; 5.063 ; Rise       ; clk             ;
;  disp_secu[2] ; clk        ; 5.316 ; 5.213 ; Rise       ; clk             ;
;  disp_secu[3] ; clk        ; 5.194 ; 5.106 ; Rise       ; clk             ;
;  disp_secu[4] ; clk        ; 5.480 ; 5.520 ; Rise       ; clk             ;
;  disp_secu[5] ; clk        ; 5.216 ; 5.194 ; Rise       ; clk             ;
;  disp_secu[6] ; clk        ; 5.077 ; 5.197 ; Rise       ; clk             ;
+---------------+------------+-------+-------+------------+-----------------+


---------------------------------------------
; Slow 1200mV 0C Model Metastability Report ;
---------------------------------------------
No synchronizer chains to report.


+------------------------------------+
; Fast 1200mV 0C Model Setup Summary ;
+-------+--------+-------------------+
; Clock ; Slack  ; End Point TNS     ;
+-------+--------+-------------------+
; clk   ; -0.588 ; -18.044           ;
+-------+--------+-------------------+


+-----------------------------------+
; Fast 1200mV 0C Model Hold Summary ;
+-------+-------+-------------------+
; Clock ; Slack ; End Point TNS     ;
+-------+-------+-------------------+
; clk   ; 0.187 ; 0.000             ;
+-------+-------+-------------------+


-----------------------------------------
; Fast 1200mV 0C Model Recovery Summary ;
-----------------------------------------
No paths to report.


----------------------------------------
; Fast 1200mV 0C Model Removal Summary ;
----------------------------------------
No paths to report.


+--------------------------------------------------+
; Fast 1200mV 0C Model Minimum Pulse Width Summary ;
+-------+--------+---------------------------------+
; Clock ; Slack  ; End Point TNS                   ;
+-------+--------+---------------------------------+
; clk   ; -3.000 ; -62.190                         ;
+-------+--------+---------------------------------+


+------------------------------------------------------------------------------------------------------------------------------------------------------+
; Fast 1200mV 0C Model Setup: 'clk'                                                                                                                    ;
+--------+-----------------------------------+-----------------------------------+--------------+-------------+--------------+------------+------------+
; Slack  ; From Node                         ; To Node                           ; Launch Clock ; Latch Clock ; Relationship ; Clock Skew ; Data Delay ;
+--------+-----------------------------------+-----------------------------------+--------------+-------------+--------------+------------+------------+
; -0.588 ; control3:CEREBRO|cont_presion[10] ; control3:CEREBRO|estado_run       ; clk          ; clk         ; 1.000        ; -0.035     ; 1.540      ;
; -0.555 ; control3:CEREBRO|cont_presion[7]  ; control3:CEREBRO|estado_run       ; clk          ; clk         ; 1.000        ; -0.035     ; 1.507      ;
; -0.508 ; control3:CEREBRO|cont_presion[4]  ; control3:CEREBRO|cont_presion[0]  ; clk          ; clk         ; 1.000        ; -0.036     ; 1.459      ;
; -0.508 ; control3:CEREBRO|cont_presion[4]  ; control3:CEREBRO|cont_presion[1]  ; clk          ; clk         ; 1.000        ; -0.036     ; 1.459      ;
; -0.508 ; control3:CEREBRO|cont_presion[4]  ; control3:CEREBRO|cont_presion[2]  ; clk          ; clk         ; 1.000        ; -0.036     ; 1.459      ;
; -0.508 ; control3:CEREBRO|cont_presion[4]  ; control3:CEREBRO|cont_presion[3]  ; clk          ; clk         ; 1.000        ; -0.036     ; 1.459      ;
; -0.508 ; control3:CEREBRO|cont_presion[4]  ; control3:CEREBRO|cont_presion[4]  ; clk          ; clk         ; 1.000        ; -0.036     ; 1.459      ;
; -0.508 ; control3:CEREBRO|cont_presion[4]  ; control3:CEREBRO|cont_presion[5]  ; clk          ; clk         ; 1.000        ; -0.036     ; 1.459      ;
; -0.508 ; control3:CEREBRO|cont_presion[4]  ; control3:CEREBRO|cont_presion[6]  ; clk          ; clk         ; 1.000        ; -0.036     ; 1.459      ;
; -0.508 ; control3:CEREBRO|cont_presion[4]  ; control3:CEREBRO|cont_presion[7]  ; clk          ; clk         ; 1.000        ; -0.036     ; 1.459      ;
; -0.508 ; control3:CEREBRO|cont_presion[4]  ; control3:CEREBRO|cont_presion[8]  ; clk          ; clk         ; 1.000        ; -0.036     ; 1.459      ;
; -0.508 ; control3:CEREBRO|cont_presion[4]  ; control3:CEREBRO|cont_presion[9]  ; clk          ; clk         ; 1.000        ; -0.036     ; 1.459      ;
; -0.508 ; control3:CEREBRO|cont_presion[4]  ; control3:CEREBRO|cont_presion[10] ; clk          ; clk         ; 1.000        ; -0.036     ; 1.459      ;
; -0.508 ; control3:CEREBRO|cont_presion[4]  ; control3:CEREBRO|cont_presion[11] ; clk          ; clk         ; 1.000        ; -0.036     ; 1.459      ;
; -0.504 ; control3:CEREBRO|cont_presion[4]  ; control3:CEREBRO|estado_run       ; clk          ; clk         ; 1.000        ; -0.035     ; 1.456      ;
; -0.495 ; control3:CEREBRO|cont_presion[6]  ; control3:CEREBRO|estado_run       ; clk          ; clk         ; 1.000        ; -0.035     ; 1.447      ;
; -0.472 ; control3:CEREBRO|cont_presion[11] ; control3:CEREBRO|estado_run       ; clk          ; clk         ; 1.000        ; -0.035     ; 1.424      ;
; -0.457 ; control3:CEREBRO|cont_1s[2]       ; control3:CEREBRO|cont_1s[5]       ; clk          ; clk         ; 1.000        ; -0.036     ; 1.408      ;
; -0.455 ; control3:CEREBRO|cont_presion[9]  ; control3:CEREBRO|estado_run       ; clk          ; clk         ; 1.000        ; -0.035     ; 1.407      ;
; -0.450 ; control3:CEREBRO|cont_1s[2]       ; control3:CEREBRO|cont_1s[8]       ; clk          ; clk         ; 1.000        ; -0.036     ; 1.401      ;
; -0.449 ; control3:CEREBRO|cont_1ms[1]      ; control3:CEREBRO|cont_1ms[15]     ; clk          ; clk         ; 1.000        ; 0.153      ; 1.589      ;
; -0.449 ; control3:CEREBRO|cont_presion[2]  ; control3:CEREBRO|estado_run       ; clk          ; clk         ; 1.000        ; -0.035     ; 1.401      ;
; -0.448 ; control3:CEREBRO|cont_1s[2]       ; control3:CEREBRO|cont_1s[6]       ; clk          ; clk         ; 1.000        ; -0.036     ; 1.399      ;
; -0.442 ; control3:CEREBRO|cont_presion[8]  ; control3:CEREBRO|estado_run       ; clk          ; clk         ; 1.000        ; -0.035     ; 1.394      ;
; -0.436 ; control3:CEREBRO|cont_1s[6]       ; control3:CEREBRO|cont_1s[5]       ; clk          ; clk         ; 1.000        ; -0.036     ; 1.387      ;
; -0.435 ; control3:CEREBRO|cont_presion[5]  ; control3:CEREBRO|cont_presion[0]  ; clk          ; clk         ; 1.000        ; -0.036     ; 1.386      ;
; -0.435 ; control3:CEREBRO|cont_presion[5]  ; control3:CEREBRO|cont_presion[1]  ; clk          ; clk         ; 1.000        ; -0.036     ; 1.386      ;
; -0.435 ; control3:CEREBRO|cont_presion[5]  ; control3:CEREBRO|cont_presion[2]  ; clk          ; clk         ; 1.000        ; -0.036     ; 1.386      ;
; -0.435 ; control3:CEREBRO|cont_presion[5]  ; control3:CEREBRO|cont_presion[3]  ; clk          ; clk         ; 1.000        ; -0.036     ; 1.386      ;
; -0.435 ; control3:CEREBRO|cont_presion[5]  ; control3:CEREBRO|cont_presion[4]  ; clk          ; clk         ; 1.000        ; -0.036     ; 1.386      ;
; -0.435 ; control3:CEREBRO|cont_presion[5]  ; control3:CEREBRO|cont_presion[5]  ; clk          ; clk         ; 1.000        ; -0.036     ; 1.386      ;
; -0.435 ; control3:CEREBRO|cont_presion[5]  ; control3:CEREBRO|cont_presion[6]  ; clk          ; clk         ; 1.000        ; -0.036     ; 1.386      ;
; -0.435 ; control3:CEREBRO|cont_presion[5]  ; control3:CEREBRO|cont_presion[7]  ; clk          ; clk         ; 1.000        ; -0.036     ; 1.386      ;
; -0.435 ; control3:CEREBRO|cont_presion[5]  ; control3:CEREBRO|cont_presion[8]  ; clk          ; clk         ; 1.000        ; -0.036     ; 1.386      ;
; -0.435 ; control3:CEREBRO|cont_presion[5]  ; control3:CEREBRO|cont_presion[9]  ; clk          ; clk         ; 1.000        ; -0.036     ; 1.386      ;
; -0.435 ; control3:CEREBRO|cont_presion[5]  ; control3:CEREBRO|cont_presion[10] ; clk          ; clk         ; 1.000        ; -0.036     ; 1.386      ;
; -0.435 ; control3:CEREBRO|cont_presion[5]  ; control3:CEREBRO|cont_presion[11] ; clk          ; clk         ; 1.000        ; -0.036     ; 1.386      ;
; -0.435 ; control3:CEREBRO|cont_1ms[0]      ; control3:CEREBRO|cont_1ms[15]     ; clk          ; clk         ; 1.000        ; 0.153      ; 1.575      ;
; -0.433 ; control3:CEREBRO|cont_presion[1]  ; control3:CEREBRO|estado_run       ; clk          ; clk         ; 1.000        ; -0.035     ; 1.385      ;
; -0.429 ; control3:CEREBRO|cont_1s[6]       ; control3:CEREBRO|cont_1s[8]       ; clk          ; clk         ; 1.000        ; -0.036     ; 1.380      ;
; -0.427 ; control3:CEREBRO|cont_1s[6]       ; control3:CEREBRO|cont_1s[6]       ; clk          ; clk         ; 1.000        ; -0.036     ; 1.378      ;
; -0.424 ; control3:CEREBRO|cont_1s[7]       ; control3:CEREBRO|cont_1s[5]       ; clk          ; clk         ; 1.000        ; -0.036     ; 1.375      ;
; -0.422 ; control3:CEREBRO|cont_presion[10] ; control3:CEREBRO|reset_sig        ; clk          ; clk         ; 1.000        ; -0.035     ; 1.374      ;
; -0.417 ; control3:CEREBRO|su[1]            ; control3:CEREBRO|sd[0]            ; clk          ; clk         ; 1.000        ; -0.036     ; 1.368      ;
; -0.417 ; control3:CEREBRO|su[1]            ; control3:CEREBRO|sd[1]            ; clk          ; clk         ; 1.000        ; -0.036     ; 1.368      ;
; -0.417 ; control3:CEREBRO|su[1]            ; control3:CEREBRO|sd[2]            ; clk          ; clk         ; 1.000        ; -0.036     ; 1.368      ;
; -0.417 ; control3:CEREBRO|su[1]            ; control3:CEREBRO|sd[3]            ; clk          ; clk         ; 1.000        ; -0.036     ; 1.368      ;
; -0.417 ; control3:CEREBRO|cont_1s[7]       ; control3:CEREBRO|cont_1s[8]       ; clk          ; clk         ; 1.000        ; -0.036     ; 1.368      ;
; -0.415 ; control3:CEREBRO|cont_presion[5]  ; control3:CEREBRO|estado_run       ; clk          ; clk         ; 1.000        ; -0.035     ; 1.367      ;
; -0.415 ; control3:CEREBRO|cont_1s[7]       ; control3:CEREBRO|cont_1s[6]       ; clk          ; clk         ; 1.000        ; -0.036     ; 1.366      ;
; -0.414 ; control3:CEREBRO|su[1]            ; control3:CEREBRO|min[3]           ; clk          ; clk         ; 1.000        ; -0.042     ; 1.359      ;
; -0.414 ; control3:CEREBRO|su[1]            ; control3:CEREBRO|min[0]           ; clk          ; clk         ; 1.000        ; -0.042     ; 1.359      ;
; -0.412 ; control3:CEREBRO|su[1]            ; control3:CEREBRO|min[1]           ; clk          ; clk         ; 1.000        ; -0.042     ; 1.357      ;
; -0.412 ; control3:CEREBRO|su[1]            ; control3:CEREBRO|min[2]           ; clk          ; clk         ; 1.000        ; -0.042     ; 1.357      ;
; -0.405 ; control3:CEREBRO|su[2]            ; control3:CEREBRO|sd[0]            ; clk          ; clk         ; 1.000        ; -0.036     ; 1.356      ;
; -0.405 ; control3:CEREBRO|su[2]            ; control3:CEREBRO|sd[1]            ; clk          ; clk         ; 1.000        ; -0.036     ; 1.356      ;
; -0.405 ; control3:CEREBRO|su[2]            ; control3:CEREBRO|sd[2]            ; clk          ; clk         ; 1.000        ; -0.036     ; 1.356      ;
; -0.405 ; control3:CEREBRO|su[2]            ; control3:CEREBRO|sd[3]            ; clk          ; clk         ; 1.000        ; -0.036     ; 1.356      ;
; -0.403 ; control3:CEREBRO|reset_sig        ; control3:CEREBRO|su[0]            ; clk          ; clk         ; 1.000        ; -0.029     ; 1.361      ;
; -0.403 ; control3:CEREBRO|reset_sig        ; control3:CEREBRO|su[1]            ; clk          ; clk         ; 1.000        ; -0.029     ; 1.361      ;
; -0.403 ; control3:CEREBRO|reset_sig        ; control3:CEREBRO|su[2]            ; clk          ; clk         ; 1.000        ; -0.029     ; 1.361      ;
; -0.403 ; control3:CEREBRO|reset_sig        ; control3:CEREBRO|su[3]            ; clk          ; clk         ; 1.000        ; -0.029     ; 1.361      ;
; -0.402 ; control3:CEREBRO|su[2]            ; control3:CEREBRO|min[3]           ; clk          ; clk         ; 1.000        ; -0.042     ; 1.347      ;
; -0.402 ; control3:CEREBRO|su[2]            ; control3:CEREBRO|min[0]           ; clk          ; clk         ; 1.000        ; -0.042     ; 1.347      ;
; -0.400 ; control3:CEREBRO|su[2]            ; control3:CEREBRO|min[1]           ; clk          ; clk         ; 1.000        ; -0.042     ; 1.345      ;
; -0.400 ; control3:CEREBRO|su[2]            ; control3:CEREBRO|min[2]           ; clk          ; clk         ; 1.000        ; -0.042     ; 1.345      ;
; -0.393 ; control3:CEREBRO|cont_presion[3]  ; control3:CEREBRO|estado_run       ; clk          ; clk         ; 1.000        ; -0.035     ; 1.345      ;
; -0.386 ; control3:CEREBRO|cont_1ms[14]     ; control3:CEREBRO|cont_1ms[4]      ; clk          ; clk         ; 1.000        ; -0.231     ; 1.142      ;
; -0.385 ; control3:CEREBRO|cont_1ms[14]     ; control3:CEREBRO|cont_1ms[6]      ; clk          ; clk         ; 1.000        ; -0.231     ; 1.141      ;
; -0.378 ; control3:CEREBRO|cont_1ms[3]      ; control3:CEREBRO|cont_1ms[15]     ; clk          ; clk         ; 1.000        ; 0.153      ; 1.518      ;
; -0.369 ; control3:CEREBRO|cont_1ms[4]      ; control3:CEREBRO|cont_1ms[15]     ; clk          ; clk         ; 1.000        ; 0.153      ; 1.509      ;
; -0.368 ; control3:CEREBRO|cont_1ms[2]      ; control3:CEREBRO|cont_1ms[15]     ; clk          ; clk         ; 1.000        ; 0.153      ; 1.508      ;
; -0.364 ; control3:CEREBRO|cont_1s[1]       ; control3:CEREBRO|cont_1s[5]       ; clk          ; clk         ; 1.000        ; -0.036     ; 1.315      ;
; -0.364 ; control3:CEREBRO|sd[2]            ; control3:CEREBRO|min[3]           ; clk          ; clk         ; 1.000        ; -0.042     ; 1.309      ;
; -0.363 ; control3:CEREBRO|sd[1]            ; control3:CEREBRO|min[3]           ; clk          ; clk         ; 1.000        ; -0.042     ; 1.308      ;
; -0.363 ; control3:CEREBRO|sd[1]            ; control3:CEREBRO|min[0]           ; clk          ; clk         ; 1.000        ; -0.042     ; 1.308      ;
; -0.362 ; control3:CEREBRO|sd[2]            ; control3:CEREBRO|min[0]           ; clk          ; clk         ; 1.000        ; -0.042     ; 1.307      ;
; -0.361 ; control3:CEREBRO|sd[2]            ; control3:CEREBRO|min[1]           ; clk          ; clk         ; 1.000        ; -0.042     ; 1.306      ;
; -0.361 ; control3:CEREBRO|sd[1]            ; control3:CEREBRO|min[1]           ; clk          ; clk         ; 1.000        ; -0.042     ; 1.306      ;
; -0.361 ; control3:CEREBRO|sd[2]            ; control3:CEREBRO|min[2]           ; clk          ; clk         ; 1.000        ; -0.042     ; 1.306      ;
; -0.361 ; control3:CEREBRO|sd[1]            ; control3:CEREBRO|min[2]           ; clk          ; clk         ; 1.000        ; -0.042     ; 1.306      ;
; -0.360 ; control3:CEREBRO|cont_1s[5]       ; control3:CEREBRO|cont_1s[5]       ; clk          ; clk         ; 1.000        ; -0.036     ; 1.311      ;
; -0.359 ; control3:CEREBRO|cont_1ms[1]      ; control3:CEREBRO|cont_1ms[6]      ; clk          ; clk         ; 1.000        ; -0.035     ; 1.311      ;
; -0.357 ; control3:CEREBRO|cont_1s[1]       ; control3:CEREBRO|cont_1s[8]       ; clk          ; clk         ; 1.000        ; -0.036     ; 1.308      ;
; -0.355 ; control3:CEREBRO|cont_1ms[1]      ; control3:CEREBRO|cont_1ms[14]     ; clk          ; clk         ; 1.000        ; 0.153      ; 1.495      ;
; -0.355 ; control3:CEREBRO|cont_1s[1]       ; control3:CEREBRO|cont_1s[6]       ; clk          ; clk         ; 1.000        ; -0.036     ; 1.306      ;
; -0.353 ; control3:CEREBRO|cont_1ms[1]      ; control3:CEREBRO|cont_1ms[9]      ; clk          ; clk         ; 1.000        ; -0.035     ; 1.305      ;
; -0.353 ; control3:CEREBRO|cont_1s[5]       ; control3:CEREBRO|cont_1s[8]       ; clk          ; clk         ; 1.000        ; -0.036     ; 1.304      ;
; -0.351 ; control3:CEREBRO|cont_1s[5]       ; control3:CEREBRO|cont_1s[6]       ; clk          ; clk         ; 1.000        ; -0.036     ; 1.302      ;
; -0.347 ; control3:CEREBRO|cont_presion[3]  ; control3:CEREBRO|cont_presion[0]  ; clk          ; clk         ; 1.000        ; -0.036     ; 1.298      ;
; -0.347 ; control3:CEREBRO|cont_presion[3]  ; control3:CEREBRO|cont_presion[1]  ; clk          ; clk         ; 1.000        ; -0.036     ; 1.298      ;
; -0.347 ; control3:CEREBRO|cont_presion[3]  ; control3:CEREBRO|cont_presion[2]  ; clk          ; clk         ; 1.000        ; -0.036     ; 1.298      ;
; -0.347 ; control3:CEREBRO|cont_presion[3]  ; control3:CEREBRO|cont_presion[3]  ; clk          ; clk         ; 1.000        ; -0.036     ; 1.298      ;
; -0.347 ; control3:CEREBRO|cont_presion[3]  ; control3:CEREBRO|cont_presion[4]  ; clk          ; clk         ; 1.000        ; -0.036     ; 1.298      ;
; -0.347 ; control3:CEREBRO|cont_presion[3]  ; control3:CEREBRO|cont_presion[5]  ; clk          ; clk         ; 1.000        ; -0.036     ; 1.298      ;
; -0.347 ; control3:CEREBRO|cont_presion[3]  ; control3:CEREBRO|cont_presion[6]  ; clk          ; clk         ; 1.000        ; -0.036     ; 1.298      ;
; -0.347 ; control3:CEREBRO|cont_presion[3]  ; control3:CEREBRO|cont_presion[7]  ; clk          ; clk         ; 1.000        ; -0.036     ; 1.298      ;
; -0.347 ; control3:CEREBRO|cont_presion[3]  ; control3:CEREBRO|cont_presion[8]  ; clk          ; clk         ; 1.000        ; -0.036     ; 1.298      ;
; -0.347 ; control3:CEREBRO|cont_presion[3]  ; control3:CEREBRO|cont_presion[9]  ; clk          ; clk         ; 1.000        ; -0.036     ; 1.298      ;
; -0.347 ; control3:CEREBRO|cont_presion[3]  ; control3:CEREBRO|cont_presion[10] ; clk          ; clk         ; 1.000        ; -0.036     ; 1.298      ;
+--------+-----------------------------------+-----------------------------------+--------------+-------------+--------------+------------+------------+


+-----------------------------------------------------------------------------------------------------------------------------------------------------+
; Fast 1200mV 0C Model Hold: 'clk'                                                                                                                    ;
+-------+-----------------------------------+-----------------------------------+--------------+-------------+--------------+------------+------------+
; Slack ; From Node                         ; To Node                           ; Launch Clock ; Latch Clock ; Relationship ; Clock Skew ; Data Delay ;
+-------+-----------------------------------+-----------------------------------+--------------+-------------+--------------+------------+------------+
; 0.187 ; control3:CEREBRO|su[1]            ; control3:CEREBRO|su[1]            ; clk          ; clk         ; 0.000        ; 0.036      ; 0.307      ;
; 0.187 ; control3:CEREBRO|min[1]           ; control3:CEREBRO|min[1]           ; clk          ; clk         ; 0.000        ; 0.036      ; 0.307      ;
; 0.187 ; control3:CEREBRO|min[2]           ; control3:CEREBRO|min[2]           ; clk          ; clk         ; 0.000        ; 0.036      ; 0.307      ;
; 0.187 ; control3:CEREBRO|min[3]           ; control3:CEREBRO|min[3]           ; clk          ; clk         ; 0.000        ; 0.036      ; 0.307      ;
; 0.187 ; control3:CEREBRO|sd[1]            ; control3:CEREBRO|sd[1]            ; clk          ; clk         ; 0.000        ; 0.036      ; 0.307      ;
; 0.187 ; control3:CEREBRO|min[0]           ; control3:CEREBRO|min[0]           ; clk          ; clk         ; 0.000        ; 0.036      ; 0.307      ;
; 0.194 ; control3:CEREBRO|su[0]            ; control3:CEREBRO|su[0]            ; clk          ; clk         ; 0.000        ; 0.036      ; 0.314      ;
; 0.194 ; control3:CEREBRO|sd[0]            ; control3:CEREBRO|sd[0]            ; clk          ; clk         ; 0.000        ; 0.036      ; 0.314      ;
; 0.210 ; control3:CEREBRO|cont_presion[11] ; control3:CEREBRO|cont_presion[11] ; clk          ; clk         ; 0.000        ; 0.036      ; 0.330      ;
; 0.304 ; control3:CEREBRO|cont_1ms[3]      ; control3:CEREBRO|cont_1ms[3]      ; clk          ; clk         ; 0.000        ; 0.036      ; 0.424      ;
; 0.304 ; control3:CEREBRO|cont_1ms[13]     ; control3:CEREBRO|cont_1ms[13]     ; clk          ; clk         ; 0.000        ; 0.036      ; 0.424      ;
; 0.305 ; control3:CEREBRO|cont_1ms[1]      ; control3:CEREBRO|cont_1ms[1]      ; clk          ; clk         ; 0.000        ; 0.036      ; 0.425      ;
; 0.305 ; control3:CEREBRO|cont_1ms[5]      ; control3:CEREBRO|cont_1ms[5]      ; clk          ; clk         ; 0.000        ; 0.036      ; 0.425      ;
; 0.305 ; control3:CEREBRO|cont_1ms[7]      ; control3:CEREBRO|cont_1ms[7]      ; clk          ; clk         ; 0.000        ; 0.036      ; 0.425      ;
; 0.305 ; control3:CEREBRO|cont_1ms[11]     ; control3:CEREBRO|cont_1ms[11]     ; clk          ; clk         ; 0.000        ; 0.036      ; 0.425      ;
; 0.305 ; control3:CEREBRO|cont_1s[1]       ; control3:CEREBRO|cont_1s[1]       ; clk          ; clk         ; 0.000        ; 0.036      ; 0.425      ;
; 0.306 ; control3:CEREBRO|cont_1ms[2]      ; control3:CEREBRO|cont_1ms[2]      ; clk          ; clk         ; 0.000        ; 0.036      ; 0.426      ;
; 0.306 ; control3:CEREBRO|cont_presion[1]  ; control3:CEREBRO|cont_presion[1]  ; clk          ; clk         ; 0.000        ; 0.036      ; 0.426      ;
; 0.306 ; control3:CEREBRO|cont_presion[4]  ; control3:CEREBRO|cont_presion[4]  ; clk          ; clk         ; 0.000        ; 0.036      ; 0.426      ;
; 0.306 ; control3:CEREBRO|cont_1s[2]       ; control3:CEREBRO|cont_1s[2]       ; clk          ; clk         ; 0.000        ; 0.036      ; 0.426      ;
; 0.307 ; control3:CEREBRO|cont_1ms[10]     ; control3:CEREBRO|cont_1ms[10]     ; clk          ; clk         ; 0.000        ; 0.036      ; 0.427      ;
; 0.307 ; control3:CEREBRO|cont_1ms[12]     ; control3:CEREBRO|cont_1ms[12]     ; clk          ; clk         ; 0.000        ; 0.036      ; 0.427      ;
; 0.307 ; control3:CEREBRO|cont_1s[4]       ; control3:CEREBRO|cont_1s[4]       ; clk          ; clk         ; 0.000        ; 0.036      ; 0.427      ;
; 0.309 ; control3:CEREBRO|cont_presion[2]  ; control3:CEREBRO|cont_presion[2]  ; clk          ; clk         ; 0.000        ; 0.036      ; 0.429      ;
; 0.309 ; control3:CEREBRO|btn_estado       ; control3:CEREBRO|reset_sig        ; clk          ; clk         ; 0.000        ; 0.035      ; 0.428      ;
; 0.310 ; control3:CEREBRO|cont_presion[5]  ; control3:CEREBRO|cont_presion[5]  ; clk          ; clk         ; 0.000        ; 0.036      ; 0.430      ;
; 0.311 ; control3:CEREBRO|cont_presion[3]  ; control3:CEREBRO|cont_presion[3]  ; clk          ; clk         ; 0.000        ; 0.036      ; 0.431      ;
; 0.311 ; control3:CEREBRO|cont_presion[7]  ; control3:CEREBRO|cont_presion[7]  ; clk          ; clk         ; 0.000        ; 0.036      ; 0.431      ;
; 0.311 ; control3:CEREBRO|cont_presion[9]  ; control3:CEREBRO|cont_presion[9]  ; clk          ; clk         ; 0.000        ; 0.036      ; 0.431      ;
; 0.311 ; control3:CEREBRO|cont_presion[10] ; control3:CEREBRO|cont_presion[10] ; clk          ; clk         ; 0.000        ; 0.036      ; 0.431      ;
; 0.312 ; control3:CEREBRO|cont_presion[6]  ; control3:CEREBRO|cont_presion[6]  ; clk          ; clk         ; 0.000        ; 0.036      ; 0.432      ;
; 0.312 ; control3:CEREBRO|cont_presion[8]  ; control3:CEREBRO|cont_presion[8]  ; clk          ; clk         ; 0.000        ; 0.036      ; 0.432      ;
; 0.316 ; control3:CEREBRO|cont_1ms[0]      ; control3:CEREBRO|cont_1ms[0]      ; clk          ; clk         ; 0.000        ; 0.036      ; 0.436      ;
; 0.317 ; control3:CEREBRO|cont_presion[0]  ; control3:CEREBRO|cont_presion[0]  ; clk          ; clk         ; 0.000        ; 0.036      ; 0.437      ;
; 0.318 ; control3:CEREBRO|cont_1s[0]       ; control3:CEREBRO|cont_1s[0]       ; clk          ; clk         ; 0.000        ; 0.036      ; 0.438      ;
; 0.344 ; control3:CEREBRO|su[0]            ; control3:CEREBRO|su[1]            ; clk          ; clk         ; 0.000        ; 0.036      ; 0.464      ;
; 0.354 ; control3:CEREBRO|btn_estado       ; control3:CEREBRO|btn_prev         ; clk          ; clk         ; 0.000        ; 0.035      ; 0.473      ;
; 0.371 ; control3:CEREBRO|sd[0]            ; control3:CEREBRO|sd[1]            ; clk          ; clk         ; 0.000        ; 0.036      ; 0.491      ;
; 0.389 ; control3:CEREBRO|su[0]            ; control3:CEREBRO|su[3]            ; clk          ; clk         ; 0.000        ; 0.036      ; 0.509      ;
; 0.405 ; control3:CEREBRO|sd[0]            ; control3:CEREBRO|sd[2]            ; clk          ; clk         ; 0.000        ; 0.036      ; 0.525      ;
; 0.405 ; control3:CEREBRO|sd[0]            ; control3:CEREBRO|sd[3]            ; clk          ; clk         ; 0.000        ; 0.036      ; 0.525      ;
; 0.406 ; control3:CEREBRO|min[0]           ; control3:CEREBRO|min[1]           ; clk          ; clk         ; 0.000        ; 0.036      ; 0.526      ;
; 0.422 ; control3:CEREBRO|cont_1s[9]       ; control3:CEREBRO|cont_1s[9]       ; clk          ; clk         ; 0.000        ; 0.036      ; 0.542      ;
; 0.422 ; control3:CEREBRO|reset_sig        ; control3:CEREBRO|min[1]           ; clk          ; clk         ; 0.000        ; 0.036      ; 0.542      ;
; 0.425 ; control3:CEREBRO|su[0]            ; control3:CEREBRO|su[2]            ; clk          ; clk         ; 0.000        ; 0.036      ; 0.545      ;
; 0.429 ; control3:CEREBRO|estado_run       ; control3:CEREBRO|estado_run       ; clk          ; clk         ; 0.000        ; 0.035      ; 0.548      ;
; 0.432 ; control3:CEREBRO|reset_sig        ; control3:CEREBRO|min[0]           ; clk          ; clk         ; 0.000        ; 0.036      ; 0.552      ;
; 0.433 ; control3:CEREBRO|su[3]            ; control3:CEREBRO|su[3]            ; clk          ; clk         ; 0.000        ; 0.036      ; 0.553      ;
; 0.435 ; control3:CEREBRO|reset_sig        ; control3:CEREBRO|min[3]           ; clk          ; clk         ; 0.000        ; 0.036      ; 0.555      ;
; 0.439 ; control3:CEREBRO|reset_sig        ; control3:CEREBRO|min[2]           ; clk          ; clk         ; 0.000        ; 0.036      ; 0.559      ;
; 0.445 ; control3:CEREBRO|cont_1s[8]       ; control3:CEREBRO|en_1s            ; clk          ; clk         ; 0.000        ; 0.036      ; 0.565      ;
; 0.447 ; control3:CEREBRO|en_1ms           ; control3:CEREBRO|en_1s            ; clk          ; clk         ; 0.000        ; 0.036      ; 0.567      ;
; 0.454 ; control3:CEREBRO|cont_1ms[1]      ; control3:CEREBRO|cont_1ms[2]      ; clk          ; clk         ; 0.000        ; 0.036      ; 0.574      ;
; 0.454 ; control3:CEREBRO|cont_1s[1]       ; control3:CEREBRO|cont_1s[2]       ; clk          ; clk         ; 0.000        ; 0.036      ; 0.574      ;
; 0.454 ; control3:CEREBRO|cont_1ms[11]     ; control3:CEREBRO|cont_1ms[12]     ; clk          ; clk         ; 0.000        ; 0.036      ; 0.574      ;
; 0.455 ; control3:CEREBRO|cont_presion[1]  ; control3:CEREBRO|cont_presion[2]  ; clk          ; clk         ; 0.000        ; 0.036      ; 0.575      ;
; 0.456 ; control3:CEREBRO|cont_1s[3]       ; control3:CEREBRO|cont_1s[4]       ; clk          ; clk         ; 0.000        ; 0.036      ; 0.576      ;
; 0.457 ; control3:CEREBRO|cont_1s[5]       ; control3:CEREBRO|cont_1s[5]       ; clk          ; clk         ; 0.000        ; 0.036      ; 0.577      ;
; 0.459 ; control3:CEREBRO|cont_presion[5]  ; control3:CEREBRO|cont_presion[6]  ; clk          ; clk         ; 0.000        ; 0.036      ; 0.579      ;
; 0.460 ; control3:CEREBRO|cont_presion[3]  ; control3:CEREBRO|cont_presion[4]  ; clk          ; clk         ; 0.000        ; 0.036      ; 0.580      ;
; 0.460 ; control3:CEREBRO|cont_presion[9]  ; control3:CEREBRO|cont_presion[10] ; clk          ; clk         ; 0.000        ; 0.036      ; 0.580      ;
; 0.460 ; control3:CEREBRO|cont_presion[7]  ; control3:CEREBRO|cont_presion[8]  ; clk          ; clk         ; 0.000        ; 0.036      ; 0.580      ;
; 0.462 ; control3:CEREBRO|sd[3]            ; control3:CEREBRO|sd[2]            ; clk          ; clk         ; 0.000        ; 0.036      ; 0.582      ;
; 0.462 ; control3:CEREBRO|sd[3]            ; control3:CEREBRO|sd[3]            ; clk          ; clk         ; 0.000        ; 0.036      ; 0.582      ;
; 0.463 ; control3:CEREBRO|cont_1s[6]       ; control3:CEREBRO|cont_1s[6]       ; clk          ; clk         ; 0.000        ; 0.036      ; 0.583      ;
; 0.463 ; control3:CEREBRO|cont_1ms[0]      ; control3:CEREBRO|cont_1ms[1]      ; clk          ; clk         ; 0.000        ; 0.036      ; 0.583      ;
; 0.464 ; control3:CEREBRO|cont_1s[8]       ; control3:CEREBRO|cont_1s[8]       ; clk          ; clk         ; 0.000        ; 0.036      ; 0.584      ;
; 0.464 ; control3:CEREBRO|sd[3]            ; control3:CEREBRO|sd[1]            ; clk          ; clk         ; 0.000        ; 0.036      ; 0.584      ;
; 0.464 ; control3:CEREBRO|cont_1ms[2]      ; control3:CEREBRO|cont_1ms[3]      ; clk          ; clk         ; 0.000        ; 0.036      ; 0.584      ;
; 0.464 ; control3:CEREBRO|cont_presion[0]  ; control3:CEREBRO|cont_presion[1]  ; clk          ; clk         ; 0.000        ; 0.036      ; 0.584      ;
; 0.464 ; control3:CEREBRO|cont_presion[4]  ; control3:CEREBRO|cont_presion[5]  ; clk          ; clk         ; 0.000        ; 0.036      ; 0.584      ;
; 0.465 ; control3:CEREBRO|cont_1ms[12]     ; control3:CEREBRO|cont_1ms[13]     ; clk          ; clk         ; 0.000        ; 0.036      ; 0.585      ;
; 0.465 ; control3:CEREBRO|cont_1ms[10]     ; control3:CEREBRO|cont_1ms[11]     ; clk          ; clk         ; 0.000        ; 0.036      ; 0.585      ;
; 0.465 ; control3:CEREBRO|cont_1s[0]       ; control3:CEREBRO|cont_1s[1]       ; clk          ; clk         ; 0.000        ; 0.036      ; 0.585      ;
; 0.465 ; control3:CEREBRO|su[3]            ; control3:CEREBRO|su[2]            ; clk          ; clk         ; 0.000        ; 0.036      ; 0.585      ;
; 0.466 ; control3:CEREBRO|su[3]            ; control3:CEREBRO|su[1]            ; clk          ; clk         ; 0.000        ; 0.036      ; 0.586      ;
; 0.466 ; control3:CEREBRO|cont_1ms[0]      ; control3:CEREBRO|cont_1ms[2]      ; clk          ; clk         ; 0.000        ; 0.036      ; 0.586      ;
; 0.467 ; control3:CEREBRO|cont_presion[2]  ; control3:CEREBRO|cont_presion[3]  ; clk          ; clk         ; 0.000        ; 0.036      ; 0.587      ;
; 0.467 ; control3:CEREBRO|cont_presion[0]  ; control3:CEREBRO|cont_presion[2]  ; clk          ; clk         ; 0.000        ; 0.036      ; 0.587      ;
; 0.467 ; control3:CEREBRO|cont_1s[2]       ; control3:CEREBRO|cont_1s[4]       ; clk          ; clk         ; 0.000        ; 0.036      ; 0.587      ;
; 0.467 ; control3:CEREBRO|cont_presion[4]  ; control3:CEREBRO|cont_presion[6]  ; clk          ; clk         ; 0.000        ; 0.036      ; 0.587      ;
; 0.468 ; control3:CEREBRO|cont_1s[0]       ; control3:CEREBRO|cont_1s[2]       ; clk          ; clk         ; 0.000        ; 0.036      ; 0.588      ;
; 0.468 ; control3:CEREBRO|cont_1ms[10]     ; control3:CEREBRO|cont_1ms[12]     ; clk          ; clk         ; 0.000        ; 0.036      ; 0.588      ;
; 0.469 ; control3:CEREBRO|cont_1ms[3]      ; control3:CEREBRO|cont_1ms[14]     ; clk          ; clk         ; 0.000        ; 0.232      ; 0.785      ;
; 0.469 ; control3:CEREBRO|cont_presion[10] ; control3:CEREBRO|cont_presion[11] ; clk          ; clk         ; 0.000        ; 0.036      ; 0.589      ;
; 0.470 ; control3:CEREBRO|cont_presion[6]  ; control3:CEREBRO|cont_presion[7]  ; clk          ; clk         ; 0.000        ; 0.036      ; 0.590      ;
; 0.470 ; control3:CEREBRO|cont_presion[8]  ; control3:CEREBRO|cont_presion[9]  ; clk          ; clk         ; 0.000        ; 0.036      ; 0.590      ;
; 0.470 ; control3:CEREBRO|cont_presion[2]  ; control3:CEREBRO|cont_presion[4]  ; clk          ; clk         ; 0.000        ; 0.036      ; 0.590      ;
; 0.473 ; control3:CEREBRO|cont_presion[8]  ; control3:CEREBRO|cont_presion[10] ; clk          ; clk         ; 0.000        ; 0.036      ; 0.593      ;
; 0.473 ; control3:CEREBRO|cont_presion[6]  ; control3:CEREBRO|cont_presion[8]  ; clk          ; clk         ; 0.000        ; 0.036      ; 0.593      ;
; 0.478 ; control3:CEREBRO|cont_1ms[13]     ; control3:CEREBRO|cont_1ms[14]     ; clk          ; clk         ; 0.000        ; 0.232      ; 0.794      ;
; 0.488 ; control3:CEREBRO|su[2]            ; control3:CEREBRO|su[3]            ; clk          ; clk         ; 0.000        ; 0.036      ; 0.608      ;
; 0.491 ; control3:CEREBRO|su[1]            ; control3:CEREBRO|su[3]            ; clk          ; clk         ; 0.000        ; 0.036      ; 0.611      ;
; 0.493 ; control3:CEREBRO|cont_1ms[12]     ; control3:CEREBRO|cont_1ms[14]     ; clk          ; clk         ; 0.000        ; 0.232      ; 0.809      ;
; 0.501 ; control3:CEREBRO|reset_sig        ; control3:CEREBRO|su[3]            ; clk          ; clk         ; 0.000        ; 0.042      ; 0.627      ;
; 0.502 ; control3:CEREBRO|reset_sig        ; control3:CEREBRO|su[2]            ; clk          ; clk         ; 0.000        ; 0.042      ; 0.628      ;
; 0.505 ; control3:CEREBRO|btn_estado       ; control3:CEREBRO|cont_presion[0]  ; clk          ; clk         ; 0.000        ; 0.035      ; 0.624      ;
; 0.505 ; control3:CEREBRO|btn_estado       ; control3:CEREBRO|cont_presion[1]  ; clk          ; clk         ; 0.000        ; 0.035      ; 0.624      ;
; 0.505 ; control3:CEREBRO|btn_estado       ; control3:CEREBRO|cont_presion[2]  ; clk          ; clk         ; 0.000        ; 0.035      ; 0.624      ;
; 0.505 ; control3:CEREBRO|btn_estado       ; control3:CEREBRO|cont_presion[3]  ; clk          ; clk         ; 0.000        ; 0.035      ; 0.624      ;
+-------+-----------------------------------+-----------------------------------+--------------+-------------+--------------+------------+------------+


+-------------------------------------------------------------------------------------------------------------------+
; Fast 1200mV 0C Model Minimum Pulse Width: 'clk'                                                                   ;
+--------+--------------+----------------+-----------------+-------+------------+-----------------------------------+
; Slack  ; Actual Width ; Required Width ; Type            ; Clock ; Clock Edge ; Target                            ;
+--------+--------------+----------------+-----------------+-------+------------+-----------------------------------+
; -3.000 ; 1.000        ; 4.000          ; Port Rate       ; clk   ; Rise       ; clk                               ;
; -1.000 ; 1.000        ; 2.000          ; Min Period      ; clk   ; Rise       ; control3:CEREBRO|btn_estado       ;
; -1.000 ; 1.000        ; 2.000          ; Min Period      ; clk   ; Rise       ; control3:CEREBRO|btn_prev         ;
; -1.000 ; 1.000        ; 2.000          ; Min Period      ; clk   ; Rise       ; control3:CEREBRO|cont_1ms[0]      ;
; -1.000 ; 1.000        ; 2.000          ; Min Period      ; clk   ; Rise       ; control3:CEREBRO|cont_1ms[10]     ;
; -1.000 ; 1.000        ; 2.000          ; Min Period      ; clk   ; Rise       ; control3:CEREBRO|cont_1ms[11]     ;
; -1.000 ; 1.000        ; 2.000          ; Min Period      ; clk   ; Rise       ; control3:CEREBRO|cont_1ms[12]     ;
; -1.000 ; 1.000        ; 2.000          ; Min Period      ; clk   ; Rise       ; control3:CEREBRO|cont_1ms[13]     ;
; -1.000 ; 1.000        ; 2.000          ; Min Period      ; clk   ; Rise       ; control3:CEREBRO|cont_1ms[14]     ;
; -1.000 ; 1.000        ; 2.000          ; Min Period      ; clk   ; Rise       ; control3:CEREBRO|cont_1ms[15]     ;
; -1.000 ; 1.000        ; 2.000          ; Min Period      ; clk   ; Rise       ; control3:CEREBRO|cont_1ms[1]      ;
; -1.000 ; 1.000        ; 2.000          ; Min Period      ; clk   ; Rise       ; control3:CEREBRO|cont_1ms[2]      ;
; -1.000 ; 1.000        ; 2.000          ; Min Period      ; clk   ; Rise       ; control3:CEREBRO|cont_1ms[3]      ;
; -1.000 ; 1.000        ; 2.000          ; Min Period      ; clk   ; Rise       ; control3:CEREBRO|cont_1ms[4]      ;
; -1.000 ; 1.000        ; 2.000          ; Min Period      ; clk   ; Rise       ; control3:CEREBRO|cont_1ms[5]      ;
; -1.000 ; 1.000        ; 2.000          ; Min Period      ; clk   ; Rise       ; control3:CEREBRO|cont_1ms[6]      ;
; -1.000 ; 1.000        ; 2.000          ; Min Period      ; clk   ; Rise       ; control3:CEREBRO|cont_1ms[7]      ;
; -1.000 ; 1.000        ; 2.000          ; Min Period      ; clk   ; Rise       ; control3:CEREBRO|cont_1ms[8]      ;
; -1.000 ; 1.000        ; 2.000          ; Min Period      ; clk   ; Rise       ; control3:CEREBRO|cont_1ms[9]      ;
; -1.000 ; 1.000        ; 2.000          ; Min Period      ; clk   ; Rise       ; control3:CEREBRO|cont_1s[0]       ;
; -1.000 ; 1.000        ; 2.000          ; Min Period      ; clk   ; Rise       ; control3:CEREBRO|cont_1s[1]       ;
; -1.000 ; 1.000        ; 2.000          ; Min Period      ; clk   ; Rise       ; control3:CEREBRO|cont_1s[2]       ;
; -1.000 ; 1.000        ; 2.000          ; Min Period      ; clk   ; Rise       ; control3:CEREBRO|cont_1s[3]       ;
; -1.000 ; 1.000        ; 2.000          ; Min Period      ; clk   ; Rise       ; control3:CEREBRO|cont_1s[4]       ;
; -1.000 ; 1.000        ; 2.000          ; Min Period      ; clk   ; Rise       ; control3:CEREBRO|cont_1s[5]       ;
; -1.000 ; 1.000        ; 2.000          ; Min Period      ; clk   ; Rise       ; control3:CEREBRO|cont_1s[6]       ;
; -1.000 ; 1.000        ; 2.000          ; Min Period      ; clk   ; Rise       ; control3:CEREBRO|cont_1s[7]       ;
; -1.000 ; 1.000        ; 2.000          ; Min Period      ; clk   ; Rise       ; control3:CEREBRO|cont_1s[8]       ;
; -1.000 ; 1.000        ; 2.000          ; Min Period      ; clk   ; Rise       ; control3:CEREBRO|cont_1s[9]       ;
; -1.000 ; 1.000        ; 2.000          ; Min Period      ; clk   ; Rise       ; control3:CEREBRO|cont_presion[0]  ;
; -1.000 ; 1.000        ; 2.000          ; Min Period      ; clk   ; Rise       ; control3:CEREBRO|cont_presion[10] ;
; -1.000 ; 1.000        ; 2.000          ; Min Period      ; clk   ; Rise       ; control3:CEREBRO|cont_presion[11] ;
; -1.000 ; 1.000        ; 2.000          ; Min Period      ; clk   ; Rise       ; control3:CEREBRO|cont_presion[1]  ;
; -1.000 ; 1.000        ; 2.000          ; Min Period      ; clk   ; Rise       ; control3:CEREBRO|cont_presion[2]  ;
; -1.000 ; 1.000        ; 2.000          ; Min Period      ; clk   ; Rise       ; control3:CEREBRO|cont_presion[3]  ;
; -1.000 ; 1.000        ; 2.000          ; Min Period      ; clk   ; Rise       ; control3:CEREBRO|cont_presion[4]  ;
; -1.000 ; 1.000        ; 2.000          ; Min Period      ; clk   ; Rise       ; control3:CEREBRO|cont_presion[5]  ;
; -1.000 ; 1.000        ; 2.000          ; Min Period      ; clk   ; Rise       ; control3:CEREBRO|cont_presion[6]  ;
; -1.000 ; 1.000        ; 2.000          ; Min Period      ; clk   ; Rise       ; control3:CEREBRO|cont_presion[7]  ;
; -1.000 ; 1.000        ; 2.000          ; Min Period      ; clk   ; Rise       ; control3:CEREBRO|cont_presion[8]  ;
; -1.000 ; 1.000        ; 2.000          ; Min Period      ; clk   ; Rise       ; control3:CEREBRO|cont_presion[9]  ;
; -1.000 ; 1.000        ; 2.000          ; Min Period      ; clk   ; Rise       ; control3:CEREBRO|en_1ms           ;
; -1.000 ; 1.000        ; 2.000          ; Min Period      ; clk   ; Rise       ; control3:CEREBRO|en_1s            ;
; -1.000 ; 1.000        ; 2.000          ; Min Period      ; clk   ; Rise       ; control3:CEREBRO|estado_run       ;
; -1.000 ; 1.000        ; 2.000          ; Min Period      ; clk   ; Rise       ; control3:CEREBRO|min[0]           ;
; -1.000 ; 1.000        ; 2.000          ; Min Period      ; clk   ; Rise       ; control3:CEREBRO|min[1]           ;
; -1.000 ; 1.000        ; 2.000          ; Min Period      ; clk   ; Rise       ; control3:CEREBRO|min[2]           ;
; -1.000 ; 1.000        ; 2.000          ; Min Period      ; clk   ; Rise       ; control3:CEREBRO|min[3]           ;
; -1.000 ; 1.000        ; 2.000          ; Min Period      ; clk   ; Rise       ; control3:CEREBRO|reset_sig        ;
; -1.000 ; 1.000        ; 2.000          ; Min Period      ; clk   ; Rise       ; control3:CEREBRO|sd[0]            ;
; -1.000 ; 1.000        ; 2.000          ; Min Period      ; clk   ; Rise       ; control3:CEREBRO|sd[1]            ;
; -1.000 ; 1.000        ; 2.000          ; Min Period      ; clk   ; Rise       ; control3:CEREBRO|sd[2]            ;
; -1.000 ; 1.000        ; 2.000          ; Min Period      ; clk   ; Rise       ; control3:CEREBRO|sd[3]            ;
; -1.000 ; 1.000        ; 2.000          ; Min Period      ; clk   ; Rise       ; control3:CEREBRO|su[0]            ;
; -1.000 ; 1.000        ; 2.000          ; Min Period      ; clk   ; Rise       ; control3:CEREBRO|su[1]            ;
; -1.000 ; 1.000        ; 2.000          ; Min Period      ; clk   ; Rise       ; control3:CEREBRO|su[2]            ;
; -1.000 ; 1.000        ; 2.000          ; Min Period      ; clk   ; Rise       ; control3:CEREBRO|su[3]            ;
; -0.085 ; 0.099        ; 0.184          ; Low Pulse Width ; clk   ; Rise       ; control3:CEREBRO|cont_1ms[14]     ;
; -0.085 ; 0.099        ; 0.184          ; Low Pulse Width ; clk   ; Rise       ; control3:CEREBRO|cont_1ms[15]     ;
; -0.056 ; 0.128        ; 0.184          ; Low Pulse Width ; clk   ; Rise       ; control3:CEREBRO|btn_estado       ;
; -0.056 ; 0.128        ; 0.184          ; Low Pulse Width ; clk   ; Rise       ; control3:CEREBRO|btn_prev         ;
; -0.056 ; 0.128        ; 0.184          ; Low Pulse Width ; clk   ; Rise       ; control3:CEREBRO|cont_1ms[0]      ;
; -0.056 ; 0.128        ; 0.184          ; Low Pulse Width ; clk   ; Rise       ; control3:CEREBRO|cont_1ms[10]     ;
; -0.056 ; 0.128        ; 0.184          ; Low Pulse Width ; clk   ; Rise       ; control3:CEREBRO|cont_1ms[11]     ;
; -0.056 ; 0.128        ; 0.184          ; Low Pulse Width ; clk   ; Rise       ; control3:CEREBRO|cont_1ms[12]     ;
; -0.056 ; 0.128        ; 0.184          ; Low Pulse Width ; clk   ; Rise       ; control3:CEREBRO|cont_1ms[13]     ;
; -0.056 ; 0.128        ; 0.184          ; Low Pulse Width ; clk   ; Rise       ; control3:CEREBRO|cont_1ms[1]      ;
; -0.056 ; 0.128        ; 0.184          ; Low Pulse Width ; clk   ; Rise       ; control3:CEREBRO|cont_1ms[2]      ;
; -0.056 ; 0.128        ; 0.184          ; Low Pulse Width ; clk   ; Rise       ; control3:CEREBRO|cont_1ms[3]      ;
; -0.056 ; 0.128        ; 0.184          ; Low Pulse Width ; clk   ; Rise       ; control3:CEREBRO|cont_1ms[4]      ;
; -0.056 ; 0.128        ; 0.184          ; Low Pulse Width ; clk   ; Rise       ; control3:CEREBRO|cont_1ms[5]      ;
; -0.056 ; 0.128        ; 0.184          ; Low Pulse Width ; clk   ; Rise       ; control3:CEREBRO|cont_1ms[6]      ;
; -0.056 ; 0.128        ; 0.184          ; Low Pulse Width ; clk   ; Rise       ; control3:CEREBRO|cont_1ms[7]      ;
; -0.056 ; 0.128        ; 0.184          ; Low Pulse Width ; clk   ; Rise       ; control3:CEREBRO|cont_1ms[8]      ;
; -0.056 ; 0.128        ; 0.184          ; Low Pulse Width ; clk   ; Rise       ; control3:CEREBRO|cont_1ms[9]      ;
; -0.056 ; 0.128        ; 0.184          ; Low Pulse Width ; clk   ; Rise       ; control3:CEREBRO|cont_1s[0]       ;
; -0.056 ; 0.128        ; 0.184          ; Low Pulse Width ; clk   ; Rise       ; control3:CEREBRO|cont_1s[1]       ;
; -0.056 ; 0.128        ; 0.184          ; Low Pulse Width ; clk   ; Rise       ; control3:CEREBRO|cont_1s[2]       ;
; -0.056 ; 0.128        ; 0.184          ; Low Pulse Width ; clk   ; Rise       ; control3:CEREBRO|cont_1s[3]       ;
; -0.056 ; 0.128        ; 0.184          ; Low Pulse Width ; clk   ; Rise       ; control3:CEREBRO|cont_1s[4]       ;
; -0.056 ; 0.128        ; 0.184          ; Low Pulse Width ; clk   ; Rise       ; control3:CEREBRO|cont_1s[5]       ;
; -0.056 ; 0.128        ; 0.184          ; Low Pulse Width ; clk   ; Rise       ; control3:CEREBRO|cont_1s[6]       ;
; -0.056 ; 0.128        ; 0.184          ; Low Pulse Width ; clk   ; Rise       ; control3:CEREBRO|cont_1s[7]       ;
; -0.056 ; 0.128        ; 0.184          ; Low Pulse Width ; clk   ; Rise       ; control3:CEREBRO|cont_1s[8]       ;
; -0.056 ; 0.128        ; 0.184          ; Low Pulse Width ; clk   ; Rise       ; control3:CEREBRO|cont_1s[9]       ;
; -0.056 ; 0.128        ; 0.184          ; Low Pulse Width ; clk   ; Rise       ; control3:CEREBRO|cont_presion[0]  ;
; -0.056 ; 0.128        ; 0.184          ; Low Pulse Width ; clk   ; Rise       ; control3:CEREBRO|cont_presion[10] ;
; -0.056 ; 0.128        ; 0.184          ; Low Pulse Width ; clk   ; Rise       ; control3:CEREBRO|cont_presion[11] ;
; -0.056 ; 0.128        ; 0.184          ; Low Pulse Width ; clk   ; Rise       ; control3:CEREBRO|cont_presion[1]  ;
; -0.056 ; 0.128        ; 0.184          ; Low Pulse Width ; clk   ; Rise       ; control3:CEREBRO|cont_presion[2]  ;
; -0.056 ; 0.128        ; 0.184          ; Low Pulse Width ; clk   ; Rise       ; control3:CEREBRO|cont_presion[3]  ;
; -0.056 ; 0.128        ; 0.184          ; Low Pulse Width ; clk   ; Rise       ; control3:CEREBRO|cont_presion[4]  ;
; -0.056 ; 0.128        ; 0.184          ; Low Pulse Width ; clk   ; Rise       ; control3:CEREBRO|cont_presion[5]  ;
; -0.056 ; 0.128        ; 0.184          ; Low Pulse Width ; clk   ; Rise       ; control3:CEREBRO|cont_presion[6]  ;
; -0.056 ; 0.128        ; 0.184          ; Low Pulse Width ; clk   ; Rise       ; control3:CEREBRO|cont_presion[7]  ;
; -0.056 ; 0.128        ; 0.184          ; Low Pulse Width ; clk   ; Rise       ; control3:CEREBRO|cont_presion[8]  ;
; -0.056 ; 0.128        ; 0.184          ; Low Pulse Width ; clk   ; Rise       ; control3:CEREBRO|cont_presion[9]  ;
; -0.056 ; 0.128        ; 0.184          ; Low Pulse Width ; clk   ; Rise       ; control3:CEREBRO|en_1ms           ;
; -0.056 ; 0.128        ; 0.184          ; Low Pulse Width ; clk   ; Rise       ; control3:CEREBRO|en_1s            ;
; -0.056 ; 0.128        ; 0.184          ; Low Pulse Width ; clk   ; Rise       ; control3:CEREBRO|estado_run       ;
+--------+--------------+----------------+-----------------+-------+------------+-----------------------------------+


+-----------------------------------------------------------------------+
; Setup Times                                                           ;
+-----------+------------+-------+-------+------------+-----------------+
; Data Port ; Clock Port ; Rise  ; Fall  ; Clock Edge ; Clock Reference ;
+-----------+------------+-------+-------+------------+-----------------+
; btn       ; clk        ; 0.838 ; 1.391 ; Rise       ; clk             ;
+-----------+------------+-------+-------+------------+-----------------+


+-------------------------------------------------------------------------+
; Hold Times                                                              ;
+-----------+------------+--------+--------+------------+-----------------+
; Data Port ; Clock Port ; Rise   ; Fall   ; Clock Edge ; Clock Reference ;
+-----------+------------+--------+--------+------------+-----------------+
; btn       ; clk        ; -0.623 ; -1.178 ; Rise       ; clk             ;
+-----------+------------+--------+--------+------------+-----------------+


+---------------------------------------------------------------------------+
; Clock to Output Times                                                     ;
+---------------+------------+-------+-------+------------+-----------------+
; Data Port     ; Clock Port ; Rise  ; Fall  ; Clock Edge ; Clock Reference ;
+---------------+------------+-------+-------+------------+-----------------+
; disp_min[*]   ; clk        ; 3.766 ; 3.802 ; Rise       ; clk             ;
;  disp_min[0]  ; clk        ; 3.591 ; 3.523 ; Rise       ; clk             ;
;  disp_min[1]  ; clk        ; 3.597 ; 3.576 ; Rise       ; clk             ;
;  disp_min[2]  ; clk        ; 3.603 ; 3.573 ; Rise       ; clk             ;
;  disp_min[3]  ; clk        ; 3.766 ; 3.762 ; Rise       ; clk             ;
;  disp_min[4]  ; clk        ; 3.737 ; 3.802 ; Rise       ; clk             ;
;  disp_min[5]  ; clk        ; 3.645 ; 3.666 ; Rise       ; clk             ;
;  disp_min[6]  ; clk        ; 3.623 ; 3.591 ; Rise       ; clk             ;
; disp_secd[*]  ; clk        ; 4.577 ; 4.669 ; Rise       ; clk             ;
;  disp_secd[0] ; clk        ; 3.542 ; 3.527 ; Rise       ; clk             ;
;  disp_secd[1] ; clk        ; 3.667 ; 3.693 ; Rise       ; clk             ;
;  disp_secd[2] ; clk        ; 3.534 ; 3.528 ; Rise       ; clk             ;
;  disp_secd[3] ; clk        ; 3.552 ; 3.540 ; Rise       ; clk             ;
;  disp_secd[4] ; clk        ; 4.577 ; 4.669 ; Rise       ; clk             ;
;  disp_secd[5] ; clk        ; 3.563 ; 3.557 ; Rise       ; clk             ;
;  disp_secd[6] ; clk        ; 3.533 ; 3.517 ; Rise       ; clk             ;
; disp_secu[*]  ; clk        ; 3.782 ; 3.733 ; Rise       ; clk             ;
;  disp_secu[0] ; clk        ; 3.647 ; 3.621 ; Rise       ; clk             ;
;  disp_secu[1] ; clk        ; 3.476 ; 3.523 ; Rise       ; clk             ;
;  disp_secu[2] ; clk        ; 3.563 ; 3.647 ; Rise       ; clk             ;
;  disp_secu[3] ; clk        ; 3.530 ; 3.516 ; Rise       ; clk             ;
;  disp_secu[4] ; clk        ; 3.782 ; 3.733 ; Rise       ; clk             ;
;  disp_secu[5] ; clk        ; 3.555 ; 3.555 ; Rise       ; clk             ;
;  disp_secu[6] ; clk        ; 3.520 ; 3.472 ; Rise       ; clk             ;
+---------------+------------+-------+-------+------------+-----------------+


+---------------------------------------------------------------------------+
; Minimum Clock to Output Times                                             ;
+---------------+------------+-------+-------+------------+-----------------+
; Data Port     ; Clock Port ; Rise  ; Fall  ; Clock Edge ; Clock Reference ;
+---------------+------------+-------+-------+------------+-----------------+
; disp_min[*]   ; clk        ; 3.331 ; 3.333 ; Rise       ; clk             ;
;  disp_min[0]  ; clk        ; 3.331 ; 3.333 ; Rise       ; clk             ;
;  disp_min[1]  ; clk        ; 3.357 ; 3.425 ; Rise       ; clk             ;
;  disp_min[2]  ; clk        ; 3.403 ; 3.356 ; Rise       ; clk             ;
;  disp_min[3]  ; clk        ; 3.501 ; 3.530 ; Rise       ; clk             ;
;  disp_min[4]  ; clk        ; 3.517 ; 3.607 ; Rise       ; clk             ;
;  disp_min[5]  ; clk        ; 3.392 ; 3.442 ; Rise       ; clk             ;
;  disp_min[6]  ; clk        ; 3.370 ; 3.403 ; Rise       ; clk             ;
; disp_secd[*]  ; clk        ; 3.232 ; 3.247 ; Rise       ; clk             ;
;  disp_secd[0] ; clk        ; 3.232 ; 3.247 ; Rise       ; clk             ;
;  disp_secd[1] ; clk        ; 3.381 ; 3.387 ; Rise       ; clk             ;
;  disp_secd[2] ; clk        ; 3.285 ; 3.248 ; Rise       ; clk             ;
;  disp_secd[3] ; clk        ; 3.250 ; 3.263 ; Rise       ; clk             ;
;  disp_secd[4] ; clk        ; 4.267 ; 4.432 ; Rise       ; clk             ;
;  disp_secd[5] ; clk        ; 3.260 ; 3.310 ; Rise       ; clk             ;
;  disp_secd[6] ; clk        ; 3.254 ; 3.280 ; Rise       ; clk             ;
; disp_secu[*]  ; clk        ; 3.192 ; 3.230 ; Rise       ; clk             ;
;  disp_secu[0] ; clk        ; 3.341 ; 3.343 ; Rise       ; clk             ;
;  disp_secu[1] ; clk        ; 3.192 ; 3.230 ; Rise       ; clk             ;
;  disp_secu[2] ; clk        ; 3.397 ; 3.344 ; Rise       ; clk             ;
;  disp_secu[3] ; clk        ; 3.226 ; 3.239 ; Rise       ; clk             ;
;  disp_secu[4] ; clk        ; 3.485 ; 3.561 ; Rise       ; clk             ;
;  disp_secu[5] ; clk        ; 3.243 ; 3.297 ; Rise       ; clk             ;
;  disp_secu[6] ; clk        ; 3.242 ; 3.246 ; Rise       ; clk             ;
+---------------+------------+-------+-------+------------+-----------------+


---------------------------------------------
; Fast 1200mV 0C Model Metastability Report ;
---------------------------------------------
No synchronizer chains to report.


+-------------------------------------------------------------------------------+
; Multicorner Timing Analysis Summary                                           ;
+------------------+---------+-------+----------+---------+---------------------+
; Clock            ; Setup   ; Hold  ; Recovery ; Removal ; Minimum Pulse Width ;
+------------------+---------+-------+----------+---------+---------------------+
; Worst-case Slack ; -1.843  ; 0.187 ; N/A      ; N/A     ; -3.000              ;
;  clk             ; -1.843  ; 0.187 ; N/A      ; N/A     ; -3.000              ;
; Design-wide TNS  ; -73.489 ; 0.0   ; 0.0      ; 0.0     ; -62.19              ;
;  clk             ; -73.489 ; 0.000 ; N/A      ; N/A     ; -62.190             ;
+------------------+---------+-------+----------+---------+---------------------+


+-----------------------------------------------------------------------+
; Setup Times                                                           ;
+-----------+------------+-------+-------+------------+-----------------+
; Data Port ; Clock Port ; Rise  ; Fall  ; Clock Edge ; Clock Reference ;
+-----------+------------+-------+-------+------------+-----------------+
; btn       ; clk        ; 1.545 ; 1.921 ; Rise       ; clk             ;
+-----------+------------+-------+-------+------------+-----------------+


+-------------------------------------------------------------------------+
; Hold Times                                                              ;
+-----------+------------+--------+--------+------------+-----------------+
; Data Port ; Clock Port ; Rise   ; Fall   ; Clock Edge ; Clock Reference ;
+-----------+------------+--------+--------+------------+-----------------+
; btn       ; clk        ; -0.623 ; -1.178 ; Rise       ; clk             ;
+-----------+------------+--------+--------+------------+-----------------+


+---------------------------------------------------------------------------+
; Clock to Output Times                                                     ;
+---------------+------------+-------+-------+------------+-----------------+
; Data Port     ; Clock Port ; Rise  ; Fall  ; Clock Edge ; Clock Reference ;
+---------------+------------+-------+-------+------------+-----------------+
; disp_min[*]   ; clk        ; 6.252 ; 6.298 ; Rise       ; clk             ;
;  disp_min[0]  ; clk        ; 5.941 ; 5.836 ; Rise       ; clk             ;
;  disp_min[1]  ; clk        ; 5.969 ; 5.924 ; Rise       ; clk             ;
;  disp_min[2]  ; clk        ; 5.979 ; 5.926 ; Rise       ; clk             ;
;  disp_min[3]  ; clk        ; 6.252 ; 6.195 ; Rise       ; clk             ;
;  disp_min[4]  ; clk        ; 6.234 ; 6.298 ; Rise       ; clk             ;
;  disp_min[5]  ; clk        ; 6.065 ; 6.066 ; Rise       ; clk             ;
;  disp_min[6]  ; clk        ; 6.024 ; 5.996 ; Rise       ; clk             ;
; disp_secd[*]  ; clk        ; 7.472 ; 7.489 ; Rise       ; clk             ;
;  disp_secd[0] ; clk        ; 5.993 ; 5.898 ; Rise       ; clk             ;
;  disp_secd[1] ; clk        ; 6.100 ; 6.124 ; Rise       ; clk             ;
;  disp_secd[2] ; clk        ; 5.983 ; 5.906 ; Rise       ; clk             ;
;  disp_secd[3] ; clk        ; 6.000 ; 5.905 ; Rise       ; clk             ;
;  disp_secd[4] ; clk        ; 7.472 ; 7.489 ; Rise       ; clk             ;
;  disp_secd[5] ; clk        ; 6.016 ; 5.931 ; Rise       ; clk             ;
;  disp_secd[6] ; clk        ; 5.899 ; 5.941 ; Rise       ; clk             ;
; disp_secu[*]  ; clk        ; 6.262 ; 6.148 ; Rise       ; clk             ;
;  disp_secu[0] ; clk        ; 6.016 ; 5.969 ; Rise       ; clk             ;
;  disp_secu[1] ; clk        ; 5.852 ; 5.838 ; Rise       ; clk             ;
;  disp_secu[2] ; clk        ; 5.877 ; 6.008 ; Rise       ; clk             ;
;  disp_secu[3] ; clk        ; 5.978 ; 5.880 ; Rise       ; clk             ;
;  disp_secu[4] ; clk        ; 6.262 ; 6.148 ; Rise       ; clk             ;
;  disp_secu[5] ; clk        ; 6.010 ; 5.937 ; Rise       ; clk             ;
;  disp_secu[6] ; clk        ; 5.839 ; 5.851 ; Rise       ; clk             ;
+---------------+------------+-------+-------+------------+-----------------+


+---------------------------------------------------------------------------+
; Minimum Clock to Output Times                                             ;
+---------------+------------+-------+-------+------------+-----------------+
; Data Port     ; Clock Port ; Rise  ; Fall  ; Clock Edge ; Clock Reference ;
+---------------+------------+-------+-------+------------+-----------------+
; disp_min[*]   ; clk        ; 3.331 ; 3.333 ; Rise       ; clk             ;
;  disp_min[0]  ; clk        ; 3.331 ; 3.333 ; Rise       ; clk             ;
;  disp_min[1]  ; clk        ; 3.357 ; 3.425 ; Rise       ; clk             ;
;  disp_min[2]  ; clk        ; 3.403 ; 3.356 ; Rise       ; clk             ;
;  disp_min[3]  ; clk        ; 3.501 ; 3.530 ; Rise       ; clk             ;
;  disp_min[4]  ; clk        ; 3.517 ; 3.607 ; Rise       ; clk             ;
;  disp_min[5]  ; clk        ; 3.392 ; 3.442 ; Rise       ; clk             ;
;  disp_min[6]  ; clk        ; 3.370 ; 3.403 ; Rise       ; clk             ;
; disp_secd[*]  ; clk        ; 3.232 ; 3.247 ; Rise       ; clk             ;
;  disp_secd[0] ; clk        ; 3.232 ; 3.247 ; Rise       ; clk             ;
;  disp_secd[1] ; clk        ; 3.381 ; 3.387 ; Rise       ; clk             ;
;  disp_secd[2] ; clk        ; 3.285 ; 3.248 ; Rise       ; clk             ;
;  disp_secd[3] ; clk        ; 3.250 ; 3.263 ; Rise       ; clk             ;
;  disp_secd[4] ; clk        ; 4.267 ; 4.432 ; Rise       ; clk             ;
;  disp_secd[5] ; clk        ; 3.260 ; 3.310 ; Rise       ; clk             ;
;  disp_secd[6] ; clk        ; 3.254 ; 3.280 ; Rise       ; clk             ;
; disp_secu[*]  ; clk        ; 3.192 ; 3.230 ; Rise       ; clk             ;
;  disp_secu[0] ; clk        ; 3.341 ; 3.343 ; Rise       ; clk             ;
;  disp_secu[1] ; clk        ; 3.192 ; 3.230 ; Rise       ; clk             ;
;  disp_secu[2] ; clk        ; 3.397 ; 3.344 ; Rise       ; clk             ;
;  disp_secu[3] ; clk        ; 3.226 ; 3.239 ; Rise       ; clk             ;
;  disp_secu[4] ; clk        ; 3.485 ; 3.561 ; Rise       ; clk             ;
;  disp_secu[5] ; clk        ; 3.243 ; 3.297 ; Rise       ; clk             ;
;  disp_secu[6] ; clk        ; 3.242 ; 3.246 ; Rise       ; clk             ;
+---------------+------------+-------+-------+------------+-----------------+


+------------------------------------------------------------------------------------------------------------------------------------------------------------------------------------------------------------------------------------------------------------------------------------------------------------------------------------------------------------------------------------------------------------------+
; Board Trace Model Assignments                                                                                                                                                                                                                                                                                                                                                                                    ;
+---------------+--------------+-------------------+-------------------------+-------------------------+---------------+---------------------+----------------+------------------+--------+------------------+------------------------+------------------------+--------------+---------------+-----------------+-------+---------------------+--------------------+---------------+-----------------+-------------+
; Pin           ; I/O Standard ; Near Tline Length ; Near Tline L per Length ; Near Tline C per Length ; Near Series R ; Near Differential R ; Near Pull-up R ; Near Pull-down R ; Near C ; Far Tline Length ; Far Tline L per Length ; Far Tline C per Length ; Far Series R ; Far Pull-up R ; Far Pull-down R ; Far C ; Termination Voltage ; Far Differential R ; EBD File Name ; EBD Signal Name ; EBD Far-end ;
+---------------+--------------+-------------------+-------------------------+-------------------------+---------------+---------------------+----------------+------------------+--------+------------------+------------------------+------------------------+--------------+---------------+-----------------+-------+---------------------+--------------------+---------------+-----------------+-------------+
; disp_min[0]   ; 2.5 V        ; 0 in              ; 0 H/in                  ; 0 F/in                  ; short         ; -                   ; open           ; open             ; open   ; 0 in             ; 0 H/in                 ; 0 F/in                 ; short        ; open          ; open            ; open  ; 0 V                 ; -                  ; n/a           ; n/a             ; n/a         ;
; disp_min[1]   ; 2.5 V        ; 0 in              ; 0 H/in                  ; 0 F/in                  ; short         ; -                   ; open           ; open             ; open   ; 0 in             ; 0 H/in                 ; 0 F/in                 ; short        ; open          ; open            ; open  ; 0 V                 ; -                  ; n/a           ; n/a             ; n/a         ;
; disp_min[2]   ; 2.5 V        ; 0 in              ; 0 H/in                  ; 0 F/in                  ; short         ; -                   ; open           ; open             ; open   ; 0 in             ; 0 H/in                 ; 0 F/in                 ; short        ; open          ; open            ; open  ; 0 V                 ; -                  ; n/a           ; n/a             ; n/a         ;
; disp_min[3]   ; 2.5 V        ; 0 in              ; 0 H/in                  ; 0 F/in                  ; short         ; -                   ; open           ; open             ; open   ; 0 in             ; 0 H/in                 ; 0 F/in                 ; short        ; open          ; open            ; open  ; 0 V                 ; -                  ; n/a           ; n/a             ; n/a         ;
; disp_min[4]   ; 2.5 V        ; 0 in              ; 0 H/in                  ; 0 F/in                  ; short         ; -                   ; open           ; open             ; open   ; 0 in             ; 0 H/in                 ; 0 F/in                 ; short        ; open          ; open            ; open  ; 0 V                 ; -                  ; n/a           ; n/a             ; n/a         ;
; disp_min[5]   ; 2.5 V        ; 0 in              ; 0 H/in                  ; 0 F/in                  ; short         ; -                   ; open           ; open             ; open   ; 0 in             ; 0 H/in                 ; 0 F/in                 ; short        ; open          ; open            ; open  ; 0 V                 ; -                  ; n/a           ; n/a             ; n/a         ;
; disp_min[6]   ; 2.5 V        ; 0 in              ; 0 H/in                  ; 0 F/in                  ; short         ; -                   ; open           ; open             ; open   ; 0 in             ; 0 H/in                 ; 0 F/in                 ; short        ; open          ; open            ; open  ; 0 V                 ; -                  ; n/a           ; n/a             ; n/a         ;
; disp_secd[0]  ; 2.5 V        ; 0 in              ; 0 H/in                  ; 0 F/in                  ; short         ; -                   ; open           ; open             ; open   ; 0 in             ; 0 H/in                 ; 0 F/in                 ; short        ; open          ; open            ; open  ; 0 V                 ; -                  ; n/a           ; n/a             ; n/a         ;
; disp_secd[1]  ; 2.5 V        ; 0 in              ; 0 H/in                  ; 0 F/in                  ; short         ; -                   ; open           ; open             ; open   ; 0 in             ; 0 H/in                 ; 0 F/in                 ; short        ; open          ; open            ; open  ; 0 V                 ; -                  ; n/a           ; n/a             ; n/a         ;
; disp_secd[2]  ; 2.5 V        ; 0 in              ; 0 H/in                  ; 0 F/in                  ; short         ; -                   ; open           ; open             ; open   ; 0 in             ; 0 H/in                 ; 0 F/in                 ; short        ; open          ; open            ; open  ; 0 V                 ; -                  ; n/a           ; n/a             ; n/a         ;
; disp_secd[3]  ; 2.5 V        ; 0 in              ; 0 H/in                  ; 0 F/in                  ; short         ; -                   ; open           ; open             ; open   ; 0 in             ; 0 H/in                 ; 0 F/in                 ; short        ; open          ; open            ; open  ; 0 V                 ; -                  ; n/a           ; n/a             ; n/a         ;
; disp_secd[4]  ; 2.5 V        ; 0 in              ; 0 H/in                  ; 0 F/in                  ; short         ; -                   ; open           ; open             ; open   ; 0 in             ; 0 H/in                 ; 0 F/in                 ; short        ; open          ; open            ; open  ; 0 V                 ; -                  ; n/a           ; n/a             ; n/a         ;
; disp_secd[5]  ; 2.5 V        ; 0 in              ; 0 H/in                  ; 0 F/in                  ; short         ; -                   ; open           ; open             ; open   ; 0 in             ; 0 H/in                 ; 0 F/in                 ; short        ; open          ; open            ; open  ; 0 V                 ; -                  ; n/a           ; n/a             ; n/a         ;
; disp_secd[6]  ; 2.5 V        ; 0 in              ; 0 H/in                  ; 0 F/in                  ; short         ; -                   ; open           ; open             ; open   ; 0 in             ; 0 H/in                 ; 0 F/in                 ; short        ; open          ; open            ; open  ; 0 V                 ; -                  ; n/a           ; n/a             ; n/a         ;
; disp_secu[0]  ; 2.5 V        ; 0 in              ; 0 H/in                  ; 0 F/in                  ; short         ; -                   ; open           ; open             ; open   ; 0 in             ; 0 H/in                 ; 0 F/in                 ; short        ; open          ; open            ; open  ; 0 V                 ; -                  ; n/a           ; n/a             ; n/a         ;
; disp_secu[1]  ; 2.5 V        ; 0 in              ; 0 H/in                  ; 0 F/in                  ; short         ; -                   ; open           ; open             ; open   ; 0 in             ; 0 H/in                 ; 0 F/in                 ; short        ; open          ; open            ; open  ; 0 V                 ; -                  ; n/a           ; n/a             ; n/a         ;
; disp_secu[2]  ; 2.5 V        ; 0 in              ; 0 H/in                  ; 0 F/in                  ; short         ; -                   ; open           ; open             ; open   ; 0 in             ; 0 H/in                 ; 0 F/in                 ; short        ; open          ; open            ; open  ; 0 V                 ; -                  ; n/a           ; n/a             ; n/a         ;
; disp_secu[3]  ; 2.5 V        ; 0 in              ; 0 H/in                  ; 0 F/in                  ; short         ; -                   ; open           ; open             ; open   ; 0 in             ; 0 H/in                 ; 0 F/in                 ; short        ; open          ; open            ; open  ; 0 V                 ; -                  ; n/a           ; n/a             ; n/a         ;
; disp_secu[4]  ; 2.5 V        ; 0 in              ; 0 H/in                  ; 0 F/in                  ; short         ; -                   ; open           ; open             ; open   ; 0 in             ; 0 H/in                 ; 0 F/in                 ; short        ; open          ; open            ; open  ; 0 V                 ; -                  ; n/a           ; n/a             ; n/a         ;
; disp_secu[5]  ; 2.5 V        ; 0 in              ; 0 H/in                  ; 0 F/in                  ; short         ; -                   ; open           ; open             ; open   ; 0 in             ; 0 H/in                 ; 0 F/in                 ; short        ; open          ; open            ; open  ; 0 V                 ; -                  ; n/a           ; n/a             ; n/a         ;
; disp_secu[6]  ; 2.5 V        ; 0 in              ; 0 H/in                  ; 0 F/in                  ; short         ; -                   ; open           ; open             ; open   ; 0 in             ; 0 H/in                 ; 0 F/in                 ; short        ; open          ; open            ; open  ; 0 V                 ; -                  ; n/a           ; n/a             ; n/a         ;
; ~ALTERA_DCLK~ ; 2.5 V        ; 0 in              ; 0 H/in                  ; 0 F/in                  ; short         ; -                   ; open           ; open             ; open   ; 0 in             ; 0 H/in                 ; 0 F/in                 ; short        ; open          ; open            ; open  ; 0 V                 ; -                  ; n/a           ; n/a             ; n/a         ;
; ~ALTERA_nCEO~ ; 2.5 V        ; 0 in              ; 0 H/in                  ; 0 F/in                  ; short         ; -                   ; open           ; open             ; open   ; 0 in             ; 0 H/in                 ; 0 F/in                 ; short        ; open          ; open            ; open  ; 0 V                 ; -                  ; n/a           ; n/a             ; n/a         ;
+---------------+--------------+-------------------+-------------------------+-------------------------+---------------+---------------------+----------------+------------------+--------+------------------+------------------------+------------------------+--------------+---------------+-----------------+-------+---------------------+--------------------+---------------+-----------------+-------------+


+----------------------------------------------------------------------------+
; Input Transition Times                                                     ;
+-------------------------+--------------+-----------------+-----------------+
; Pin                     ; I/O Standard ; 10-90 Rise Time ; 90-10 Fall Time ;
+-------------------------+--------------+-----------------+-----------------+
; clk                     ; 2.5 V        ; 2000 ps         ; 2000 ps         ;
; btn                     ; 2.5 V        ; 2000 ps         ; 2000 ps         ;
; ~ALTERA_ASDO_DATA1~     ; 2.5 V        ; 2000 ps         ; 2000 ps         ;
; ~ALTERA_FLASH_nCE_nCSO~ ; 2.5 V        ; 2000 ps         ; 2000 ps         ;
; ~ALTERA_DATA0~          ; 2.5 V        ; 2000 ps         ; 2000 ps         ;
+-------------------------+--------------+-----------------+-----------------+


+--------------------------------------------------------------------------------------------------------------------------------------------------------------------------------------------------------------------------------------------------------------------------------------------------------------------------------------------------------------------------------------------------------------------------------------------------------------------------------------------------------------------------------------------------------------------------------------------------------------------------------------------------------------------------------------------+
; Slow Corner Signal Integrity Metrics                                                                                                                                                                                                                                                                                                                                                                                                                                                                                                                                                                                                                                                       ;
+---------------+--------------+---------------------+---------------------+------------------------------+------------------------------+---------------------+---------------------+--------------------------------------+--------------------------------------+-----------------------------+-----------------------------+----------------------------+----------------------------+-----------------------------+-----------------------------+--------------------+--------------------+-------------------------------------+-------------------------------------+----------------------------+----------------------------+---------------------------+---------------------------+
; Pin           ; I/O Standard ; Board Delay on Rise ; Board Delay on Fall ; Steady State Voh at FPGA Pin ; Steady State Vol at FPGA Pin ; Voh Max at FPGA Pin ; Vol Min at FPGA Pin ; Ringback Voltage on Rise at FPGA Pin ; Ringback Voltage on Fall at FPGA Pin ; 10-90 Rise Time at FPGA Pin ; 90-10 Fall Time at FPGA Pin ; Monotonic Rise at FPGA Pin ; Monotonic Fall at FPGA Pin ; Steady State Voh at Far-end ; Steady State Vol at Far-end ; Voh Max at Far-end ; Vol Min at Far-end ; Ringback Voltage on Rise at Far-end ; Ringback Voltage on Fall at Far-end ; 10-90 Rise Time at Far-end ; 90-10 Fall Time at Far-end ; Monotonic Rise at Far-end ; Monotonic Fall at Far-end ;
+---------------+--------------+---------------------+---------------------+------------------------------+------------------------------+---------------------+---------------------+--------------------------------------+--------------------------------------+-----------------------------+-----------------------------+----------------------------+----------------------------+-----------------------------+-----------------------------+--------------------+--------------------+-------------------------------------+-------------------------------------+----------------------------+----------------------------+---------------------------+---------------------------+
; disp_min[0]   ; 2.5 V        ; 0 s                 ; 0 s                 ; 2.32 V                       ; 7.25e-07 V                   ; 2.35 V              ; -0.0111 V           ; 0.113 V                              ; 0.035 V                              ; 7.76e-10 s                  ; 8.04e-10 s                  ; Yes                        ; Yes                        ; 2.32 V                      ; 7.25e-07 V                  ; 2.35 V             ; -0.0111 V          ; 0.113 V                             ; 0.035 V                             ; 7.76e-10 s                 ; 8.04e-10 s                 ; Yes                       ; Yes                       ;
; disp_min[1]   ; 2.5 V        ; 0 s                 ; 0 s                 ; 2.32 V                       ; 7.25e-07 V                   ; 2.35 V              ; -0.0111 V           ; 0.113 V                              ; 0.035 V                              ; 7.76e-10 s                  ; 8.04e-10 s                  ; Yes                        ; Yes                        ; 2.32 V                      ; 7.25e-07 V                  ; 2.35 V             ; -0.0111 V          ; 0.113 V                             ; 0.035 V                             ; 7.76e-10 s                 ; 8.04e-10 s                 ; Yes                       ; Yes                       ;
; disp_min[2]   ; 2.5 V        ; 0 s                 ; 0 s                 ; 2.32 V                       ; 7.25e-07 V                   ; 2.35 V              ; -0.0111 V           ; 0.113 V                              ; 0.035 V                              ; 7.76e-10 s                  ; 8.04e-10 s                  ; Yes                        ; Yes                        ; 2.32 V                      ; 7.25e-07 V                  ; 2.35 V             ; -0.0111 V          ; 0.113 V                             ; 0.035 V                             ; 7.76e-10 s                 ; 8.04e-10 s                 ; Yes                       ; Yes                       ;
; disp_min[3]   ; 2.5 V        ; 0 s                 ; 0 s                 ; 2.32 V                       ; 7.25e-07 V                   ; 2.35 V              ; -0.0111 V           ; 0.113 V                              ; 0.035 V                              ; 7.76e-10 s                  ; 8.04e-10 s                  ; Yes                        ; Yes                        ; 2.32 V                      ; 7.25e-07 V                  ; 2.35 V             ; -0.0111 V          ; 0.113 V                             ; 0.035 V                             ; 7.76e-10 s                 ; 8.04e-10 s                 ; Yes                       ; Yes                       ;
; disp_min[4]   ; 2.5 V        ; 0 s                 ; 0 s                 ; 2.32 V                       ; 7.25e-07 V                   ; 2.35 V              ; -0.0111 V           ; 0.113 V                              ; 0.035 V                              ; 7.76e-10 s                  ; 8.04e-10 s                  ; Yes                        ; Yes                        ; 2.32 V                      ; 7.25e-07 V                  ; 2.35 V             ; -0.0111 V          ; 0.113 V                             ; 0.035 V                             ; 7.76e-10 s                 ; 8.04e-10 s                 ; Yes                       ; Yes                       ;
; disp_min[5]   ; 2.5 V        ; 0 s                 ; 0 s                 ; 2.32 V                       ; 7.25e-07 V                   ; 2.35 V              ; -0.0111 V           ; 0.113 V                              ; 0.035 V                              ; 7.76e-10 s                  ; 8.04e-10 s                  ; Yes                        ; Yes                        ; 2.32 V                      ; 7.25e-07 V                  ; 2.35 V             ; -0.0111 V          ; 0.113 V                             ; 0.035 V                             ; 7.76e-10 s                 ; 8.04e-10 s                 ; Yes                       ; Yes                       ;
; disp_min[6]   ; 2.5 V        ; 0 s                 ; 0 s                 ; 2.32 V                       ; 7.25e-07 V                   ; 2.35 V              ; -0.0111 V           ; 0.113 V                              ; 0.035 V                              ; 7.76e-10 s                  ; 8.04e-10 s                  ; Yes                        ; Yes                        ; 2.32 V                      ; 7.25e-07 V                  ; 2.35 V             ; -0.0111 V          ; 0.113 V                             ; 0.035 V                             ; 7.76e-10 s                 ; 8.04e-10 s                 ; Yes                       ; Yes                       ;
; disp_secd[0]  ; 2.5 V        ; 0 s                 ; 0 s                 ; 2.32 V                       ; 1.08e-06 V                   ; 2.36 V              ; -0.0113 V           ; 0.122 V                              ; 0.022 V                              ; 4.5e-10 s                   ; 4.45e-10 s                  ; Yes                        ; Yes                        ; 2.32 V                      ; 1.08e-06 V                  ; 2.36 V             ; -0.0113 V          ; 0.122 V                             ; 0.022 V                             ; 4.5e-10 s                  ; 4.45e-10 s                 ; Yes                       ; Yes                       ;
; disp_secd[1]  ; 2.5 V        ; 0 s                 ; 0 s                 ; 2.32 V                       ; 7.25e-07 V                   ; 2.35 V              ; -0.0111 V           ; 0.113 V                              ; 0.035 V                              ; 7.76e-10 s                  ; 8.04e-10 s                  ; Yes                        ; Yes                        ; 2.32 V                      ; 7.25e-07 V                  ; 2.35 V             ; -0.0111 V          ; 0.113 V                             ; 0.035 V                             ; 7.76e-10 s                 ; 8.04e-10 s                 ; Yes                       ; Yes                       ;
; disp_secd[2]  ; 2.5 V        ; 0 s                 ; 0 s                 ; 2.32 V                       ; 1.08e-06 V                   ; 2.36 V              ; -0.0113 V           ; 0.122 V                              ; 0.022 V                              ; 4.5e-10 s                   ; 4.45e-10 s                  ; Yes                        ; Yes                        ; 2.32 V                      ; 1.08e-06 V                  ; 2.36 V             ; -0.0113 V          ; 0.122 V                             ; 0.022 V                             ; 4.5e-10 s                  ; 4.45e-10 s                 ; Yes                       ; Yes                       ;
; disp_secd[3]  ; 2.5 V        ; 0 s                 ; 0 s                 ; 2.32 V                       ; 1.08e-06 V                   ; 2.36 V              ; -0.0113 V           ; 0.122 V                              ; 0.022 V                              ; 4.5e-10 s                   ; 4.45e-10 s                  ; Yes                        ; Yes                        ; 2.32 V                      ; 1.08e-06 V                  ; 2.36 V             ; -0.0113 V          ; 0.122 V                             ; 0.022 V                             ; 4.5e-10 s                  ; 4.45e-10 s                 ; Yes                       ; Yes                       ;
; disp_secd[4]  ; 2.5 V        ; 0 s                 ; 0 s                 ; 2.32 V                       ; 1.08e-06 V                   ; 2.33 V              ; -0.00341 V          ; 0.17 V                               ; 0.084 V                              ; 3.33e-09 s                  ; 3.24e-09 s                  ; Yes                        ; Yes                        ; 2.32 V                      ; 1.08e-06 V                  ; 2.33 V             ; -0.00341 V         ; 0.17 V                              ; 0.084 V                             ; 3.33e-09 s                 ; 3.24e-09 s                 ; Yes                       ; Yes                       ;
; disp_secd[5]  ; 2.5 V        ; 0 s                 ; 0 s                 ; 2.32 V                       ; 1.08e-06 V                   ; 2.36 V              ; -0.0113 V           ; 0.122 V                              ; 0.022 V                              ; 4.5e-10 s                   ; 4.45e-10 s                  ; Yes                        ; Yes                        ; 2.32 V                      ; 1.08e-06 V                  ; 2.36 V             ; -0.0113 V          ; 0.122 V                             ; 0.022 V                             ; 4.5e-10 s                  ; 4.45e-10 s                 ; Yes                       ; Yes                       ;
; disp_secd[6]  ; 2.5 V        ; 0 s                 ; 0 s                 ; 2.32 V                       ; 1.08e-06 V                   ; 2.36 V              ; -0.0113 V           ; 0.122 V                              ; 0.022 V                              ; 4.5e-10 s                   ; 4.45e-10 s                  ; Yes                        ; Yes                        ; 2.32 V                      ; 1.08e-06 V                  ; 2.36 V             ; -0.0113 V          ; 0.122 V                             ; 0.022 V                             ; 4.5e-10 s                  ; 4.45e-10 s                 ; Yes                       ; Yes                       ;
; disp_secu[0]  ; 2.5 V        ; 0 s                 ; 0 s                 ; 2.32 V                       ; 7.25e-07 V                   ; 2.35 V              ; -0.0111 V           ; 0.113 V                              ; 0.035 V                              ; 7.76e-10 s                  ; 8.04e-10 s                  ; Yes                        ; Yes                        ; 2.32 V                      ; 7.25e-07 V                  ; 2.35 V             ; -0.0111 V          ; 0.113 V                             ; 0.035 V                             ; 7.76e-10 s                 ; 8.04e-10 s                 ; Yes                       ; Yes                       ;
; disp_secu[1]  ; 2.5 V        ; 0 s                 ; 0 s                 ; 2.32 V                       ; 7.25e-07 V                   ; 2.36 V              ; -0.00946 V          ; 0.111 V                              ; 0.027 V                              ; 6.46e-10 s                  ; 6.2e-10 s                   ; Yes                        ; Yes                        ; 2.32 V                      ; 7.25e-07 V                  ; 2.36 V             ; -0.00946 V         ; 0.111 V                             ; 0.027 V                             ; 6.46e-10 s                 ; 6.2e-10 s                  ; Yes                       ; Yes                       ;
; disp_secu[2]  ; 2.5 V        ; 0 s                 ; 0 s                 ; 2.32 V                       ; 7.25e-07 V                   ; 2.35 V              ; -0.0111 V           ; 0.113 V                              ; 0.035 V                              ; 7.76e-10 s                  ; 8.04e-10 s                  ; Yes                        ; Yes                        ; 2.32 V                      ; 7.25e-07 V                  ; 2.35 V             ; -0.0111 V          ; 0.113 V                             ; 0.035 V                             ; 7.76e-10 s                 ; 8.04e-10 s                 ; Yes                       ; Yes                       ;
; disp_secu[3]  ; 2.5 V        ; 0 s                 ; 0 s                 ; 2.32 V                       ; 1.08e-06 V                   ; 2.36 V              ; -0.0113 V           ; 0.122 V                              ; 0.022 V                              ; 4.5e-10 s                   ; 4.45e-10 s                  ; Yes                        ; Yes                        ; 2.32 V                      ; 1.08e-06 V                  ; 2.36 V             ; -0.0113 V          ; 0.122 V                             ; 0.022 V                             ; 4.5e-10 s                  ; 4.45e-10 s                 ; Yes                       ; Yes                       ;
; disp_secu[4]  ; 2.5 V        ; 0 s                 ; 0 s                 ; 2.32 V                       ; 7.25e-07 V                   ; 2.35 V              ; -0.0111 V           ; 0.113 V                              ; 0.035 V                              ; 7.76e-10 s                  ; 8.04e-10 s                  ; Yes                        ; Yes                        ; 2.32 V                      ; 7.25e-07 V                  ; 2.35 V             ; -0.0111 V          ; 0.113 V                             ; 0.035 V                             ; 7.76e-10 s                 ; 8.04e-10 s                 ; Yes                       ; Yes                       ;
; disp_secu[5]  ; 2.5 V        ; 0 s                 ; 0 s                 ; 2.32 V                       ; 1.08e-06 V                   ; 2.36 V              ; -0.0113 V           ; 0.122 V                              ; 0.022 V                              ; 4.5e-10 s                   ; 4.45e-10 s                  ; Yes                        ; Yes                        ; 2.32 V                      ; 1.08e-06 V                  ; 2.36 V             ; -0.0113 V          ; 0.122 V                             ; 0.022 V                             ; 4.5e-10 s                  ; 4.45e-10 s                 ; Yes                       ; Yes                       ;
; disp_secu[6]  ; 2.5 V        ; 0 s                 ; 0 s                 ; 2.32 V                       ; 7.25e-07 V                   ; 2.36 V              ; -0.00946 V          ; 0.111 V                              ; 0.027 V                              ; 6.46e-10 s                  ; 6.2e-10 s                   ; Yes                        ; Yes                        ; 2.32 V                      ; 7.25e-07 V                  ; 2.36 V             ; -0.00946 V         ; 0.111 V                             ; 0.027 V                             ; 6.46e-10 s                 ; 6.2e-10 s                  ; Yes                       ; Yes                       ;
; ~ALTERA_DCLK~ ; 2.5 V        ; 0 s                 ; 0 s                 ; 2.32 V                       ; 5.68e-07 V                   ; 2.35 V              ; -0.0132 V           ; 0.2 V                                ; 0.027 V                              ; 5.26e-10 s                  ; 4.81e-10 s                  ; Yes                        ; Yes                        ; 2.32 V                      ; 5.68e-07 V                  ; 2.35 V             ; -0.0132 V          ; 0.2 V                               ; 0.027 V                             ; 5.26e-10 s                 ; 4.81e-10 s                 ; Yes                       ; Yes                       ;
; ~ALTERA_nCEO~ ; 2.5 V        ; 0 s                 ; 0 s                 ; 2.32 V                       ; 9.36e-07 V                   ; 2.35 V              ; -0.00444 V          ; 0.18 V                               ; 0.019 V                              ; 7.23e-10 s                  ; 9.82e-10 s                  ; Yes                        ; Yes                        ; 2.32 V                      ; 9.36e-07 V                  ; 2.35 V             ; -0.00444 V         ; 0.18 V                              ; 0.019 V                             ; 7.23e-10 s                 ; 9.82e-10 s                 ; Yes                       ; Yes                       ;
+---------------+--------------+---------------------+---------------------+------------------------------+------------------------------+---------------------+---------------------+--------------------------------------+--------------------------------------+-----------------------------+-----------------------------+----------------------------+----------------------------+-----------------------------+-----------------------------+--------------------+--------------------+-------------------------------------+-------------------------------------+----------------------------+----------------------------+---------------------------+---------------------------+


+--------------------------------------------------------------------------------------------------------------------------------------------------------------------------------------------------------------------------------------------------------------------------------------------------------------------------------------------------------------------------------------------------------------------------------------------------------------------------------------------------------------------------------------------------------------------------------------------------------------------------------------------------------------------------------------------+
; Fast Corner Signal Integrity Metrics                                                                                                                                                                                                                                                                                                                                                                                                                                                                                                                                                                                                                                                       ;
+---------------+--------------+---------------------+---------------------+------------------------------+------------------------------+---------------------+---------------------+--------------------------------------+--------------------------------------+-----------------------------+-----------------------------+----------------------------+----------------------------+-----------------------------+-----------------------------+--------------------+--------------------+-------------------------------------+-------------------------------------+----------------------------+----------------------------+---------------------------+---------------------------+
; Pin           ; I/O Standard ; Board Delay on Rise ; Board Delay on Fall ; Steady State Voh at FPGA Pin ; Steady State Vol at FPGA Pin ; Voh Max at FPGA Pin ; Vol Min at FPGA Pin ; Ringback Voltage on Rise at FPGA Pin ; Ringback Voltage on Fall at FPGA Pin ; 10-90 Rise Time at FPGA Pin ; 90-10 Fall Time at FPGA Pin ; Monotonic Rise at FPGA Pin ; Monotonic Fall at FPGA Pin ; Steady State Voh at Far-end ; Steady State Vol at Far-end ; Voh Max at Far-end ; Vol Min at Far-end ; Ringback Voltage on Rise at Far-end ; Ringback Voltage on Fall at Far-end ; 10-90 Rise Time at Far-end ; 90-10 Fall Time at Far-end ; Monotonic Rise at Far-end ; Monotonic Fall at Far-end ;
+---------------+--------------+---------------------+---------------------+------------------------------+------------------------------+---------------------+---------------------+--------------------------------------+--------------------------------------+-----------------------------+-----------------------------+----------------------------+----------------------------+-----------------------------+-----------------------------+--------------------+--------------------+-------------------------------------+-------------------------------------+----------------------------+----------------------------+---------------------------+---------------------------+
; disp_min[0]   ; 2.5 V        ; 0 s                 ; 0 s                 ; 2.62 V                       ; 2.78e-08 V                   ; 2.71 V              ; -0.0349 V           ; 0.253 V                              ; 0.069 V                              ; 4.96e-10 s                  ; 5.19e-10 s                  ; No                         ; Yes                        ; 2.62 V                      ; 2.78e-08 V                  ; 2.71 V             ; -0.0349 V          ; 0.253 V                             ; 0.069 V                             ; 4.96e-10 s                 ; 5.19e-10 s                 ; No                        ; Yes                       ;
; disp_min[1]   ; 2.5 V        ; 0 s                 ; 0 s                 ; 2.62 V                       ; 2.78e-08 V                   ; 2.71 V              ; -0.0349 V           ; 0.253 V                              ; 0.069 V                              ; 4.96e-10 s                  ; 5.19e-10 s                  ; No                         ; Yes                        ; 2.62 V                      ; 2.78e-08 V                  ; 2.71 V             ; -0.0349 V          ; 0.253 V                             ; 0.069 V                             ; 4.96e-10 s                 ; 5.19e-10 s                 ; No                        ; Yes                       ;
; disp_min[2]   ; 2.5 V        ; 0 s                 ; 0 s                 ; 2.62 V                       ; 2.78e-08 V                   ; 2.71 V              ; -0.0349 V           ; 0.253 V                              ; 0.069 V                              ; 4.96e-10 s                  ; 5.19e-10 s                  ; No                         ; Yes                        ; 2.62 V                      ; 2.78e-08 V                  ; 2.71 V             ; -0.0349 V          ; 0.253 V                             ; 0.069 V                             ; 4.96e-10 s                 ; 5.19e-10 s                 ; No                        ; Yes                       ;
; disp_min[3]   ; 2.5 V        ; 0 s                 ; 0 s                 ; 2.62 V                       ; 2.78e-08 V                   ; 2.71 V              ; -0.0349 V           ; 0.253 V                              ; 0.069 V                              ; 4.96e-10 s                  ; 5.19e-10 s                  ; No                         ; Yes                        ; 2.62 V                      ; 2.78e-08 V                  ; 2.71 V             ; -0.0349 V          ; 0.253 V                             ; 0.069 V                             ; 4.96e-10 s                 ; 5.19e-10 s                 ; No                        ; Yes                       ;
; disp_min[4]   ; 2.5 V        ; 0 s                 ; 0 s                 ; 2.62 V                       ; 2.78e-08 V                   ; 2.71 V              ; -0.0349 V           ; 0.253 V                              ; 0.069 V                              ; 4.96e-10 s                  ; 5.19e-10 s                  ; No                         ; Yes                        ; 2.62 V                      ; 2.78e-08 V                  ; 2.71 V             ; -0.0349 V          ; 0.253 V                             ; 0.069 V                             ; 4.96e-10 s                 ; 5.19e-10 s                 ; No                        ; Yes                       ;
; disp_min[5]   ; 2.5 V        ; 0 s                 ; 0 s                 ; 2.62 V                       ; 2.78e-08 V                   ; 2.71 V              ; -0.0349 V           ; 0.253 V                              ; 0.069 V                              ; 4.96e-10 s                  ; 5.19e-10 s                  ; No                         ; Yes                        ; 2.62 V                      ; 2.78e-08 V                  ; 2.71 V             ; -0.0349 V          ; 0.253 V                             ; 0.069 V                             ; 4.96e-10 s                 ; 5.19e-10 s                 ; No                        ; Yes                       ;
; disp_min[6]   ; 2.5 V        ; 0 s                 ; 0 s                 ; 2.62 V                       ; 2.78e-08 V                   ; 2.71 V              ; -0.0349 V           ; 0.253 V                              ; 0.069 V                              ; 4.96e-10 s                  ; 5.19e-10 s                  ; No                         ; Yes                        ; 2.62 V                      ; 2.78e-08 V                  ; 2.71 V             ; -0.0349 V          ; 0.253 V                             ; 0.069 V                             ; 4.96e-10 s                 ; 5.19e-10 s                 ; No                        ; Yes                       ;
; disp_secd[0]  ; 2.5 V        ; 0 s                 ; 0 s                 ; 2.62 V                       ; 4.11e-08 V                   ; 2.73 V              ; -0.0566 V           ; 0.191 V                              ; 0.12 V                               ; 2.69e-10 s                  ; 2.76e-10 s                  ; Yes                        ; Yes                        ; 2.62 V                      ; 4.11e-08 V                  ; 2.73 V             ; -0.0566 V          ; 0.191 V                             ; 0.12 V                              ; 2.69e-10 s                 ; 2.76e-10 s                 ; Yes                       ; Yes                       ;
; disp_secd[1]  ; 2.5 V        ; 0 s                 ; 0 s                 ; 2.62 V                       ; 2.78e-08 V                   ; 2.71 V              ; -0.0349 V           ; 0.253 V                              ; 0.069 V                              ; 4.96e-10 s                  ; 5.19e-10 s                  ; No                         ; Yes                        ; 2.62 V                      ; 2.78e-08 V                  ; 2.71 V             ; -0.0349 V          ; 0.253 V                             ; 0.069 V                             ; 4.96e-10 s                 ; 5.19e-10 s                 ; No                        ; Yes                       ;
; disp_secd[2]  ; 2.5 V        ; 0 s                 ; 0 s                 ; 2.62 V                       ; 4.11e-08 V                   ; 2.73 V              ; -0.0566 V           ; 0.191 V                              ; 0.12 V                               ; 2.69e-10 s                  ; 2.76e-10 s                  ; Yes                        ; Yes                        ; 2.62 V                      ; 4.11e-08 V                  ; 2.73 V             ; -0.0566 V          ; 0.191 V                             ; 0.12 V                              ; 2.69e-10 s                 ; 2.76e-10 s                 ; Yes                       ; Yes                       ;
; disp_secd[3]  ; 2.5 V        ; 0 s                 ; 0 s                 ; 2.62 V                       ; 4.11e-08 V                   ; 2.73 V              ; -0.0566 V           ; 0.191 V                              ; 0.12 V                               ; 2.69e-10 s                  ; 2.76e-10 s                  ; Yes                        ; Yes                        ; 2.62 V                      ; 4.11e-08 V                  ; 2.73 V             ; -0.0566 V          ; 0.191 V                             ; 0.12 V                              ; 2.69e-10 s                 ; 2.76e-10 s                 ; Yes                       ; Yes                       ;
; disp_secd[4]  ; 2.5 V        ; 0 s                 ; 0 s                 ; 2.62 V                       ; 4.11e-08 V                   ; 2.64 V              ; -0.011 V            ; 0.212 V                              ; 0.198 V                              ; 2.38e-09 s                  ; 2.29e-09 s                  ; No                         ; Yes                        ; 2.62 V                      ; 4.11e-08 V                  ; 2.64 V             ; -0.011 V           ; 0.212 V                             ; 0.198 V                             ; 2.38e-09 s                 ; 2.29e-09 s                 ; No                        ; Yes                       ;
; disp_secd[5]  ; 2.5 V        ; 0 s                 ; 0 s                 ; 2.62 V                       ; 4.11e-08 V                   ; 2.73 V              ; -0.0566 V           ; 0.191 V                              ; 0.12 V                               ; 2.69e-10 s                  ; 2.76e-10 s                  ; Yes                        ; Yes                        ; 2.62 V                      ; 4.11e-08 V                  ; 2.73 V             ; -0.0566 V          ; 0.191 V                             ; 0.12 V                              ; 2.69e-10 s                 ; 2.76e-10 s                 ; Yes                       ; Yes                       ;
; disp_secd[6]  ; 2.5 V        ; 0 s                 ; 0 s                 ; 2.62 V                       ; 4.11e-08 V                   ; 2.73 V              ; -0.0566 V           ; 0.191 V                              ; 0.12 V                               ; 2.69e-10 s                  ; 2.76e-10 s                  ; Yes                        ; Yes                        ; 2.62 V                      ; 4.11e-08 V                  ; 2.73 V             ; -0.0566 V          ; 0.191 V                             ; 0.12 V                              ; 2.69e-10 s                 ; 2.76e-10 s                 ; Yes                       ; Yes                       ;
; disp_secu[0]  ; 2.5 V        ; 0 s                 ; 0 s                 ; 2.62 V                       ; 2.78e-08 V                   ; 2.71 V              ; -0.0349 V           ; 0.253 V                              ; 0.069 V                              ; 4.96e-10 s                  ; 5.19e-10 s                  ; No                         ; Yes                        ; 2.62 V                      ; 2.78e-08 V                  ; 2.71 V             ; -0.0349 V          ; 0.253 V                             ; 0.069 V                             ; 4.96e-10 s                 ; 5.19e-10 s                 ; No                        ; Yes                       ;
; disp_secu[1]  ; 2.5 V        ; 0 s                 ; 0 s                 ; 2.62 V                       ; 2.78e-08 V                   ; 2.72 V              ; -0.0408 V           ; 0.163 V                              ; 0.075 V                              ; 4.51e-10 s                  ; 4.33e-10 s                  ; No                         ; Yes                        ; 2.62 V                      ; 2.78e-08 V                  ; 2.72 V             ; -0.0408 V          ; 0.163 V                             ; 0.075 V                             ; 4.51e-10 s                 ; 4.33e-10 s                 ; No                        ; Yes                       ;
; disp_secu[2]  ; 2.5 V        ; 0 s                 ; 0 s                 ; 2.62 V                       ; 2.78e-08 V                   ; 2.71 V              ; -0.0349 V           ; 0.253 V                              ; 0.069 V                              ; 4.96e-10 s                  ; 5.19e-10 s                  ; No                         ; Yes                        ; 2.62 V                      ; 2.78e-08 V                  ; 2.71 V             ; -0.0349 V          ; 0.253 V                             ; 0.069 V                             ; 4.96e-10 s                 ; 5.19e-10 s                 ; No                        ; Yes                       ;
; disp_secu[3]  ; 2.5 V        ; 0 s                 ; 0 s                 ; 2.62 V                       ; 4.11e-08 V                   ; 2.73 V              ; -0.0566 V           ; 0.191 V                              ; 0.12 V                               ; 2.69e-10 s                  ; 2.76e-10 s                  ; Yes                        ; Yes                        ; 2.62 V                      ; 4.11e-08 V                  ; 2.73 V             ; -0.0566 V          ; 0.191 V                             ; 0.12 V                              ; 2.69e-10 s                 ; 2.76e-10 s                 ; Yes                       ; Yes                       ;
; disp_secu[4]  ; 2.5 V        ; 0 s                 ; 0 s                 ; 2.62 V                       ; 2.78e-08 V                   ; 2.71 V              ; -0.0349 V           ; 0.253 V                              ; 0.069 V                              ; 4.96e-10 s                  ; 5.19e-10 s                  ; No                         ; Yes                        ; 2.62 V                      ; 2.78e-08 V                  ; 2.71 V             ; -0.0349 V          ; 0.253 V                             ; 0.069 V                             ; 4.96e-10 s                 ; 5.19e-10 s                 ; No                        ; Yes                       ;
; disp_secu[5]  ; 2.5 V        ; 0 s                 ; 0 s                 ; 2.62 V                       ; 4.11e-08 V                   ; 2.73 V              ; -0.0566 V           ; 0.191 V                              ; 0.12 V                               ; 2.69e-10 s                  ; 2.76e-10 s                  ; Yes                        ; Yes                        ; 2.62 V                      ; 4.11e-08 V                  ; 2.73 V             ; -0.0566 V          ; 0.191 V                             ; 0.12 V                              ; 2.69e-10 s                 ; 2.76e-10 s                 ; Yes                       ; Yes                       ;
; disp_secu[6]  ; 2.5 V        ; 0 s                 ; 0 s                 ; 2.62 V                       ; 2.78e-08 V                   ; 2.72 V              ; -0.0408 V           ; 0.163 V                              ; 0.075 V                              ; 4.51e-10 s                  ; 4.33e-10 s                  ; No                         ; Yes                        ; 2.62 V                      ; 2.78e-08 V                  ; 2.72 V             ; -0.0408 V          ; 0.163 V                             ; 0.075 V                             ; 4.51e-10 s                 ; 4.33e-10 s                 ; No                        ; Yes                       ;
; ~ALTERA_DCLK~ ; 2.5 V        ; 0 s                 ; 0 s                 ; 2.62 V                       ; 2.22e-08 V                   ; 2.72 V              ; -0.0747 V           ; 0.28 V                               ; 0.169 V                              ; 3.1e-10 s                   ; 3.01e-10 s                  ; No                         ; Yes                        ; 2.62 V                      ; 2.22e-08 V                  ; 2.72 V             ; -0.0747 V          ; 0.28 V                              ; 0.169 V                             ; 3.1e-10 s                  ; 3.01e-10 s                 ; No                        ; Yes                       ;
; ~ALTERA_nCEO~ ; 2.5 V        ; 0 s                 ; 0 s                 ; 2.62 V                       ; 3.53e-08 V                   ; 2.7 V               ; -0.0212 V           ; 0.204 V                              ; 0.049 V                              ; 4.85e-10 s                  ; 6.73e-10 s                  ; No                         ; Yes                        ; 2.62 V                      ; 3.53e-08 V                  ; 2.7 V              ; -0.0212 V          ; 0.204 V                             ; 0.049 V                             ; 4.85e-10 s                 ; 6.73e-10 s                 ; No                        ; Yes                       ;
+---------------+--------------+---------------------+---------------------+------------------------------+------------------------------+---------------------+---------------------+--------------------------------------+--------------------------------------+-----------------------------+-----------------------------+----------------------------+----------------------------+-----------------------------+-----------------------------+--------------------+--------------------+-------------------------------------+-------------------------------------+----------------------------+----------------------------+---------------------------+---------------------------+


+-------------------------------------------------------------------+
; Setup Transfers                                                   ;
+------------+----------+----------+----------+----------+----------+
; From Clock ; To Clock ; RR Paths ; FR Paths ; RF Paths ; FF Paths ;
+------------+----------+----------+----------+----------+----------+
; clk        ; clk      ; 864      ; 0        ; 0        ; 0        ;
+------------+----------+----------+----------+----------+----------+
Entries labeled "false path" only account for clock-to-clock false paths and not path-based false paths. As a result, actual path counts may be lower than reported.


+-------------------------------------------------------------------+
; Hold Transfers                                                    ;
+------------+----------+----------+----------+----------+----------+
; From Clock ; To Clock ; RR Paths ; FR Paths ; RF Paths ; FF Paths ;
+------------+----------+----------+----------+----------+----------+
; clk        ; clk      ; 864      ; 0        ; 0        ; 0        ;
+------------+----------+----------+----------+----------+----------+
Entries labeled "false path" only account for clock-to-clock false paths and not path-based false paths. As a result, actual path counts may be lower than reported.


---------------
; Report TCCS ;
---------------
No dedicated SERDES Transmitter circuitry present in device or used in design


---------------
; Report RSKM ;
---------------
No dedicated SERDES Receiver circuitry present in device or used in design


+------------------------------------------------+
; Unconstrained Paths                            ;
+---------------------------------+-------+------+
; Property                        ; Setup ; Hold ;
+---------------------------------+-------+------+
; Illegal Clocks                  ; 0     ; 0    ;
; Unconstrained Clocks            ; 0     ; 0    ;
; Unconstrained Input Ports       ; 1     ; 1    ;
; Unconstrained Input Port Paths  ; 1     ; 1    ;
; Unconstrained Output Ports      ; 21    ; 21   ;
; Unconstrained Output Port Paths ; 75    ; 75   ;
+---------------------------------+-------+------+


+------------------------------------+
; TimeQuest Timing Analyzer Messages ;
+------------------------------------+
Info: *******************************************************************
Info: Running Quartus II 64-Bit TimeQuest Timing Analyzer
    Info: Version 13.0.0 Build 156 04/24/2013 SJ Web Edition
    Info: Processing started: Tue Sep 22 15:01:34 2026
Info: Command: quartus_sta monoboton -c monoboton
Info: qsta_default_script.tcl version: #1
Warning (20028): Parallel compilation is not licensed and has been disabled
Info (21077): Core supply voltage is 1.2V
Info (21077): Low junction temperature is 0 degrees C
Info (21077): High junction temperature is 85 degrees C
Critical Warning (332012): Synopsys Design Constraints File file not found: 'monoboton.sdc'. A Synopsys Design Constraints File is required by the TimeQuest Timing Analyzer to get proper timing constraints. Without it, the Compiler will not properly optimize the design.
Info (332142): No user constrained base clocks found in the design. Calling "derive_clocks -period 1.0"
Info (332105): Deriving Clocks
    Info (332105): create_clock -period 1.000 -name clk clk
Info (332143): No user constrained clock uncertainty found in the design. Calling "derive_clock_uncertainty"
Info (332123): Deriving Clock Uncertainty. Please refer to report_sdc in TimeQuest to see clock uncertainties.
Info: Found TIMEQUEST_REPORT_SCRIPT_INCLUDE_DEFAULT_ANALYSIS = ON
Info: Analyzing Slow 1200mV 85C Model
Critical Warning (332148): Timing requirements not met
    Info (11105): For recommendations on closing timing, run Report Timing Closure Recommendations in the TimeQuest Timing Analyzer.
Info (332146): Worst-case setup slack is -1.843
    Info (332119):     Slack End Point TNS Clock 
    Info (332119): ========= ============= =====================
    Info (332119):    -1.843       -73.489 clk 
Info (332146): Worst-case hold slack is 0.358
    Info (332119):     Slack End Point TNS Clock 
    Info (332119): ========= ============= =====================
    Info (332119):     0.358         0.000 clk 
Info (332140): No Recovery paths to report
Info (332140): No Removal paths to report
Info (332146): Worst-case minimum pulse width slack is -3.000
    Info (332119):     Slack End Point TNS Clock 
    Info (332119): ========= ============= =====================
    Info (332119):    -3.000       -59.000 clk 
Info: Analyzing Slow 1200mV 0C Model
Info (334003): Started post-fitting delay annotation
Info (334004): Delay annotation completed successfully
Info (332123): Deriving Clock Uncertainty. Please refer to report_sdc in TimeQuest to see clock uncertainties.
Critical Warning (332148): Timing requirements not met
    Info (11105): For recommendations on closing timing, run Report Timing Closure Recommendations in the TimeQuest Timing Analyzer.
Info (332146): Worst-case setup slack is -1.532
    Info (332119):     Slack End Point TNS Clock 
    Info (332119): ========= ============= =====================
    Info (332119):    -1.532       -59.854 clk 
Info (332146): Worst-case hold slack is 0.312
    Info (332119):     Slack End Point TNS Clock 
    Info (332119): ========= ============= =====================
    Info (332119):     0.312         0.000 clk 
Info (332140): No Recovery paths to report
Info (332140): No Removal paths to report
Info (332146): Worst-case minimum pulse width slack is -3.000
    Info (332119):     Slack End Point TNS Clock 
    Info (332119): ========= ============= =====================
    Info (332119):    -3.000       -59.000 clk 
Info: Analyzing Fast 1200mV 0C Model
Info (332123): Deriving Clock Uncertainty. Please refer to report_sdc in TimeQuest to see clock uncertainties.
Critical Warning (332148): Timing requirements not met
    Info (11105): For recommendations on closing timing, run Report Timing Closure Recommendations in the TimeQuest Timing Analyzer.
Info (332146): Worst-case setup slack is -0.588
    Info (332119):     Slack End Point TNS Clock 
    Info (332119): ========= ============= =====================
    Info (332119):    -0.588       -18.044 clk 
Info (332146): Worst-case hold slack is 0.187
    Info (332119):     Slack End Point TNS Clock 
    Info (332119): ========= ============= =====================
    Info (332119):     0.187         0.000 clk 
Info (332140): No Recovery paths to report
Info (332140): No Removal paths to report
Info (332146): Worst-case minimum pulse width slack is -3.000
    Info (332119):     Slack End Point TNS Clock 
    Info (332119): ========= ============= =====================
    Info (332119):    -3.000       -62.190 clk 
Info (332102): Design is not fully constrained for setup requirements
Info (332102): Design is not fully constrained for hold requirements
Info: Quartus II 64-Bit TimeQuest Timing Analyzer was successful. 0 errors, 5 warnings
    Info: Peak virtual memory: 4587 megabytes
    Info: Processing ended: Tue Sep 22 15:01:38 2026
    Info: Elapsed time: 00:00:04
    Info: Total CPU time (on all processors): 00:00:04


