TimeQuest Timing Analyzer report for temporizador
Tue Sep 22 07:34:37 2026
Quartus II 64-Bit Version 13.0.0 Build 156 04/24/2013 SJ Web Edition


---------------------
; Table of Contents ;
---------------------
  1. Legal Notice
  2. TimeQuest Timing Analyzer Summary
  3. Parallel Compilation
  4. Clocks
  5. Slow 1200mV 85C Model Fmax Summary
  6. Timing Closure Recommendations
  7. Slow 1200mV 85C Model Setup Summary
  8. Slow 1200mV 85C Model Hold Summary
  9. Slow 1200mV 85C Model Recovery Summary
 10. Slow 1200mV 85C Model Removal Summary
 11. Slow 1200mV 85C Model Minimum Pulse Width Summary
 12. Slow 1200mV 85C Model Setup: 'clk_50mhz'
 13. Slow 1200mV 85C Model Setup: 'clk_1hz_int'
 14. Slow 1200mV 85C Model Hold: 'clk_50mhz'
 15. Slow 1200mV 85C Model Hold: 'clk_1hz_int'
 16. Slow 1200mV 85C Model Minimum Pulse Width: 'clk_50mhz'
 17. Slow 1200mV 85C Model Minimum Pulse Width: 'clk_1hz_int'
 18. Setup Times
 19. Hold Times
 20. Clock to Output Times
 21. Minimum Clock to Output Times
 22. Slow 1200mV 85C Model Metastability Report
 23. Slow 1200mV 0C Model Fmax Summary
 24. Slow 1200mV 0C Model Setup Summary
 25. Slow 1200mV 0C Model Hold Summary
 26. Slow 1200mV 0C Model Recovery Summary
 27. Slow 1200mV 0C Model Removal Summary
 28. Slow 1200mV 0C Model Minimum Pulse Width Summary
 29. Slow 1200mV 0C Model Setup: 'clk_50mhz'
 30. Slow 1200mV 0C Model Setup: 'clk_1hz_int'
 31. Slow 1200mV 0C Model Hold: 'clk_50mhz'
 32. Slow 1200mV 0C Model Hold: 'clk_1hz_int'
 33. Slow 1200mV 0C Model Minimum Pulse Width: 'clk_50mhz'
 34. Slow 1200mV 0C Model Minimum Pulse Width: 'clk_1hz_int'
 35. Setup Times
 36. Hold Times
 37. Clock to Output Times
 38. Minimum Clock to Output Times
 39. Slow 1200mV 0C Model Metastability Report
 40. Fast 1200mV 0C Model Setup Summary
 41. Fast 1200mV 0C Model Hold Summary
 42. Fast 1200mV 0C Model Recovery Summary
 43. Fast 1200mV 0C Model Removal Summary
 44. Fast 1200mV 0C Model Minimum Pulse Width Summary
 45. Fast 1200mV 0C Model Setup: 'clk_50mhz'
 46. Fast 1200mV 0C Model Setup: 'clk_1hz_int'
 47. Fast 1200mV 0C Model Hold: 'clk_50mhz'
 48. Fast 1200mV 0C Model Hold: 'clk_1hz_int'
 49. Fast 1200mV 0C Model Minimum Pulse Width: 'clk_50mhz'
 50. Fast 1200mV 0C Model Minimum Pulse Width: 'clk_1hz_int'
 51. Setup Times
 52. Hold Times
 53. Clock to Output Times
 54. Minimum Clock to Output Times
 55. Fast 1200mV 0C Model Metastability Report
 56. Multicorner Timing Analysis Summary
 57. Setup Times
 58. Hold Times
 59. Clock to Output Times
 60. Minimum Clock to Output Times
 61. Board Trace Model Assignments
 62. Input Transition Times
 63. Slow Corner Signal Integrity Metrics
 64. Fast Corner Signal Integrity Metrics
 65. Setup Transfers
 66. Hold Transfers
 67. Report TCCS
 68. Report RSKM
 69. Unconstrained Paths
 70. TimeQuest Timing Analyzer Messages



----------------
; Legal Notice ;
----------------
Copyright (C) 1991-2013 Altera Corporation
Your use of Altera Corporation's design tools, logic functions 
and other software and tools, and its AMPP partner logic 
functions, and any output files from any of the foregoing 
(including device programming or simulation files), and any 
associated documentation or information are expressly subject 
to the terms and conditions of the Altera Program License 
Subscription Agreement, Altera MegaCore Function License 
Agreement, or other applicable license agreement, including, 
without limitation, that your use is for the sole purpose of 
programming logic devices manufactured by Altera and sold by 
Altera or its authorized distributors.  Please refer to the 
applicable agreement for further details.



+-------------------------------------------------------------------------+
; TimeQuest Timing Analyzer Summary                                       ;
+--------------------+----------------------------------------------------+
; Quartus II Version ; Version 13.0.0 Build 156 04/24/2013 SJ Web Edition ;
; Revision Name      ; temporizador                                       ;
; Device Family      ; Cyclone III                                        ;
; Device Name        ; EP3C16F484C6                                       ;
; Timing Models      ; Final                                              ;
; Delay Model        ; Combined                                           ;
; Rise/Fall Delays   ; Enabled                                            ;
+--------------------+----------------------------------------------------+


Parallel compilation was disabled, but you have multiple processors available. Enable parallel compilation to reduce compilation time.
+-------------------------------------+
; Parallel Compilation                ;
+----------------------------+--------+
; Processors                 ; Number ;
+----------------------------+--------+
; Number detected on machine ; 12     ;
; Maximum allowed            ; 1      ;
+----------------------------+--------+


+------------------------------------------------------------------------------------------------------------------------------------------------------------------------------------------+
; Clocks                                                                                                                                                                                   ;
+-------------+------+--------+------------+-------+-------+------------+-----------+-------------+-------+--------+-----------+------------+----------+--------+--------+-----------------+
; Clock Name  ; Type ; Period ; Frequency  ; Rise  ; Fall  ; Duty Cycle ; Divide by ; Multiply by ; Phase ; Offset ; Edge List ; Edge Shift ; Inverted ; Master ; Source ; Targets         ;
+-------------+------+--------+------------+-------+-------+------------+-----------+-------------+-------+--------+-----------+------------+----------+--------+--------+-----------------+
; clk_1hz_int ; Base ; 1.000  ; 1000.0 MHz ; 0.000 ; 0.500 ;            ;           ;             ;       ;        ;           ;            ;          ;        ;        ; { clk_1hz_int } ;
; clk_50mhz   ; Base ; 1.000  ; 1000.0 MHz ; 0.000 ; 0.500 ;            ;           ;             ;       ;        ;           ;            ;          ;        ;        ; { clk_50mhz }   ;
+-------------+------+--------+------------+-------+-------+------------+-----------+-------------+-------+--------+-----------+------------+----------+--------+--------+-----------------+


+------------------------------------------------------------------------------------------------------------+
; Slow 1200mV 85C Model Fmax Summary                                                                         ;
+------------+-----------------+-------------+---------------------------------------------------------------+
; Fmax       ; Restricted Fmax ; Clock Name  ; Note                                                          ;
+------------+-----------------+-------------+---------------------------------------------------------------+
; 260.42 MHz ; 250.0 MHz       ; clk_50mhz   ; limit due to minimum period restriction (max I/O toggle rate) ;
; 374.39 MHz ; 374.39 MHz      ; clk_1hz_int ;                                                               ;
+------------+-----------------+-------------+---------------------------------------------------------------+
This panel reports FMAX for every clock in the design, regardless of the user-specified clock periods.  FMAX is only computed for paths where the source and destination registers or ports are driven by the same clock.  Paths of different clocks, including generated clocks, are ignored.  For paths between a clock and its inversion, FMAX is computed as if the rising and falling edges are scaled along with FMAX, such that the duty cycle (in terms of a percentage) is maintained. Altera recommends that you always use clock constraints and other slack reports for sign-off analysis.


----------------------------------
; Timing Closure Recommendations ;
----------------------------------
HTML report is unavailable in plain text report export.


+--------------------------------------+
; Slow 1200mV 85C Model Setup Summary  ;
+-------------+--------+---------------+
; Clock       ; Slack  ; End Point TNS ;
+-------------+--------+---------------+
; clk_50mhz   ; -2.840 ; -42.001       ;
; clk_1hz_int ; -1.671 ; -22.775       ;
+-------------+--------+---------------+


+--------------------------------------+
; Slow 1200mV 85C Model Hold Summary   ;
+-------------+--------+---------------+
; Clock       ; Slack  ; End Point TNS ;
+-------------+--------+---------------+
; clk_50mhz   ; -0.126 ; -0.126        ;
; clk_1hz_int ; 0.343  ; 0.000         ;
+-------------+--------+---------------+


------------------------------------------
; Slow 1200mV 85C Model Recovery Summary ;
------------------------------------------
No paths to report.


-----------------------------------------
; Slow 1200mV 85C Model Removal Summary ;
-----------------------------------------
No paths to report.


+---------------------------------------------------+
; Slow 1200mV 85C Model Minimum Pulse Width Summary ;
+-------------+--------+----------------------------+
; Clock       ; Slack  ; End Point TNS              ;
+-------------+--------+----------------------------+
; clk_50mhz   ; -3.000 ; -29.000                    ;
; clk_1hz_int ; -1.000 ; -21.000                    ;
+-------------+--------+----------------------------+


+------------------------------------------------------------------------------------------------------------+
; Slow 1200mV 85C Model Setup: 'clk_50mhz'                                                                   ;
+--------+--------------+--------------+--------------+-------------+--------------+------------+------------+
; Slack  ; From Node    ; To Node      ; Launch Clock ; Latch Clock ; Relationship ; Clock Skew ; Data Delay ;
+--------+--------------+--------------+--------------+-------------+--------------+------------+------------+
; -2.840 ; cont_clk[7]  ; clk_1hz_int  ; clk_50mhz    ; clk_50mhz   ; 1.000        ; -0.062     ; 3.773      ;
; -2.715 ; cont_clk[3]  ; clk_1hz_int  ; clk_50mhz    ; clk_50mhz   ; 1.000        ; -0.062     ; 3.648      ;
; -2.706 ; cont_clk[4]  ; clk_1hz_int  ; clk_50mhz    ; clk_50mhz   ; 1.000        ; -0.062     ; 3.639      ;
; -2.638 ; cont_clk[6]  ; clk_1hz_int  ; clk_50mhz    ; clk_50mhz   ; 1.000        ; -0.062     ; 3.571      ;
; -2.575 ; cont_clk[1]  ; clk_1hz_int  ; clk_50mhz    ; clk_50mhz   ; 1.000        ; -0.062     ; 3.508      ;
; -2.484 ; cont_clk[5]  ; clk_1hz_int  ; clk_50mhz    ; clk_50mhz   ; 1.000        ; -0.062     ; 3.417      ;
; -2.473 ; cont_clk[9]  ; clk_1hz_int  ; clk_50mhz    ; clk_50mhz   ; 1.000        ; -0.062     ; 3.406      ;
; -2.466 ; cont_clk[10] ; clk_1hz_int  ; clk_50mhz    ; clk_50mhz   ; 1.000        ; -0.062     ; 3.399      ;
; -2.454 ; cont_clk[14] ; clk_1hz_int  ; clk_50mhz    ; clk_50mhz   ; 1.000        ; -0.062     ; 3.387      ;
; -2.437 ; cont_clk[2]  ; clk_1hz_int  ; clk_50mhz    ; clk_50mhz   ; 1.000        ; -0.062     ; 3.370      ;
; -2.353 ; cont_clk[11] ; clk_1hz_int  ; clk_50mhz    ; clk_50mhz   ; 1.000        ; -0.062     ; 3.286      ;
; -2.331 ; cont_clk[12] ; clk_1hz_int  ; clk_50mhz    ; clk_50mhz   ; 1.000        ; -0.062     ; 3.264      ;
; -2.310 ; cont_clk[0]  ; clk_1hz_int  ; clk_50mhz    ; clk_50mhz   ; 1.000        ; -0.062     ; 3.243      ;
; -2.263 ; cont_clk[7]  ; cont_clk[21] ; clk_50mhz    ; clk_50mhz   ; 1.000        ; -0.063     ; 3.195      ;
; -2.263 ; cont_clk[7]  ; cont_clk[22] ; clk_50mhz    ; clk_50mhz   ; 1.000        ; -0.063     ; 3.195      ;
; -2.262 ; cont_clk[7]  ; cont_clk[20] ; clk_50mhz    ; clk_50mhz   ; 1.000        ; -0.063     ; 3.194      ;
; -2.253 ; cont_clk[7]  ; cont_clk[6]  ; clk_50mhz    ; clk_50mhz   ; 1.000        ; -0.062     ; 3.186      ;
; -2.228 ; cont_clk[7]  ; cont_clk[13] ; clk_50mhz    ; clk_50mhz   ; 1.000        ; -0.062     ; 3.161      ;
; -2.228 ; cont_clk[7]  ; cont_clk[14] ; clk_50mhz    ; clk_50mhz   ; 1.000        ; -0.062     ; 3.161      ;
; -2.219 ; cont_clk[8]  ; clk_1hz_int  ; clk_50mhz    ; clk_50mhz   ; 1.000        ; -0.062     ; 3.152      ;
; -2.189 ; cont_clk[13] ; clk_1hz_int  ; clk_50mhz    ; clk_50mhz   ; 1.000        ; -0.062     ; 3.122      ;
; -2.162 ; cont_clk[7]  ; cont_clk[11] ; clk_50mhz    ; clk_50mhz   ; 1.000        ; -0.062     ; 3.095      ;
; -2.162 ; cont_clk[7]  ; cont_clk[0]  ; clk_50mhz    ; clk_50mhz   ; 1.000        ; -0.062     ; 3.095      ;
; -2.136 ; cont_clk[7]  ; cont_clk[12] ; clk_50mhz    ; clk_50mhz   ; 1.000        ; -0.062     ; 3.069      ;
; -2.136 ; cont_clk[7]  ; cont_clk[18] ; clk_50mhz    ; clk_50mhz   ; 1.000        ; -0.062     ; 3.069      ;
; -2.134 ; cont_clk[7]  ; cont_clk[16] ; clk_50mhz    ; clk_50mhz   ; 1.000        ; -0.062     ; 3.067      ;
; -2.134 ; cont_clk[15] ; clk_1hz_int  ; clk_50mhz    ; clk_50mhz   ; 1.000        ; -0.061     ; 3.068      ;
; -2.129 ; cont_clk[4]  ; cont_clk[21] ; clk_50mhz    ; clk_50mhz   ; 1.000        ; -0.063     ; 3.061      ;
; -2.129 ; cont_clk[4]  ; cont_clk[22] ; clk_50mhz    ; clk_50mhz   ; 1.000        ; -0.063     ; 3.061      ;
; -2.128 ; cont_clk[4]  ; cont_clk[20] ; clk_50mhz    ; clk_50mhz   ; 1.000        ; -0.063     ; 3.060      ;
; -2.120 ; cont_clk[1]  ; cont_clk[18] ; clk_50mhz    ; clk_50mhz   ; 1.000        ; -0.062     ; 3.053      ;
; -2.119 ; cont_clk[4]  ; cont_clk[6]  ; clk_50mhz    ; clk_50mhz   ; 1.000        ; -0.062     ; 3.052      ;
; -2.117 ; cont_clk[18] ; clk_1hz_int  ; clk_50mhz    ; clk_50mhz   ; 1.000        ; -0.062     ; 3.050      ;
; -2.116 ; cont_clk[3]  ; cont_clk[21] ; clk_50mhz    ; clk_50mhz   ; 1.000        ; -0.063     ; 3.048      ;
; -2.116 ; cont_clk[3]  ; cont_clk[22] ; clk_50mhz    ; clk_50mhz   ; 1.000        ; -0.063     ; 3.048      ;
; -2.115 ; cont_clk[3]  ; cont_clk[20] ; clk_50mhz    ; clk_50mhz   ; 1.000        ; -0.063     ; 3.047      ;
; -2.107 ; cont_clk[19] ; clk_1hz_int  ; clk_50mhz    ; clk_50mhz   ; 1.000        ; -0.428     ; 2.674      ;
; -2.106 ; cont_clk[3]  ; cont_clk[6]  ; clk_50mhz    ; clk_50mhz   ; 1.000        ; -0.062     ; 3.039      ;
; -2.099 ; cont_clk[16] ; clk_1hz_int  ; clk_50mhz    ; clk_50mhz   ; 1.000        ; -0.062     ; 3.032      ;
; -2.094 ; cont_clk[4]  ; cont_clk[13] ; clk_50mhz    ; clk_50mhz   ; 1.000        ; -0.062     ; 3.027      ;
; -2.094 ; cont_clk[4]  ; cont_clk[14] ; clk_50mhz    ; clk_50mhz   ; 1.000        ; -0.062     ; 3.027      ;
; -2.085 ; cont_clk[17] ; clk_1hz_int  ; clk_50mhz    ; clk_50mhz   ; 1.000        ; -0.061     ; 3.019      ;
; -2.081 ; cont_clk[3]  ; cont_clk[13] ; clk_50mhz    ; clk_50mhz   ; 1.000        ; -0.062     ; 3.014      ;
; -2.081 ; cont_clk[3]  ; cont_clk[14] ; clk_50mhz    ; clk_50mhz   ; 1.000        ; -0.062     ; 3.014      ;
; -2.052 ; cont_clk[1]  ; cont_clk[22] ; clk_50mhz    ; clk_50mhz   ; 1.000        ; -0.063     ; 2.984      ;
; -2.051 ; cont_clk[20] ; clk_1hz_int  ; clk_50mhz    ; clk_50mhz   ; 1.000        ; -0.061     ; 2.985      ;
; -2.039 ; cont_clk[0]  ; cont_clk[18] ; clk_50mhz    ; clk_50mhz   ; 1.000        ; -0.062     ; 2.972      ;
; -2.028 ; cont_clk[4]  ; cont_clk[11] ; clk_50mhz    ; clk_50mhz   ; 1.000        ; -0.062     ; 2.961      ;
; -2.028 ; cont_clk[4]  ; cont_clk[0]  ; clk_50mhz    ; clk_50mhz   ; 1.000        ; -0.062     ; 2.961      ;
; -2.026 ; cont_clk[6]  ; cont_clk[22] ; clk_50mhz    ; clk_50mhz   ; 1.000        ; -0.063     ; 2.958      ;
; -2.025 ; cont_clk[6]  ; cont_clk[20] ; clk_50mhz    ; clk_50mhz   ; 1.000        ; -0.063     ; 2.957      ;
; -2.025 ; cont_clk[6]  ; cont_clk[21] ; clk_50mhz    ; clk_50mhz   ; 1.000        ; -0.063     ; 2.957      ;
; -2.025 ; cont_clk[22] ; clk_1hz_int  ; clk_50mhz    ; clk_50mhz   ; 1.000        ; -0.061     ; 2.959      ;
; -2.022 ; cont_clk[3]  ; cont_clk[11] ; clk_50mhz    ; clk_50mhz   ; 1.000        ; -0.062     ; 2.955      ;
; -2.022 ; cont_clk[3]  ; cont_clk[0]  ; clk_50mhz    ; clk_50mhz   ; 1.000        ; -0.062     ; 2.955      ;
; -2.016 ; cont_clk[23] ; clk_1hz_int  ; clk_50mhz    ; clk_50mhz   ; 1.000        ; -0.061     ; 2.950      ;
; -2.013 ; cont_clk[6]  ; cont_clk[6]  ; clk_50mhz    ; clk_50mhz   ; 1.000        ; -0.062     ; 2.946      ;
; -2.007 ; cont_clk[3]  ; cont_clk[18] ; clk_50mhz    ; clk_50mhz   ; 1.000        ; -0.062     ; 2.940      ;
; -2.006 ; cont_clk[1]  ; cont_clk[16] ; clk_50mhz    ; clk_50mhz   ; 1.000        ; -0.062     ; 2.939      ;
; -2.002 ; cont_clk[6]  ; cont_clk[14] ; clk_50mhz    ; clk_50mhz   ; 1.000        ; -0.062     ; 2.935      ;
; -2.002 ; cont_clk[4]  ; cont_clk[12] ; clk_50mhz    ; clk_50mhz   ; 1.000        ; -0.062     ; 2.935      ;
; -2.002 ; cont_clk[4]  ; cont_clk[18] ; clk_50mhz    ; clk_50mhz   ; 1.000        ; -0.062     ; 2.935      ;
; -2.000 ; cont_clk[4]  ; cont_clk[16] ; clk_50mhz    ; clk_50mhz   ; 1.000        ; -0.062     ; 2.933      ;
; -2.000 ; cont_clk[3]  ; cont_clk[12] ; clk_50mhz    ; clk_50mhz   ; 1.000        ; -0.062     ; 2.933      ;
; -1.999 ; cont_clk[6]  ; cont_clk[13] ; clk_50mhz    ; clk_50mhz   ; 1.000        ; -0.062     ; 2.932      ;
; -1.999 ; cont_clk[3]  ; cont_clk[16] ; clk_50mhz    ; clk_50mhz   ; 1.000        ; -0.062     ; 2.932      ;
; -1.990 ; cont_clk[1]  ; cont_clk[21] ; clk_50mhz    ; clk_50mhz   ; 1.000        ; -0.063     ; 2.922      ;
; -1.989 ; cont_clk[1]  ; cont_clk[20] ; clk_50mhz    ; clk_50mhz   ; 1.000        ; -0.063     ; 2.921      ;
; -1.980 ; cont_clk[1]  ; cont_clk[6]  ; clk_50mhz    ; clk_50mhz   ; 1.000        ; -0.062     ; 2.913      ;
; -1.976 ; cont_clk[1]  ; cont_clk[24] ; clk_50mhz    ; clk_50mhz   ; 1.000        ; 0.290      ; 3.261      ;
; -1.971 ; cont_clk[0]  ; cont_clk[22] ; clk_50mhz    ; clk_50mhz   ; 1.000        ; -0.063     ; 2.903      ;
; -1.958 ; cont_clk[21] ; clk_1hz_int  ; clk_50mhz    ; clk_50mhz   ; 1.000        ; -0.061     ; 2.892      ;
; -1.955 ; cont_clk[1]  ; cont_clk[13] ; clk_50mhz    ; clk_50mhz   ; 1.000        ; -0.062     ; 2.888      ;
; -1.955 ; cont_clk[1]  ; cont_clk[14] ; clk_50mhz    ; clk_50mhz   ; 1.000        ; -0.062     ; 2.888      ;
; -1.945 ; cont_clk[6]  ; cont_clk[11] ; clk_50mhz    ; clk_50mhz   ; 1.000        ; -0.062     ; 2.878      ;
; -1.945 ; cont_clk[6]  ; cont_clk[0]  ; clk_50mhz    ; clk_50mhz   ; 1.000        ; -0.062     ; 2.878      ;
; -1.936 ; cont_clk[0]  ; cont_clk[21] ; clk_50mhz    ; clk_50mhz   ; 1.000        ; -0.063     ; 2.868      ;
; -1.926 ; cont_clk[2]  ; cont_clk[18] ; clk_50mhz    ; clk_50mhz   ; 1.000        ; -0.062     ; 2.859      ;
; -1.925 ; cont_clk[0]  ; cont_clk[16] ; clk_50mhz    ; clk_50mhz   ; 1.000        ; -0.062     ; 2.858      ;
; -1.923 ; cont_clk[6]  ; cont_clk[12] ; clk_50mhz    ; clk_50mhz   ; 1.000        ; -0.062     ; 2.856      ;
; -1.923 ; cont_clk[6]  ; cont_clk[18] ; clk_50mhz    ; clk_50mhz   ; 1.000        ; -0.062     ; 2.856      ;
; -1.922 ; cont_clk[6]  ; cont_clk[16] ; clk_50mhz    ; clk_50mhz   ; 1.000        ; -0.062     ; 2.855      ;
; -1.920 ; cont_clk[24] ; clk_1hz_int  ; clk_50mhz    ; clk_50mhz   ; 1.000        ; -0.428     ; 2.487      ;
; -1.907 ; cont_clk[5]  ; cont_clk[21] ; clk_50mhz    ; clk_50mhz   ; 1.000        ; -0.063     ; 2.839      ;
; -1.907 ; cont_clk[5]  ; cont_clk[22] ; clk_50mhz    ; clk_50mhz   ; 1.000        ; -0.063     ; 2.839      ;
; -1.906 ; cont_clk[5]  ; cont_clk[20] ; clk_50mhz    ; clk_50mhz   ; 1.000        ; -0.063     ; 2.838      ;
; -1.897 ; cont_clk[5]  ; cont_clk[6]  ; clk_50mhz    ; clk_50mhz   ; 1.000        ; -0.062     ; 2.830      ;
; -1.896 ; cont_clk[9]  ; cont_clk[21] ; clk_50mhz    ; clk_50mhz   ; 1.000        ; -0.063     ; 2.828      ;
; -1.896 ; cont_clk[9]  ; cont_clk[22] ; clk_50mhz    ; clk_50mhz   ; 1.000        ; -0.063     ; 2.828      ;
; -1.895 ; cont_clk[9]  ; cont_clk[20] ; clk_50mhz    ; clk_50mhz   ; 1.000        ; -0.063     ; 2.827      ;
; -1.895 ; cont_clk[0]  ; cont_clk[24] ; clk_50mhz    ; clk_50mhz   ; 1.000        ; 0.290      ; 3.180      ;
; -1.891 ; cont_clk[5]  ; cont_clk[18] ; clk_50mhz    ; clk_50mhz   ; 1.000        ; -0.062     ; 2.824      ;
; -1.889 ; cont_clk[1]  ; cont_clk[11] ; clk_50mhz    ; clk_50mhz   ; 1.000        ; -0.062     ; 2.822      ;
; -1.889 ; cont_clk[1]  ; cont_clk[0]  ; clk_50mhz    ; clk_50mhz   ; 1.000        ; -0.062     ; 2.822      ;
; -1.889 ; cont_clk[10] ; cont_clk[21] ; clk_50mhz    ; clk_50mhz   ; 1.000        ; -0.063     ; 2.821      ;
; -1.889 ; cont_clk[10] ; cont_clk[22] ; clk_50mhz    ; clk_50mhz   ; 1.000        ; -0.063     ; 2.821      ;
; -1.888 ; cont_clk[10] ; cont_clk[20] ; clk_50mhz    ; clk_50mhz   ; 1.000        ; -0.063     ; 2.820      ;
; -1.886 ; cont_clk[9]  ; cont_clk[6]  ; clk_50mhz    ; clk_50mhz   ; 1.000        ; -0.062     ; 2.819      ;
; -1.879 ; cont_clk[10] ; cont_clk[6]  ; clk_50mhz    ; clk_50mhz   ; 1.000        ; -0.062     ; 2.812      ;
; -1.873 ; cont_clk[7]  ; cont_clk[24] ; clk_50mhz    ; clk_50mhz   ; 1.000        ; 0.290      ; 3.158      ;
+--------+--------------+--------------+--------------+-------------+--------------+------------+------------+


+------------------------------------------------------------------------------------------------------------------------------------------------------------------------------------------+
; Slow 1200mV 85C Model Setup: 'clk_1hz_int'                                                                                                                                               ;
+--------+-----------------------------------------------------+-----------------------------------------------------+--------------+-------------+--------------+------------+------------+
; Slack  ; From Node                                           ; To Node                                             ; Launch Clock ; Latch Clock ; Relationship ; Clock Skew ; Data Delay ;
+--------+-----------------------------------------------------+-----------------------------------------------------+--------------+-------------+--------------+------------+------------+
; -1.671 ; control:MODULO_CONTROL|base_u[3]                    ; control:MODULO_CONTROL|base_d[2]                    ; clk_1hz_int  ; clk_1hz_int ; 1.000        ; -0.061     ; 2.605      ;
; -1.668 ; control:MODULO_CONTROL|base_u[0]                    ; control:MODULO_CONTROL|base_d[2]                    ; clk_1hz_int  ; clk_1hz_int ; 1.000        ; -0.061     ; 2.602      ;
; -1.460 ; control:MODULO_CONTROL|base_d[1]                    ; control:MODULO_CONTROL|base_u[1]                    ; clk_1hz_int  ; clk_1hz_int ; 1.000        ; -0.448     ; 2.007      ;
; -1.460 ; control:MODULO_CONTROL|base_d[1]                    ; control:MODULO_CONTROL|base_u[2]                    ; clk_1hz_int  ; clk_1hz_int ; 1.000        ; -0.448     ; 2.007      ;
; -1.458 ; control:MODULO_CONTROL|base_d[1]                    ; control:MODULO_CONTROL|base_u[3]                    ; clk_1hz_int  ; clk_1hz_int ; 1.000        ; -0.448     ; 2.005      ;
; -1.457 ; control:MODULO_CONTROL|base_u[1]                    ; control:MODULO_CONTROL|base_d[2]                    ; clk_1hz_int  ; clk_1hz_int ; 1.000        ; -0.061     ; 2.391      ;
; -1.395 ; control:MODULO_CONTROL|base_d[1]                    ; control:MODULO_CONTROL|estado_actual.OCUPADO_LIMITE ; clk_1hz_int  ; clk_1hz_int ; 1.000        ; -0.459     ; 1.931      ;
; -1.390 ; control:MODULO_CONTROL|base_d[1]                    ; control:MODULO_CONTROL|estado_actual.EXCESO_TIEMPO  ; clk_1hz_int  ; clk_1hz_int ; 1.000        ; -0.459     ; 1.926      ;
; -1.315 ; control:MODULO_CONTROL|base_u[2]                    ; control:MODULO_CONTROL|base_d[2]                    ; clk_1hz_int  ; clk_1hz_int ; 1.000        ; -0.061     ; 2.249      ;
; -1.293 ; control:MODULO_CONTROL|base_u[3]                    ; control:MODULO_CONTROL|base_d[1]                    ; clk_1hz_int  ; clk_1hz_int ; 1.000        ; 0.310      ; 2.598      ;
; -1.290 ; control:MODULO_CONTROL|base_u[0]                    ; control:MODULO_CONTROL|base_d[1]                    ; clk_1hz_int  ; clk_1hz_int ; 1.000        ; 0.310      ; 2.595      ;
; -1.280 ; control:MODULO_CONTROL|base_d[2]                    ; control:MODULO_CONTROL|base_u[1]                    ; clk_1hz_int  ; clk_1hz_int ; 1.000        ; -0.061     ; 2.214      ;
; -1.279 ; control:MODULO_CONTROL|estado_actual.OCUPADO_LIMITE ; control:MODULO_CONTROL|base_d[2]                    ; clk_1hz_int  ; clk_1hz_int ; 1.000        ; -0.050     ; 2.224      ;
; -1.277 ; control:MODULO_CONTROL|base_d[2]                    ; control:MODULO_CONTROL|base_u[3]                    ; clk_1hz_int  ; clk_1hz_int ; 1.000        ; -0.061     ; 2.211      ;
; -1.267 ; control:MODULO_CONTROL|base_u[1]                    ; control:MODULO_CONTROL|base_u[1]                    ; clk_1hz_int  ; clk_1hz_int ; 1.000        ; -0.061     ; 2.201      ;
; -1.265 ; control:MODULO_CONTROL|base_d[2]                    ; control:MODULO_CONTROL|base_u[2]                    ; clk_1hz_int  ; clk_1hz_int ; 1.000        ; -0.061     ; 2.199      ;
; -1.264 ; control:MODULO_CONTROL|base_u[1]                    ; control:MODULO_CONTROL|base_u[3]                    ; clk_1hz_int  ; clk_1hz_int ; 1.000        ; -0.061     ; 2.198      ;
; -1.261 ; control:MODULO_CONTROL|base_d[0]                    ; control:MODULO_CONTROL|base_u[1]                    ; clk_1hz_int  ; clk_1hz_int ; 1.000        ; -0.061     ; 2.195      ;
; -1.261 ; control:MODULO_CONTROL|base_d[0]                    ; control:MODULO_CONTROL|base_u[2]                    ; clk_1hz_int  ; clk_1hz_int ; 1.000        ; -0.061     ; 2.195      ;
; -1.259 ; control:MODULO_CONTROL|base_d[0]                    ; control:MODULO_CONTROL|base_u[3]                    ; clk_1hz_int  ; clk_1hz_int ; 1.000        ; -0.061     ; 2.193      ;
; -1.252 ; control:MODULO_CONTROL|base_u[1]                    ; control:MODULO_CONTROL|base_u[2]                    ; clk_1hz_int  ; clk_1hz_int ; 1.000        ; -0.061     ; 2.186      ;
; -1.251 ; control:MODULO_CONTROL|base_d[3]                    ; control:MODULO_CONTROL|base_u[1]                    ; clk_1hz_int  ; clk_1hz_int ; 1.000        ; -0.061     ; 2.185      ;
; -1.248 ; control:MODULO_CONTROL|base_d[3]                    ; control:MODULO_CONTROL|base_u[3]                    ; clk_1hz_int  ; clk_1hz_int ; 1.000        ; -0.061     ; 2.182      ;
; -1.241 ; control:MODULO_CONTROL|extra_u[1]                   ; control:MODULO_CONTROL|extra_d[2]                   ; clk_1hz_int  ; clk_1hz_int ; 1.000        ; -0.061     ; 2.175      ;
; -1.241 ; control:MODULO_CONTROL|extra_u[1]                   ; control:MODULO_CONTROL|extra_d[3]                   ; clk_1hz_int  ; clk_1hz_int ; 1.000        ; -0.061     ; 2.175      ;
; -1.238 ; control:MODULO_CONTROL|extra_u[1]                   ; control:MODULO_CONTROL|extra_d[1]                   ; clk_1hz_int  ; clk_1hz_int ; 1.000        ; -0.061     ; 2.172      ;
; -1.236 ; control:MODULO_CONTROL|base_d[3]                    ; control:MODULO_CONTROL|base_u[2]                    ; clk_1hz_int  ; clk_1hz_int ; 1.000        ; -0.061     ; 2.170      ;
; -1.226 ; control:MODULO_CONTROL|base_u[3]                    ; control:MODULO_CONTROL|base_u[1]                    ; clk_1hz_int  ; clk_1hz_int ; 1.000        ; -0.061     ; 2.160      ;
; -1.224 ; control:MODULO_CONTROL|base_u[3]                    ; control:MODULO_CONTROL|base_u[2]                    ; clk_1hz_int  ; clk_1hz_int ; 1.000        ; -0.061     ; 2.158      ;
; -1.223 ; control:MODULO_CONTROL|base_u[3]                    ; control:MODULO_CONTROL|base_u[3]                    ; clk_1hz_int  ; clk_1hz_int ; 1.000        ; -0.061     ; 2.157      ;
; -1.219 ; control:MODULO_CONTROL|base_d[2]                    ; control:MODULO_CONTROL|estado_actual.OCUPADO_LIMITE ; clk_1hz_int  ; clk_1hz_int ; 1.000        ; -0.072     ; 2.142      ;
; -1.210 ; control:MODULO_CONTROL|base_d[2]                    ; control:MODULO_CONTROL|estado_actual.EXCESO_TIEMPO  ; clk_1hz_int  ; clk_1hz_int ; 1.000        ; -0.072     ; 2.133      ;
; -1.206 ; control:MODULO_CONTROL|base_u[1]                    ; control:MODULO_CONTROL|estado_actual.OCUPADO_LIMITE ; clk_1hz_int  ; clk_1hz_int ; 1.000        ; -0.072     ; 2.129      ;
; -1.199 ; control:MODULO_CONTROL|base_u[2]                    ; control:MODULO_CONTROL|base_u[1]                    ; clk_1hz_int  ; clk_1hz_int ; 1.000        ; -0.061     ; 2.133      ;
; -1.199 ; control:MODULO_CONTROL|base_u[2]                    ; control:MODULO_CONTROL|base_u[2]                    ; clk_1hz_int  ; clk_1hz_int ; 1.000        ; -0.061     ; 2.133      ;
; -1.197 ; control:MODULO_CONTROL|base_u[2]                    ; control:MODULO_CONTROL|base_u[3]                    ; clk_1hz_int  ; clk_1hz_int ; 1.000        ; -0.061     ; 2.131      ;
; -1.197 ; control:MODULO_CONTROL|base_u[1]                    ; control:MODULO_CONTROL|estado_actual.EXCESO_TIEMPO  ; clk_1hz_int  ; clk_1hz_int ; 1.000        ; -0.072     ; 2.120      ;
; -1.195 ; control:MODULO_CONTROL|base_d[3]                    ; control:MODULO_CONTROL|estado_actual.OCUPADO_LIMITE ; clk_1hz_int  ; clk_1hz_int ; 1.000        ; -0.072     ; 2.118      ;
; -1.193 ; control:MODULO_CONTROL|base_d[0]                    ; control:MODULO_CONTROL|estado_actual.OCUPADO_LIMITE ; clk_1hz_int  ; clk_1hz_int ; 1.000        ; -0.072     ; 2.116      ;
; -1.190 ; control:MODULO_CONTROL|base_u[3]                    ; control:MODULO_CONTROL|base_d[0]                    ; clk_1hz_int  ; clk_1hz_int ; 1.000        ; -0.061     ; 2.124      ;
; -1.188 ; control:MODULO_CONTROL|base_d[0]                    ; control:MODULO_CONTROL|estado_actual.EXCESO_TIEMPO  ; clk_1hz_int  ; clk_1hz_int ; 1.000        ; -0.072     ; 2.111      ;
; -1.187 ; control:MODULO_CONTROL|base_u[0]                    ; control:MODULO_CONTROL|base_d[0]                    ; clk_1hz_int  ; clk_1hz_int ; 1.000        ; -0.061     ; 2.121      ;
; -1.186 ; control:MODULO_CONTROL|base_d[3]                    ; control:MODULO_CONTROL|estado_actual.EXCESO_TIEMPO  ; clk_1hz_int  ; clk_1hz_int ; 1.000        ; -0.072     ; 2.109      ;
; -1.184 ; control:MODULO_CONTROL|base_u[0]                    ; control:MODULO_CONTROL|base_u[1]                    ; clk_1hz_int  ; clk_1hz_int ; 1.000        ; -0.061     ; 2.118      ;
; -1.184 ; control:MODULO_CONTROL|base_u[0]                    ; control:MODULO_CONTROL|base_u[2]                    ; clk_1hz_int  ; clk_1hz_int ; 1.000        ; -0.061     ; 2.118      ;
; -1.183 ; control:MODULO_CONTROL|extra_u[1]                   ; control:MODULO_CONTROL|extra_u[3]                   ; clk_1hz_int  ; clk_1hz_int ; 1.000        ; -0.061     ; 2.117      ;
; -1.182 ; control:MODULO_CONTROL|base_u[0]                    ; control:MODULO_CONTROL|base_u[3]                    ; clk_1hz_int  ; clk_1hz_int ; 1.000        ; -0.061     ; 2.116      ;
; -1.181 ; control:MODULO_CONTROL|extra_u[1]                   ; control:MODULO_CONTROL|extra_u[1]                   ; clk_1hz_int  ; clk_1hz_int ; 1.000        ; -0.061     ; 2.115      ;
; -1.170 ; control:MODULO_CONTROL|base_u[3]                    ; control:MODULO_CONTROL|estado_actual.OCUPADO_LIMITE ; clk_1hz_int  ; clk_1hz_int ; 1.000        ; -0.072     ; 2.093      ;
; -1.168 ; control:MODULO_CONTROL|extra_u[0]                   ; control:MODULO_CONTROL|extra_d[3]                   ; clk_1hz_int  ; clk_1hz_int ; 1.000        ; -0.061     ; 2.102      ;
; -1.167 ; control:MODULO_CONTROL|extra_u[0]                   ; control:MODULO_CONTROL|extra_d[1]                   ; clk_1hz_int  ; clk_1hz_int ; 1.000        ; -0.061     ; 2.101      ;
; -1.166 ; control:MODULO_CONTROL|base_u[3]                    ; control:MODULO_CONTROL|base_d[3]                    ; clk_1hz_int  ; clk_1hz_int ; 1.000        ; -0.061     ; 2.100      ;
; -1.165 ; control:MODULO_CONTROL|extra_u[0]                   ; control:MODULO_CONTROL|extra_d[2]                   ; clk_1hz_int  ; clk_1hz_int ; 1.000        ; -0.061     ; 2.099      ;
; -1.163 ; control:MODULO_CONTROL|base_u[0]                    ; control:MODULO_CONTROL|base_d[3]                    ; clk_1hz_int  ; clk_1hz_int ; 1.000        ; -0.061     ; 2.097      ;
; -1.161 ; control:MODULO_CONTROL|base_u[3]                    ; control:MODULO_CONTROL|estado_actual.EXCESO_TIEMPO  ; clk_1hz_int  ; clk_1hz_int ; 1.000        ; -0.072     ; 2.084      ;
; -1.144 ; control:MODULO_CONTROL|base_d[1]                    ; control:MODULO_CONTROL|base_u[0]                    ; clk_1hz_int  ; clk_1hz_int ; 1.000        ; -0.448     ; 1.691      ;
; -1.134 ; control:MODULO_CONTROL|base_u[2]                    ; control:MODULO_CONTROL|estado_actual.OCUPADO_LIMITE ; clk_1hz_int  ; clk_1hz_int ; 1.000        ; -0.072     ; 2.057      ;
; -1.133 ; control:MODULO_CONTROL|estado_actual.OCUPADO_LIMITE ; control:MODULO_CONTROL|base_d[3]                    ; clk_1hz_int  ; clk_1hz_int ; 1.000        ; -0.050     ; 2.078      ;
; -1.129 ; control:MODULO_CONTROL|base_u[2]                    ; control:MODULO_CONTROL|estado_actual.EXCESO_TIEMPO  ; clk_1hz_int  ; clk_1hz_int ; 1.000        ; -0.072     ; 2.052      ;
; -1.127 ; control:MODULO_CONTROL|estado_actual.OCUPADO_LIMITE ; control:MODULO_CONTROL|base_u[3]                    ; clk_1hz_int  ; clk_1hz_int ; 1.000        ; -0.050     ; 2.072      ;
; -1.124 ; control:MODULO_CONTROL|estado_actual.OCUPADO_LIMITE ; control:MODULO_CONTROL|base_u[1]                    ; clk_1hz_int  ; clk_1hz_int ; 1.000        ; -0.050     ; 2.069      ;
; -1.116 ; control:MODULO_CONTROL|base_u[0]                    ; control:MODULO_CONTROL|estado_actual.OCUPADO_LIMITE ; clk_1hz_int  ; clk_1hz_int ; 1.000        ; -0.072     ; 2.039      ;
; -1.111 ; control:MODULO_CONTROL|base_u[0]                    ; control:MODULO_CONTROL|estado_actual.EXCESO_TIEMPO  ; clk_1hz_int  ; clk_1hz_int ; 1.000        ; -0.072     ; 2.034      ;
; -1.111 ; control:MODULO_CONTROL|extra_d[1]                   ; control:MODULO_CONTROL|extra_d[3]                   ; clk_1hz_int  ; clk_1hz_int ; 1.000        ; -0.061     ; 2.045      ;
; -1.110 ; control:MODULO_CONTROL|extra_d[1]                   ; control:MODULO_CONTROL|extra_d[1]                   ; clk_1hz_int  ; clk_1hz_int ; 1.000        ; -0.061     ; 2.044      ;
; -1.108 ; control:MODULO_CONTROL|extra_d[1]                   ; control:MODULO_CONTROL|extra_d[2]                   ; clk_1hz_int  ; clk_1hz_int ; 1.000        ; -0.061     ; 2.042      ;
; -1.091 ; control:MODULO_CONTROL|base_d[1]                    ; control:MODULO_CONTROL|base_d[3]                    ; clk_1hz_int  ; clk_1hz_int ; 1.000        ; -0.448     ; 1.638      ;
; -1.088 ; control:MODULO_CONTROL|extra_d[3]                   ; control:MODULO_CONTROL|extra_d[2]                   ; clk_1hz_int  ; clk_1hz_int ; 1.000        ; -0.061     ; 2.022      ;
; -1.088 ; control:MODULO_CONTROL|extra_d[3]                   ; control:MODULO_CONTROL|extra_d[3]                   ; clk_1hz_int  ; clk_1hz_int ; 1.000        ; -0.061     ; 2.022      ;
; -1.085 ; control:MODULO_CONTROL|extra_d[3]                   ; control:MODULO_CONTROL|extra_d[1]                   ; clk_1hz_int  ; clk_1hz_int ; 1.000        ; -0.061     ; 2.019      ;
; -1.083 ; control:MODULO_CONTROL|base_u[1]                    ; control:MODULO_CONTROL|base_d[1]                    ; clk_1hz_int  ; clk_1hz_int ; 1.000        ; 0.310      ; 2.388      ;
; -1.068 ; control:MODULO_CONTROL|base_u[1]                    ; control:MODULO_CONTROL|base_d[0]                    ; clk_1hz_int  ; clk_1hz_int ; 1.000        ; -0.061     ; 2.002      ;
; -1.062 ; control:MODULO_CONTROL|base_u[1]                    ; control:MODULO_CONTROL|base_d[3]                    ; clk_1hz_int  ; clk_1hz_int ; 1.000        ; -0.061     ; 1.996      ;
; -1.047 ; control:MODULO_CONTROL|extra_u[3]                   ; control:MODULO_CONTROL|extra_d[3]                   ; clk_1hz_int  ; clk_1hz_int ; 1.000        ; -0.061     ; 1.981      ;
; -1.046 ; control:MODULO_CONTROL|extra_u[3]                   ; control:MODULO_CONTROL|extra_d[1]                   ; clk_1hz_int  ; clk_1hz_int ; 1.000        ; -0.061     ; 1.980      ;
; -1.044 ; control:MODULO_CONTROL|extra_u[3]                   ; control:MODULO_CONTROL|extra_d[2]                   ; clk_1hz_int  ; clk_1hz_int ; 1.000        ; -0.061     ; 1.978      ;
; -1.039 ; control:MODULO_CONTROL|extra_u[0]                   ; control:MODULO_CONTROL|extra_u[3]                   ; clk_1hz_int  ; clk_1hz_int ; 1.000        ; -0.061     ; 1.973      ;
; -1.038 ; control:MODULO_CONTROL|extra_u[0]                   ; control:MODULO_CONTROL|extra_u[1]                   ; clk_1hz_int  ; clk_1hz_int ; 1.000        ; -0.061     ; 1.972      ;
; -0.996 ; control:MODULO_CONTROL|base_d[1]                    ; control:MODULO_CONTROL|base_d[2]                    ; clk_1hz_int  ; clk_1hz_int ; 1.000        ; -0.448     ; 1.543      ;
; -0.957 ; control:MODULO_CONTROL|base_d[2]                    ; control:MODULO_CONTROL|base_u[0]                    ; clk_1hz_int  ; clk_1hz_int ; 1.000        ; -0.061     ; 1.891      ;
; -0.945 ; control:MODULO_CONTROL|base_d[0]                    ; control:MODULO_CONTROL|base_u[0]                    ; clk_1hz_int  ; clk_1hz_int ; 1.000        ; -0.061     ; 1.879      ;
; -0.944 ; control:MODULO_CONTROL|base_u[1]                    ; control:MODULO_CONTROL|base_u[0]                    ; clk_1hz_int  ; clk_1hz_int ; 1.000        ; -0.061     ; 1.878      ;
; -0.942 ; control:MODULO_CONTROL|extra_d[2]                   ; control:MODULO_CONTROL|extra_d[3]                   ; clk_1hz_int  ; clk_1hz_int ; 1.000        ; -0.061     ; 1.876      ;
; -0.941 ; control:MODULO_CONTROL|extra_d[2]                   ; control:MODULO_CONTROL|extra_d[1]                   ; clk_1hz_int  ; clk_1hz_int ; 1.000        ; -0.061     ; 1.875      ;
; -0.939 ; control:MODULO_CONTROL|base_d[0]                    ; control:MODULO_CONTROL|base_d[2]                    ; clk_1hz_int  ; clk_1hz_int ; 1.000        ; -0.061     ; 1.873      ;
; -0.939 ; control:MODULO_CONTROL|extra_d[2]                   ; control:MODULO_CONTROL|extra_d[2]                   ; clk_1hz_int  ; clk_1hz_int ; 1.000        ; -0.061     ; 1.873      ;
; -0.937 ; control:MODULO_CONTROL|base_u[2]                    ; control:MODULO_CONTROL|base_d[1]                    ; clk_1hz_int  ; clk_1hz_int ; 1.000        ; 0.310      ; 2.242      ;
; -0.929 ; control:MODULO_CONTROL|extra_u[1]                   ; control:MODULO_CONTROL|extra_d[0]                   ; clk_1hz_int  ; clk_1hz_int ; 1.000        ; -0.061     ; 1.863      ;
; -0.928 ; control:MODULO_CONTROL|base_d[3]                    ; control:MODULO_CONTROL|base_u[0]                    ; clk_1hz_int  ; clk_1hz_int ; 1.000        ; -0.061     ; 1.862      ;
; -0.924 ; control:MODULO_CONTROL|extra_u[2]                   ; control:MODULO_CONTROL|extra_d[2]                   ; clk_1hz_int  ; clk_1hz_int ; 1.000        ; -0.061     ; 1.858      ;
; -0.924 ; control:MODULO_CONTROL|extra_u[2]                   ; control:MODULO_CONTROL|extra_d[3]                   ; clk_1hz_int  ; clk_1hz_int ; 1.000        ; -0.061     ; 1.858      ;
; -0.921 ; control:MODULO_CONTROL|extra_u[2]                   ; control:MODULO_CONTROL|extra_d[1]                   ; clk_1hz_int  ; clk_1hz_int ; 1.000        ; -0.061     ; 1.855      ;
; -0.917 ; control:MODULO_CONTROL|extra_u[3]                   ; control:MODULO_CONTROL|extra_u[1]                   ; clk_1hz_int  ; clk_1hz_int ; 1.000        ; -0.061     ; 1.851      ;
; -0.916 ; control:MODULO_CONTROL|extra_u[3]                   ; control:MODULO_CONTROL|extra_u[3]                   ; clk_1hz_int  ; clk_1hz_int ; 1.000        ; -0.061     ; 1.850      ;
; -0.908 ; control:MODULO_CONTROL|extra_d[0]                   ; control:MODULO_CONTROL|extra_d[2]                   ; clk_1hz_int  ; clk_1hz_int ; 1.000        ; -0.061     ; 1.842      ;
; -0.908 ; control:MODULO_CONTROL|extra_d[0]                   ; control:MODULO_CONTROL|extra_d[3]                   ; clk_1hz_int  ; clk_1hz_int ; 1.000        ; -0.061     ; 1.842      ;
; -0.908 ; control:MODULO_CONTROL|base_u[3]                    ; control:MODULO_CONTROL|base_u[0]                    ; clk_1hz_int  ; clk_1hz_int ; 1.000        ; -0.061     ; 1.842      ;
; -0.905 ; control:MODULO_CONTROL|extra_d[0]                   ; control:MODULO_CONTROL|extra_d[1]                   ; clk_1hz_int  ; clk_1hz_int ; 1.000        ; -0.061     ; 1.839      ;
; -0.904 ; control:MODULO_CONTROL|base_u[2]                    ; control:MODULO_CONTROL|base_d[0]                    ; clk_1hz_int  ; clk_1hz_int ; 1.000        ; -0.061     ; 1.838      ;
; -0.901 ; control:MODULO_CONTROL|estado_actual.OCUPADO_LIMITE ; control:MODULO_CONTROL|base_d[1]                    ; clk_1hz_int  ; clk_1hz_int ; 1.000        ; 0.321      ; 2.217      ;
+--------+-----------------------------------------------------+-----------------------------------------------------+--------------+-------------+--------------+------------+------------+


+------------------------------------------------------------------------------------------------------------+
; Slow 1200mV 85C Model Hold: 'clk_50mhz'                                                                    ;
+--------+--------------+--------------+--------------+-------------+--------------+------------+------------+
; Slack  ; From Node    ; To Node      ; Launch Clock ; Latch Clock ; Relationship ; Clock Skew ; Data Delay ;
+--------+--------------+--------------+--------------+-------------+--------------+------------+------------+
; -0.126 ; clk_1hz_int  ; clk_1hz_int  ; clk_1hz_int  ; clk_50mhz   ; 0.000        ; 2.433      ; 2.693      ;
; 0.451  ; clk_1hz_int  ; clk_1hz_int  ; clk_1hz_int  ; clk_50mhz   ; -0.500       ; 2.433      ; 2.770      ;
; 0.556  ; cont_clk[9]  ; cont_clk[9]  ; clk_50mhz    ; clk_50mhz   ; 0.000        ; 0.062      ; 0.775      ;
; 0.559  ; cont_clk[8]  ; cont_clk[8]  ; clk_50mhz    ; clk_50mhz   ; 0.000        ; 0.062      ; 0.778      ;
; 0.560  ; cont_clk[10] ; cont_clk[10] ; clk_50mhz    ; clk_50mhz   ; 0.000        ; 0.062      ; 0.779      ;
; 0.568  ; cont_clk[15] ; cont_clk[15] ; clk_50mhz    ; clk_50mhz   ; 0.000        ; 0.062      ; 0.787      ;
; 0.569  ; cont_clk[1]  ; cont_clk[1]  ; clk_50mhz    ; clk_50mhz   ; 0.000        ; 0.062      ; 0.788      ;
; 0.569  ; cont_clk[7]  ; cont_clk[7]  ; clk_50mhz    ; clk_50mhz   ; 0.000        ; 0.062      ; 0.788      ;
; 0.569  ; cont_clk[17] ; cont_clk[17] ; clk_50mhz    ; clk_50mhz   ; 0.000        ; 0.062      ; 0.788      ;
; 0.569  ; cont_clk[23] ; cont_clk[23] ; clk_50mhz    ; clk_50mhz   ; 0.000        ; 0.062      ; 0.788      ;
; 0.570  ; cont_clk[2]  ; cont_clk[2]  ; clk_50mhz    ; clk_50mhz   ; 0.000        ; 0.062      ; 0.789      ;
; 0.571  ; cont_clk[3]  ; cont_clk[3]  ; clk_50mhz    ; clk_50mhz   ; 0.000        ; 0.062      ; 0.790      ;
; 0.571  ; cont_clk[5]  ; cont_clk[5]  ; clk_50mhz    ; clk_50mhz   ; 0.000        ; 0.062      ; 0.790      ;
; 0.573  ; cont_clk[4]  ; cont_clk[4]  ; clk_50mhz    ; clk_50mhz   ; 0.000        ; 0.062      ; 0.792      ;
; 0.831  ; cont_clk[9]  ; cont_clk[10] ; clk_50mhz    ; clk_50mhz   ; 0.000        ; 0.062      ; 1.050      ;
; 0.844  ; cont_clk[7]  ; cont_clk[8]  ; clk_50mhz    ; clk_50mhz   ; 0.000        ; 0.062      ; 1.063      ;
; 0.844  ; cont_clk[1]  ; cont_clk[2]  ; clk_50mhz    ; clk_50mhz   ; 0.000        ; 0.062      ; 1.063      ;
; 0.845  ; cont_clk[3]  ; cont_clk[4]  ; clk_50mhz    ; clk_50mhz   ; 0.000        ; 0.062      ; 1.064      ;
; 0.846  ; cont_clk[8]  ; cont_clk[9]  ; clk_50mhz    ; clk_50mhz   ; 0.000        ; 0.062      ; 1.065      ;
; 0.848  ; cont_clk[8]  ; cont_clk[10] ; clk_50mhz    ; clk_50mhz   ; 0.000        ; 0.062      ; 1.067      ;
; 0.858  ; cont_clk[22] ; cont_clk[23] ; clk_50mhz    ; clk_50mhz   ; 0.000        ; 0.062      ; 1.077      ;
; 0.858  ; cont_clk[2]  ; cont_clk[3]  ; clk_50mhz    ; clk_50mhz   ; 0.000        ; 0.062      ; 1.077      ;
; 0.859  ; cont_clk[0]  ; cont_clk[1]  ; clk_50mhz    ; clk_50mhz   ; 0.000        ; 0.062      ; 1.078      ;
; 0.860  ; cont_clk[4]  ; cont_clk[5]  ; clk_50mhz    ; clk_50mhz   ; 0.000        ; 0.062      ; 1.079      ;
; 0.860  ; cont_clk[2]  ; cont_clk[4]  ; clk_50mhz    ; clk_50mhz   ; 0.000        ; 0.062      ; 1.079      ;
; 0.861  ; cont_clk[0]  ; cont_clk[2]  ; clk_50mhz    ; clk_50mhz   ; 0.000        ; 0.062      ; 1.080      ;
; 0.862  ; cont_clk[22] ; cont_clk[22] ; clk_50mhz    ; clk_50mhz   ; 0.000        ; 0.062      ; 1.081      ;
; 0.862  ; cont_clk[6]  ; cont_clk[7]  ; clk_50mhz    ; clk_50mhz   ; 0.000        ; 0.062      ; 1.081      ;
; 0.863  ; cont_clk[20] ; cont_clk[20] ; clk_50mhz    ; clk_50mhz   ; 0.000        ; 0.062      ; 1.082      ;
; 0.863  ; cont_clk[21] ; cont_clk[21] ; clk_50mhz    ; clk_50mhz   ; 0.000        ; 0.062      ; 1.082      ;
; 0.864  ; cont_clk[6]  ; cont_clk[8]  ; clk_50mhz    ; clk_50mhz   ; 0.000        ; 0.062      ; 1.083      ;
; 0.928  ; cont_clk[23] ; cont_clk[24] ; clk_50mhz    ; clk_50mhz   ; 0.000        ; 0.429      ; 1.514      ;
; 0.944  ; cont_clk[22] ; cont_clk[24] ; clk_50mhz    ; clk_50mhz   ; 0.000        ; 0.429      ; 1.530      ;
; 0.953  ; cont_clk[15] ; cont_clk[17] ; clk_50mhz    ; clk_50mhz   ; 0.000        ; 0.062      ; 1.172      ;
; 0.954  ; cont_clk[7]  ; cont_clk[9]  ; clk_50mhz    ; clk_50mhz   ; 0.000        ; 0.062      ; 1.173      ;
; 0.954  ; cont_clk[1]  ; cont_clk[3]  ; clk_50mhz    ; clk_50mhz   ; 0.000        ; 0.062      ; 1.173      ;
; 0.955  ; cont_clk[21] ; cont_clk[23] ; clk_50mhz    ; clk_50mhz   ; 0.000        ; 0.062      ; 1.174      ;
; 0.955  ; cont_clk[3]  ; cont_clk[5]  ; clk_50mhz    ; clk_50mhz   ; 0.000        ; 0.062      ; 1.174      ;
; 0.955  ; cont_clk[5]  ; cont_clk[7]  ; clk_50mhz    ; clk_50mhz   ; 0.000        ; 0.062      ; 1.174      ;
; 0.956  ; cont_clk[7]  ; cont_clk[10] ; clk_50mhz    ; clk_50mhz   ; 0.000        ; 0.062      ; 1.175      ;
; 0.956  ; cont_clk[1]  ; cont_clk[4]  ; clk_50mhz    ; clk_50mhz   ; 0.000        ; 0.062      ; 1.175      ;
; 0.957  ; cont_clk[5]  ; cont_clk[8]  ; clk_50mhz    ; clk_50mhz   ; 0.000        ; 0.062      ; 1.176      ;
; 0.961  ; cont_clk[11] ; cont_clk[11] ; clk_50mhz    ; clk_50mhz   ; 0.000        ; 0.062      ; 1.180      ;
; 0.970  ; cont_clk[2]  ; cont_clk[5]  ; clk_50mhz    ; clk_50mhz   ; 0.000        ; 0.062      ; 1.189      ;
; 0.971  ; cont_clk[0]  ; cont_clk[3]  ; clk_50mhz    ; clk_50mhz   ; 0.000        ; 0.062      ; 1.190      ;
; 0.971  ; cont_clk[20] ; cont_clk[23] ; clk_50mhz    ; clk_50mhz   ; 0.000        ; 0.062      ; 1.190      ;
; 0.972  ; cont_clk[4]  ; cont_clk[7]  ; clk_50mhz    ; clk_50mhz   ; 0.000        ; 0.062      ; 1.191      ;
; 0.973  ; cont_clk[0]  ; cont_clk[4]  ; clk_50mhz    ; clk_50mhz   ; 0.000        ; 0.062      ; 1.192      ;
; 0.974  ; cont_clk[6]  ; cont_clk[9]  ; clk_50mhz    ; clk_50mhz   ; 0.000        ; 0.062      ; 1.193      ;
; 0.974  ; cont_clk[4]  ; cont_clk[8]  ; clk_50mhz    ; clk_50mhz   ; 0.000        ; 0.062      ; 1.193      ;
; 0.976  ; cont_clk[6]  ; cont_clk[10] ; clk_50mhz    ; clk_50mhz   ; 0.000        ; 0.062      ; 1.195      ;
; 1.007  ; cont_clk[0]  ; cont_clk[0]  ; clk_50mhz    ; clk_50mhz   ; 0.000        ; 0.062      ; 1.226      ;
; 1.015  ; cont_clk[16] ; cont_clk[17] ; clk_50mhz    ; clk_50mhz   ; 0.000        ; 0.061      ; 1.233      ;
; 1.026  ; cont_clk[14] ; cont_clk[15] ; clk_50mhz    ; clk_50mhz   ; 0.000        ; 0.061      ; 1.244      ;
; 1.041  ; cont_clk[21] ; cont_clk[24] ; clk_50mhz    ; clk_50mhz   ; 0.000        ; 0.429      ; 1.627      ;
; 1.048  ; cont_clk[6]  ; cont_clk[6]  ; clk_50mhz    ; clk_50mhz   ; 0.000        ; 0.062      ; 1.267      ;
; 1.057  ; cont_clk[20] ; cont_clk[24] ; clk_50mhz    ; clk_50mhz   ; 0.000        ; 0.429      ; 1.643      ;
; 1.059  ; cont_clk[11] ; cont_clk[15] ; clk_50mhz    ; clk_50mhz   ; 0.000        ; 0.061      ; 1.277      ;
; 1.066  ; cont_clk[1]  ; cont_clk[5]  ; clk_50mhz    ; clk_50mhz   ; 0.000        ; 0.062      ; 1.285      ;
; 1.067  ; cont_clk[3]  ; cont_clk[7]  ; clk_50mhz    ; clk_50mhz   ; 0.000        ; 0.062      ; 1.286      ;
; 1.067  ; cont_clk[5]  ; cont_clk[9]  ; clk_50mhz    ; clk_50mhz   ; 0.000        ; 0.062      ; 1.286      ;
; 1.069  ; cont_clk[3]  ; cont_clk[8]  ; clk_50mhz    ; clk_50mhz   ; 0.000        ; 0.062      ; 1.288      ;
; 1.069  ; cont_clk[5]  ; cont_clk[10] ; clk_50mhz    ; clk_50mhz   ; 0.000        ; 0.062      ; 1.288      ;
; 1.072  ; cont_clk[10] ; cont_clk[15] ; clk_50mhz    ; clk_50mhz   ; 0.000        ; 0.061      ; 1.290      ;
; 1.082  ; cont_clk[2]  ; cont_clk[7]  ; clk_50mhz    ; clk_50mhz   ; 0.000        ; 0.062      ; 1.301      ;
; 1.083  ; cont_clk[0]  ; cont_clk[5]  ; clk_50mhz    ; clk_50mhz   ; 0.000        ; 0.062      ; 1.302      ;
; 1.084  ; cont_clk[4]  ; cont_clk[9]  ; clk_50mhz    ; clk_50mhz   ; 0.000        ; 0.062      ; 1.303      ;
; 1.084  ; cont_clk[2]  ; cont_clk[8]  ; clk_50mhz    ; clk_50mhz   ; 0.000        ; 0.062      ; 1.303      ;
; 1.086  ; cont_clk[4]  ; cont_clk[10] ; clk_50mhz    ; clk_50mhz   ; 0.000        ; 0.062      ; 1.305      ;
; 1.089  ; cont_clk[13] ; cont_clk[15] ; clk_50mhz    ; clk_50mhz   ; 0.000        ; 0.061      ; 1.307      ;
; 1.107  ; cont_clk[12] ; cont_clk[15] ; clk_50mhz    ; clk_50mhz   ; 0.000        ; 0.061      ; 1.325      ;
; 1.137  ; cont_clk[21] ; cont_clk[22] ; clk_50mhz    ; clk_50mhz   ; 0.000        ; 0.062      ; 1.356      ;
; 1.138  ; cont_clk[13] ; cont_clk[13] ; clk_50mhz    ; clk_50mhz   ; 0.000        ; 0.062      ; 1.357      ;
; 1.138  ; cont_clk[14] ; cont_clk[17] ; clk_50mhz    ; clk_50mhz   ; 0.000        ; 0.061      ; 1.356      ;
; 1.144  ; cont_clk[24] ; cont_clk[24] ; clk_50mhz    ; clk_50mhz   ; 0.000        ; 0.076      ; 1.377      ;
; 1.151  ; cont_clk[17] ; cont_clk[19] ; clk_50mhz    ; clk_50mhz   ; 0.000        ; 0.429      ; 1.737      ;
; 1.152  ; cont_clk[20] ; cont_clk[21] ; clk_50mhz    ; clk_50mhz   ; 0.000        ; 0.062      ; 1.371      ;
; 1.153  ; cont_clk[20] ; cont_clk[22] ; clk_50mhz    ; clk_50mhz   ; 0.000        ; 0.062      ; 1.372      ;
; 1.166  ; cont_clk[9]  ; cont_clk[15] ; clk_50mhz    ; clk_50mhz   ; 0.000        ; 0.061      ; 1.384      ;
; 1.171  ; cont_clk[11] ; cont_clk[17] ; clk_50mhz    ; clk_50mhz   ; 0.000        ; 0.061      ; 1.389      ;
; 1.178  ; cont_clk[17] ; cont_clk[23] ; clk_50mhz    ; clk_50mhz   ; 0.000        ; 0.062      ; 1.397      ;
; 1.178  ; cont_clk[1]  ; cont_clk[7]  ; clk_50mhz    ; clk_50mhz   ; 0.000        ; 0.062      ; 1.397      ;
; 1.179  ; cont_clk[3]  ; cont_clk[9]  ; clk_50mhz    ; clk_50mhz   ; 0.000        ; 0.062      ; 1.398      ;
; 1.180  ; cont_clk[1]  ; cont_clk[8]  ; clk_50mhz    ; clk_50mhz   ; 0.000        ; 0.062      ; 1.399      ;
; 1.181  ; cont_clk[3]  ; cont_clk[10] ; clk_50mhz    ; clk_50mhz   ; 0.000        ; 0.062      ; 1.400      ;
; 1.183  ; cont_clk[8]  ; cont_clk[15] ; clk_50mhz    ; clk_50mhz   ; 0.000        ; 0.061      ; 1.401      ;
; 1.184  ; cont_clk[10] ; cont_clk[17] ; clk_50mhz    ; clk_50mhz   ; 0.000        ; 0.061      ; 1.402      ;
; 1.187  ; cont_clk[18] ; cont_clk[19] ; clk_50mhz    ; clk_50mhz   ; 0.000        ; 0.428      ; 1.772      ;
; 1.192  ; cont_clk[14] ; cont_clk[14] ; clk_50mhz    ; clk_50mhz   ; 0.000        ; 0.062      ; 1.411      ;
; 1.194  ; cont_clk[2]  ; cont_clk[9]  ; clk_50mhz    ; clk_50mhz   ; 0.000        ; 0.062      ; 1.413      ;
; 1.195  ; cont_clk[0]  ; cont_clk[7]  ; clk_50mhz    ; clk_50mhz   ; 0.000        ; 0.062      ; 1.414      ;
; 1.196  ; cont_clk[2]  ; cont_clk[10] ; clk_50mhz    ; clk_50mhz   ; 0.000        ; 0.062      ; 1.415      ;
; 1.197  ; cont_clk[0]  ; cont_clk[8]  ; clk_50mhz    ; clk_50mhz   ; 0.000        ; 0.062      ; 1.416      ;
; 1.201  ; cont_clk[13] ; cont_clk[17] ; clk_50mhz    ; clk_50mhz   ; 0.000        ; 0.061      ; 1.419      ;
; 1.214  ; cont_clk[18] ; cont_clk[23] ; clk_50mhz    ; clk_50mhz   ; 0.000        ; 0.061      ; 1.432      ;
; 1.219  ; cont_clk[12] ; cont_clk[17] ; clk_50mhz    ; clk_50mhz   ; 0.000        ; 0.061      ; 1.437      ;
; 1.247  ; cont_clk[10] ; cont_clk[11] ; clk_50mhz    ; clk_50mhz   ; 0.000        ; 0.062      ; 1.466      ;
; 1.248  ; cont_clk[17] ; cont_clk[20] ; clk_50mhz    ; clk_50mhz   ; 0.000        ; 0.062      ; 1.467      ;
; 1.262  ; cont_clk[15] ; cont_clk[19] ; clk_50mhz    ; clk_50mhz   ; 0.000        ; 0.429      ; 1.848      ;
; 1.264  ; cont_clk[17] ; cont_clk[24] ; clk_50mhz    ; clk_50mhz   ; 0.000        ; 0.429      ; 1.850      ;
+--------+--------------+--------------+--------------+-------------+--------------+------------+------------+


+-----------------------------------------------------------------------------------------------------------------------------------------------------------------------------------------+
; Slow 1200mV 85C Model Hold: 'clk_1hz_int'                                                                                                                                               ;
+-------+-----------------------------------------------------+-----------------------------------------------------+--------------+-------------+--------------+------------+------------+
; Slack ; From Node                                           ; To Node                                             ; Launch Clock ; Latch Clock ; Relationship ; Clock Skew ; Data Delay ;
+-------+-----------------------------------------------------+-----------------------------------------------------+--------------+-------------+--------------+------------+------------+
; 0.343 ; control:MODULO_CONTROL|base_d[1]                    ; control:MODULO_CONTROL|base_d[1]                    ; clk_1hz_int  ; clk_1hz_int ; 0.000        ; 0.077      ; 0.577      ;
; 0.359 ; control:MODULO_CONTROL|estado_actual.LIBRE          ; control:MODULO_CONTROL|estado_actual.LIBRE          ; clk_1hz_int  ; clk_1hz_int ; 0.000        ; 0.061      ; 0.577      ;
; 0.359 ; control:MODULO_CONTROL|base_u[0]                    ; control:MODULO_CONTROL|base_u[0]                    ; clk_1hz_int  ; clk_1hz_int ; 0.000        ; 0.061      ; 0.577      ;
; 0.359 ; control:MODULO_CONTROL|base_u[1]                    ; control:MODULO_CONTROL|base_u[1]                    ; clk_1hz_int  ; clk_1hz_int ; 0.000        ; 0.061      ; 0.577      ;
; 0.359 ; control:MODULO_CONTROL|base_u[3]                    ; control:MODULO_CONTROL|base_u[3]                    ; clk_1hz_int  ; clk_1hz_int ; 0.000        ; 0.061      ; 0.577      ;
; 0.359 ; control:MODULO_CONTROL|base_d[0]                    ; control:MODULO_CONTROL|base_d[0]                    ; clk_1hz_int  ; clk_1hz_int ; 0.000        ; 0.061      ; 0.577      ;
; 0.359 ; control:MODULO_CONTROL|base_d[2]                    ; control:MODULO_CONTROL|base_d[2]                    ; clk_1hz_int  ; clk_1hz_int ; 0.000        ; 0.061      ; 0.577      ;
; 0.359 ; control:MODULO_CONTROL|base_d[3]                    ; control:MODULO_CONTROL|base_d[3]                    ; clk_1hz_int  ; clk_1hz_int ; 0.000        ; 0.061      ; 0.577      ;
; 0.359 ; control:MODULO_CONTROL|base_u[2]                    ; control:MODULO_CONTROL|base_u[2]                    ; clk_1hz_int  ; clk_1hz_int ; 0.000        ; 0.061      ; 0.577      ;
; 0.359 ; control:MODULO_CONTROL|estado_actual.EXCESO_TIEMPO  ; control:MODULO_CONTROL|estado_actual.EXCESO_TIEMPO  ; clk_1hz_int  ; clk_1hz_int ; 0.000        ; 0.061      ; 0.577      ;
; 0.359 ; control:MODULO_CONTROL|alarma_led                   ; control:MODULO_CONTROL|alarma_led                   ; clk_1hz_int  ; clk_1hz_int ; 0.000        ; 0.061      ; 0.577      ;
; 0.359 ; control:MODULO_CONTROL|felicita_led                 ; control:MODULO_CONTROL|felicita_led                 ; clk_1hz_int  ; clk_1hz_int ; 0.000        ; 0.061      ; 0.577      ;
; 0.359 ; control:MODULO_CONTROL|extra_u[0]                   ; control:MODULO_CONTROL|extra_u[0]                   ; clk_1hz_int  ; clk_1hz_int ; 0.000        ; 0.061      ; 0.577      ;
; 0.359 ; control:MODULO_CONTROL|extra_u[1]                   ; control:MODULO_CONTROL|extra_u[1]                   ; clk_1hz_int  ; clk_1hz_int ; 0.000        ; 0.061      ; 0.577      ;
; 0.359 ; control:MODULO_CONTROL|extra_u[2]                   ; control:MODULO_CONTROL|extra_u[2]                   ; clk_1hz_int  ; clk_1hz_int ; 0.000        ; 0.061      ; 0.577      ;
; 0.359 ; control:MODULO_CONTROL|extra_u[3]                   ; control:MODULO_CONTROL|extra_u[3]                   ; clk_1hz_int  ; clk_1hz_int ; 0.000        ; 0.061      ; 0.577      ;
; 0.359 ; control:MODULO_CONTROL|extra_d[1]                   ; control:MODULO_CONTROL|extra_d[1]                   ; clk_1hz_int  ; clk_1hz_int ; 0.000        ; 0.061      ; 0.577      ;
; 0.359 ; control:MODULO_CONTROL|extra_d[2]                   ; control:MODULO_CONTROL|extra_d[2]                   ; clk_1hz_int  ; clk_1hz_int ; 0.000        ; 0.061      ; 0.577      ;
; 0.359 ; control:MODULO_CONTROL|extra_d[3]                   ; control:MODULO_CONTROL|extra_d[3]                   ; clk_1hz_int  ; clk_1hz_int ; 0.000        ; 0.061      ; 0.577      ;
; 0.359 ; control:MODULO_CONTROL|extra_d[0]                   ; control:MODULO_CONTROL|extra_d[0]                   ; clk_1hz_int  ; clk_1hz_int ; 0.000        ; 0.061      ; 0.577      ;
; 0.463 ; control:MODULO_CONTROL|estado_actual.EXCESO_TIEMPO  ; control:MODULO_CONTROL|estado_actual.LIBRE          ; clk_1hz_int  ; clk_1hz_int ; 0.000        ; 0.061      ; 0.681      ;
; 0.590 ; control:MODULO_CONTROL|estado_actual.EXCESO_TIEMPO  ; control:MODULO_CONTROL|alarma_led                   ; clk_1hz_int  ; clk_1hz_int ; 0.000        ; 0.061      ; 0.808      ;
; 0.590 ; control:MODULO_CONTROL|estado_actual.EXCESO_TIEMPO  ; control:MODULO_CONTROL|extra_u[0]                   ; clk_1hz_int  ; clk_1hz_int ; 0.000        ; 0.061      ; 0.808      ;
; 0.642 ; control:MODULO_CONTROL|estado_actual.EXCESO_TIEMPO  ; control:MODULO_CONTROL|extra_d[2]                   ; clk_1hz_int  ; clk_1hz_int ; 0.000        ; 0.061      ; 0.860      ;
; 0.643 ; control:MODULO_CONTROL|estado_actual.OCUPADO_LIMITE ; control:MODULO_CONTROL|extra_d[1]                   ; clk_1hz_int  ; clk_1hz_int ; 0.000        ; 0.061      ; 0.861      ;
; 0.645 ; control:MODULO_CONTROL|estado_actual.EXCESO_TIEMPO  ; control:MODULO_CONTROL|extra_d[3]                   ; clk_1hz_int  ; clk_1hz_int ; 0.000        ; 0.061      ; 0.863      ;
; 0.660 ; control:MODULO_CONTROL|estado_actual.EXCESO_TIEMPO  ; control:MODULO_CONTROL|extra_d[0]                   ; clk_1hz_int  ; clk_1hz_int ; 0.000        ; 0.061      ; 0.878      ;
; 0.660 ; control:MODULO_CONTROL|estado_actual.OCUPADO_LIMITE ; control:MODULO_CONTROL|estado_actual.LIBRE          ; clk_1hz_int  ; clk_1hz_int ; 0.000        ; 0.061      ; 0.878      ;
; 0.700 ; control:MODULO_CONTROL|estado_actual.EXCESO_TIEMPO  ; control:MODULO_CONTROL|estado_actual.OCUPADO_LIMITE ; clk_1hz_int  ; clk_1hz_int ; 0.000        ; 0.061      ; 0.918      ;
; 0.749 ; control:MODULO_CONTROL|estado_actual.LIBRE          ; control:MODULO_CONTROL|estado_actual.EXCESO_TIEMPO  ; clk_1hz_int  ; clk_1hz_int ; 0.000        ; 0.061      ; 0.967      ;
; 0.770 ; control:MODULO_CONTROL|estado_actual.OCUPADO_LIMITE ; control:MODULO_CONTROL|extra_u[0]                   ; clk_1hz_int  ; clk_1hz_int ; 0.000        ; 0.061      ; 0.988      ;
; 0.781 ; control:MODULO_CONTROL|estado_actual.EXCESO_TIEMPO  ; control:MODULO_CONTROL|extra_u[2]                   ; clk_1hz_int  ; clk_1hz_int ; 0.000        ; 0.061      ; 0.999      ;
; 0.784 ; control:MODULO_CONTROL|extra_u[0]                   ; control:MODULO_CONTROL|extra_u[1]                   ; clk_1hz_int  ; clk_1hz_int ; 0.000        ; 0.061      ; 1.002      ;
; 0.798 ; control:MODULO_CONTROL|extra_d[2]                   ; control:MODULO_CONTROL|extra_d[3]                   ; clk_1hz_int  ; clk_1hz_int ; 0.000        ; 0.061      ; 1.016      ;
; 0.809 ; control:MODULO_CONTROL|estado_actual.OCUPADO_LIMITE ; control:MODULO_CONTROL|alarma_led                   ; clk_1hz_int  ; clk_1hz_int ; 0.000        ; 0.061      ; 1.027      ;
; 0.813 ; control:MODULO_CONTROL|extra_d[1]                   ; control:MODULO_CONTROL|extra_d[2]                   ; clk_1hz_int  ; clk_1hz_int ; 0.000        ; 0.061      ; 1.031      ;
; 0.823 ; control:MODULO_CONTROL|estado_actual.OCUPADO_LIMITE ; control:MODULO_CONTROL|felicita_led                 ; clk_1hz_int  ; clk_1hz_int ; 0.000        ; 0.072      ; 1.052      ;
; 0.829 ; control:MODULO_CONTROL|base_u[1]                    ; control:MODULO_CONTROL|base_u[2]                    ; clk_1hz_int  ; clk_1hz_int ; 0.000        ; 0.061      ; 1.047      ;
; 0.897 ; control:MODULO_CONTROL|extra_u[1]                   ; control:MODULO_CONTROL|extra_u[3]                   ; clk_1hz_int  ; clk_1hz_int ; 0.000        ; 0.061      ; 1.115      ;
; 0.905 ; control:MODULO_CONTROL|estado_actual.OCUPADO_LIMITE ; control:MODULO_CONTROL|estado_actual.OCUPADO_LIMITE ; clk_1hz_int  ; clk_1hz_int ; 0.000        ; 0.061      ; 1.123      ;
; 0.906 ; control:MODULO_CONTROL|estado_actual.OCUPADO_LIMITE ; control:MODULO_CONTROL|estado_actual.EXCESO_TIEMPO  ; clk_1hz_int  ; clk_1hz_int ; 0.000        ; 0.061      ; 1.124      ;
; 0.907 ; control:MODULO_CONTROL|estado_actual.EXCESO_TIEMPO  ; control:MODULO_CONTROL|extra_u[1]                   ; clk_1hz_int  ; clk_1hz_int ; 0.000        ; 0.061      ; 1.125      ;
; 0.907 ; control:MODULO_CONTROL|estado_actual.EXCESO_TIEMPO  ; control:MODULO_CONTROL|extra_u[3]                   ; clk_1hz_int  ; clk_1hz_int ; 0.000        ; 0.061      ; 1.125      ;
; 0.923 ; control:MODULO_CONTROL|extra_d[1]                   ; control:MODULO_CONTROL|extra_d[3]                   ; clk_1hz_int  ; clk_1hz_int ; 0.000        ; 0.061      ; 1.141      ;
; 0.925 ; control:MODULO_CONTROL|extra_d[0]                   ; control:MODULO_CONTROL|extra_d[3]                   ; clk_1hz_int  ; clk_1hz_int ; 0.000        ; 0.061      ; 1.143      ;
; 0.926 ; control:MODULO_CONTROL|extra_d[0]                   ; control:MODULO_CONTROL|extra_d[2]                   ; clk_1hz_int  ; clk_1hz_int ; 0.000        ; 0.061      ; 1.144      ;
; 0.930 ; control:MODULO_CONTROL|base_u[0]                    ; control:MODULO_CONTROL|base_u[1]                    ; clk_1hz_int  ; clk_1hz_int ; 0.000        ; 0.061      ; 1.148      ;
; 0.935 ; control:MODULO_CONTROL|estado_actual.EXCESO_TIEMPO  ; control:MODULO_CONTROL|extra_d[1]                   ; clk_1hz_int  ; clk_1hz_int ; 0.000        ; 0.061      ; 1.153      ;
; 0.944 ; control:MODULO_CONTROL|estado_actual.LIBRE          ; control:MODULO_CONTROL|estado_actual.OCUPADO_LIMITE ; clk_1hz_int  ; clk_1hz_int ; 0.000        ; 0.061      ; 1.162      ;
; 0.944 ; control:MODULO_CONTROL|base_u[0]                    ; control:MODULO_CONTROL|base_u[2]                    ; clk_1hz_int  ; clk_1hz_int ; 0.000        ; 0.061      ; 1.162      ;
; 0.946 ; control:MODULO_CONTROL|extra_d[0]                   ; control:MODULO_CONTROL|extra_d[1]                   ; clk_1hz_int  ; clk_1hz_int ; 0.000        ; 0.061      ; 1.164      ;
; 0.970 ; control:MODULO_CONTROL|estado_actual.OCUPADO_LIMITE ; control:MODULO_CONTROL|extra_u[2]                   ; clk_1hz_int  ; clk_1hz_int ; 0.000        ; 0.061      ; 1.188      ;
; 0.971 ; control:MODULO_CONTROL|estado_actual.OCUPADO_LIMITE ; control:MODULO_CONTROL|extra_u[1]                   ; clk_1hz_int  ; clk_1hz_int ; 0.000        ; 0.061      ; 1.189      ;
; 0.971 ; control:MODULO_CONTROL|estado_actual.OCUPADO_LIMITE ; control:MODULO_CONTROL|extra_u[3]                   ; clk_1hz_int  ; clk_1hz_int ; 0.000        ; 0.061      ; 1.189      ;
; 0.979 ; control:MODULO_CONTROL|estado_actual.OCUPADO_LIMITE ; control:MODULO_CONTROL|extra_d[3]                   ; clk_1hz_int  ; clk_1hz_int ; 0.000        ; 0.061      ; 1.197      ;
; 0.980 ; control:MODULO_CONTROL|estado_actual.OCUPADO_LIMITE ; control:MODULO_CONTROL|extra_d[2]                   ; clk_1hz_int  ; clk_1hz_int ; 0.000        ; 0.061      ; 1.198      ;
; 0.989 ; control:MODULO_CONTROL|base_u[2]                    ; control:MODULO_CONTROL|base_d[1]                    ; clk_1hz_int  ; clk_1hz_int ; 0.000        ; 0.448      ; 1.594      ;
; 0.989 ; control:MODULO_CONTROL|estado_actual.OCUPADO_LIMITE ; control:MODULO_CONTROL|extra_d[0]                   ; clk_1hz_int  ; clk_1hz_int ; 0.000        ; 0.061      ; 1.207      ;
; 1.003 ; control:MODULO_CONTROL|base_d[0]                    ; control:MODULO_CONTROL|base_d[1]                    ; clk_1hz_int  ; clk_1hz_int ; 0.000        ; 0.448      ; 1.608      ;
; 1.011 ; control:MODULO_CONTROL|estado_actual.EXCESO_TIEMPO  ; control:MODULO_CONTROL|base_u[2]                    ; clk_1hz_int  ; clk_1hz_int ; 0.000        ; 0.072      ; 1.240      ;
; 1.014 ; control:MODULO_CONTROL|estado_actual.EXCESO_TIEMPO  ; control:MODULO_CONTROL|base_u[0]                    ; clk_1hz_int  ; clk_1hz_int ; 0.000        ; 0.072      ; 1.243      ;
; 1.038 ; control:MODULO_CONTROL|estado_actual.EXCESO_TIEMPO  ; control:MODULO_CONTROL|base_d[0]                    ; clk_1hz_int  ; clk_1hz_int ; 0.000        ; 0.072      ; 1.267      ;
; 1.055 ; control:MODULO_CONTROL|estado_actual.EXCESO_TIEMPO  ; control:MODULO_CONTROL|base_d[3]                    ; clk_1hz_int  ; clk_1hz_int ; 0.000        ; 0.072      ; 1.284      ;
; 1.084 ; control:MODULO_CONTROL|extra_u[0]                   ; control:MODULO_CONTROL|extra_u[2]                   ; clk_1hz_int  ; clk_1hz_int ; 0.000        ; 0.061      ; 1.302      ;
; 1.093 ; control:MODULO_CONTROL|base_u[1]                    ; control:MODULO_CONTROL|base_u[3]                    ; clk_1hz_int  ; clk_1hz_int ; 0.000        ; 0.061      ; 1.311      ;
; 1.112 ; control:MODULO_CONTROL|base_u[1]                    ; control:MODULO_CONTROL|base_d[1]                    ; clk_1hz_int  ; clk_1hz_int ; 0.000        ; 0.448      ; 1.717      ;
; 1.139 ; control:MODULO_CONTROL|estado_actual.OCUPADO_LIMITE ; control:MODULO_CONTROL|base_d[1]                    ; clk_1hz_int  ; clk_1hz_int ; 0.000        ; 0.459      ; 1.755      ;
; 1.159 ; control:MODULO_CONTROL|estado_actual.OCUPADO_LIMITE ; control:MODULO_CONTROL|base_d[0]                    ; clk_1hz_int  ; clk_1hz_int ; 0.000        ; 0.072      ; 1.388      ;
; 1.174 ; control:MODULO_CONTROL|extra_u[2]                   ; control:MODULO_CONTROL|extra_u[3]                   ; clk_1hz_int  ; clk_1hz_int ; 0.000        ; 0.061      ; 1.392      ;
; 1.181 ; control:MODULO_CONTROL|extra_u[2]                   ; control:MODULO_CONTROL|extra_d[0]                   ; clk_1hz_int  ; clk_1hz_int ; 0.000        ; 0.061      ; 1.399      ;
; 1.214 ; control:MODULO_CONTROL|estado_actual.EXCESO_TIEMPO  ; control:MODULO_CONTROL|base_d[1]                    ; clk_1hz_int  ; clk_1hz_int ; 0.000        ; 0.459      ; 1.830      ;
; 1.233 ; control:MODULO_CONTROL|extra_u[1]                   ; control:MODULO_CONTROL|extra_u[2]                   ; clk_1hz_int  ; clk_1hz_int ; 0.000        ; 0.061      ; 1.451      ;
; 1.235 ; control:MODULO_CONTROL|estado_actual.EXCESO_TIEMPO  ; control:MODULO_CONTROL|felicita_led                 ; clk_1hz_int  ; clk_1hz_int ; 0.000        ; 0.072      ; 1.464      ;
; 1.238 ; control:MODULO_CONTROL|base_u[2]                    ; control:MODULO_CONTROL|base_u[3]                    ; clk_1hz_int  ; clk_1hz_int ; 0.000        ; 0.061      ; 1.456      ;
; 1.249 ; control:MODULO_CONTROL|base_u[0]                    ; control:MODULO_CONTROL|base_d[1]                    ; clk_1hz_int  ; clk_1hz_int ; 0.000        ; 0.448      ; 1.854      ;
; 1.255 ; control:MODULO_CONTROL|base_u[3]                    ; control:MODULO_CONTROL|base_d[1]                    ; clk_1hz_int  ; clk_1hz_int ; 0.000        ; 0.448      ; 1.860      ;
; 1.258 ; control:MODULO_CONTROL|extra_d[2]                   ; control:MODULO_CONTROL|extra_d[0]                   ; clk_1hz_int  ; clk_1hz_int ; 0.000        ; 0.061      ; 1.476      ;
; 1.259 ; control:MODULO_CONTROL|estado_actual.EXCESO_TIEMPO  ; control:MODULO_CONTROL|base_d[2]                    ; clk_1hz_int  ; clk_1hz_int ; 0.000        ; 0.072      ; 1.488      ;
; 1.261 ; control:MODULO_CONTROL|base_u[2]                    ; control:MODULO_CONTROL|base_u[1]                    ; clk_1hz_int  ; clk_1hz_int ; 0.000        ; 0.061      ; 1.479      ;
; 1.265 ; control:MODULO_CONTROL|estado_actual.OCUPADO_LIMITE ; control:MODULO_CONTROL|base_u[0]                    ; clk_1hz_int  ; clk_1hz_int ; 0.000        ; 0.072      ; 1.494      ;
; 1.265 ; control:MODULO_CONTROL|estado_actual.OCUPADO_LIMITE ; control:MODULO_CONTROL|base_u[2]                    ; clk_1hz_int  ; clk_1hz_int ; 0.000        ; 0.072      ; 1.494      ;
; 1.287 ; control:MODULO_CONTROL|extra_u[0]                   ; control:MODULO_CONTROL|extra_u[3]                   ; clk_1hz_int  ; clk_1hz_int ; 0.000        ; 0.061      ; 1.505      ;
; 1.290 ; control:MODULO_CONTROL|extra_d[3]                   ; control:MODULO_CONTROL|extra_d[0]                   ; clk_1hz_int  ; clk_1hz_int ; 0.000        ; 0.061      ; 1.508      ;
; 1.293 ; control:MODULO_CONTROL|extra_u[3]                   ; control:MODULO_CONTROL|extra_d[0]                   ; clk_1hz_int  ; clk_1hz_int ; 0.000        ; 0.061      ; 1.511      ;
; 1.297 ; control:MODULO_CONTROL|base_d[0]                    ; control:MODULO_CONTROL|base_d[3]                    ; clk_1hz_int  ; clk_1hz_int ; 0.000        ; 0.061      ; 1.515      ;
; 1.298 ; control:MODULO_CONTROL|estado_actual.EXCESO_TIEMPO  ; control:MODULO_CONTROL|base_u[1]                    ; clk_1hz_int  ; clk_1hz_int ; 0.000        ; 0.072      ; 1.527      ;
; 1.313 ; control:MODULO_CONTROL|estado_actual.EXCESO_TIEMPO  ; control:MODULO_CONTROL|base_u[3]                    ; clk_1hz_int  ; clk_1hz_int ; 0.000        ; 0.072      ; 1.542      ;
; 1.316 ; control:MODULO_CONTROL|extra_u[2]                   ; control:MODULO_CONTROL|extra_u[1]                   ; clk_1hz_int  ; clk_1hz_int ; 0.000        ; 0.061      ; 1.534      ;
; 1.344 ; control:MODULO_CONTROL|base_d[2]                    ; control:MODULO_CONTROL|base_d[3]                    ; clk_1hz_int  ; clk_1hz_int ; 0.000        ; 0.061      ; 1.562      ;
; 1.361 ; control:MODULO_CONTROL|estado_actual.OCUPADO_LIMITE ; control:MODULO_CONTROL|base_d[3]                    ; clk_1hz_int  ; clk_1hz_int ; 0.000        ; 0.072      ; 1.590      ;
; 1.376 ; control:MODULO_CONTROL|base_u[2]                    ; control:MODULO_CONTROL|base_d[2]                    ; clk_1hz_int  ; clk_1hz_int ; 0.000        ; 0.061      ; 1.594      ;
; 1.389 ; control:MODULO_CONTROL|extra_d[1]                   ; control:MODULO_CONTROL|extra_d[0]                   ; clk_1hz_int  ; clk_1hz_int ; 0.000        ; 0.061      ; 1.607      ;
; 1.392 ; control:MODULO_CONTROL|base_d[1]                    ; control:MODULO_CONTROL|base_d[2]                    ; clk_1hz_int  ; clk_1hz_int ; 0.000        ; -0.310     ; 1.239      ;
; 1.399 ; control:MODULO_CONTROL|base_d[0]                    ; control:MODULO_CONTROL|base_d[2]                    ; clk_1hz_int  ; clk_1hz_int ; 0.000        ; 0.061      ; 1.617      ;
; 1.416 ; control:MODULO_CONTROL|extra_u[0]                   ; control:MODULO_CONTROL|extra_d[0]                   ; clk_1hz_int  ; clk_1hz_int ; 0.000        ; 0.061      ; 1.634      ;
; 1.425 ; control:MODULO_CONTROL|base_u[2]                    ; control:MODULO_CONTROL|base_u[0]                    ; clk_1hz_int  ; clk_1hz_int ; 0.000        ; 0.061      ; 1.643      ;
; 1.443 ; control:MODULO_CONTROL|base_u[2]                    ; control:MODULO_CONTROL|base_d[3]                    ; clk_1hz_int  ; clk_1hz_int ; 0.000        ; 0.061      ; 1.661      ;
; 1.450 ; control:MODULO_CONTROL|base_d[0]                    ; control:MODULO_CONTROL|base_u[0]                    ; clk_1hz_int  ; clk_1hz_int ; 0.000        ; 0.061      ; 1.668      ;
; 1.464 ; control:MODULO_CONTROL|base_u[2]                    ; control:MODULO_CONTROL|base_d[0]                    ; clk_1hz_int  ; clk_1hz_int ; 0.000        ; 0.061      ; 1.682      ;
; 1.470 ; control:MODULO_CONTROL|estado_actual.OCUPADO_LIMITE ; control:MODULO_CONTROL|base_u[3]                    ; clk_1hz_int  ; clk_1hz_int ; 0.000        ; 0.072      ; 1.699      ;
+-------+-----------------------------------------------------+-----------------------------------------------------+--------------+-------------+--------------+------------+------------+


+----------------------------------------------------------------------------------------------------------------------+
; Slow 1200mV 85C Model Minimum Pulse Width: 'clk_50mhz'                                                               ;
+--------+--------------+----------------+------------------+-----------+------------+---------------------------------+
; Slack  ; Actual Width ; Required Width ; Type             ; Clock     ; Clock Edge ; Target                          ;
+--------+--------------+----------------+------------------+-----------+------------+---------------------------------+
; -3.000 ; 1.000        ; 4.000          ; Port Rate        ; clk_50mhz ; Rise       ; clk_50mhz                       ;
; -1.000 ; 1.000        ; 2.000          ; Min Period       ; clk_50mhz ; Rise       ; clk_1hz_int                     ;
; -1.000 ; 1.000        ; 2.000          ; Min Period       ; clk_50mhz ; Rise       ; cont_clk[0]                     ;
; -1.000 ; 1.000        ; 2.000          ; Min Period       ; clk_50mhz ; Rise       ; cont_clk[10]                    ;
; -1.000 ; 1.000        ; 2.000          ; Min Period       ; clk_50mhz ; Rise       ; cont_clk[11]                    ;
; -1.000 ; 1.000        ; 2.000          ; Min Period       ; clk_50mhz ; Rise       ; cont_clk[12]                    ;
; -1.000 ; 1.000        ; 2.000          ; Min Period       ; clk_50mhz ; Rise       ; cont_clk[13]                    ;
; -1.000 ; 1.000        ; 2.000          ; Min Period       ; clk_50mhz ; Rise       ; cont_clk[14]                    ;
; -1.000 ; 1.000        ; 2.000          ; Min Period       ; clk_50mhz ; Rise       ; cont_clk[15]                    ;
; -1.000 ; 1.000        ; 2.000          ; Min Period       ; clk_50mhz ; Rise       ; cont_clk[16]                    ;
; -1.000 ; 1.000        ; 2.000          ; Min Period       ; clk_50mhz ; Rise       ; cont_clk[17]                    ;
; -1.000 ; 1.000        ; 2.000          ; Min Period       ; clk_50mhz ; Rise       ; cont_clk[18]                    ;
; -1.000 ; 1.000        ; 2.000          ; Min Period       ; clk_50mhz ; Rise       ; cont_clk[19]                    ;
; -1.000 ; 1.000        ; 2.000          ; Min Period       ; clk_50mhz ; Rise       ; cont_clk[1]                     ;
; -1.000 ; 1.000        ; 2.000          ; Min Period       ; clk_50mhz ; Rise       ; cont_clk[20]                    ;
; -1.000 ; 1.000        ; 2.000          ; Min Period       ; clk_50mhz ; Rise       ; cont_clk[21]                    ;
; -1.000 ; 1.000        ; 2.000          ; Min Period       ; clk_50mhz ; Rise       ; cont_clk[22]                    ;
; -1.000 ; 1.000        ; 2.000          ; Min Period       ; clk_50mhz ; Rise       ; cont_clk[23]                    ;
; -1.000 ; 1.000        ; 2.000          ; Min Period       ; clk_50mhz ; Rise       ; cont_clk[24]                    ;
; -1.000 ; 1.000        ; 2.000          ; Min Period       ; clk_50mhz ; Rise       ; cont_clk[2]                     ;
; -1.000 ; 1.000        ; 2.000          ; Min Period       ; clk_50mhz ; Rise       ; cont_clk[3]                     ;
; -1.000 ; 1.000        ; 2.000          ; Min Period       ; clk_50mhz ; Rise       ; cont_clk[4]                     ;
; -1.000 ; 1.000        ; 2.000          ; Min Period       ; clk_50mhz ; Rise       ; cont_clk[5]                     ;
; -1.000 ; 1.000        ; 2.000          ; Min Period       ; clk_50mhz ; Rise       ; cont_clk[6]                     ;
; -1.000 ; 1.000        ; 2.000          ; Min Period       ; clk_50mhz ; Rise       ; cont_clk[7]                     ;
; -1.000 ; 1.000        ; 2.000          ; Min Period       ; clk_50mhz ; Rise       ; cont_clk[8]                     ;
; -1.000 ; 1.000        ; 2.000          ; Min Period       ; clk_50mhz ; Rise       ; cont_clk[9]                     ;
; 0.169  ; 0.353        ; 0.184          ; Low Pulse Width  ; clk_50mhz ; Rise       ; cont_clk[19]                    ;
; 0.169  ; 0.353        ; 0.184          ; Low Pulse Width  ; clk_50mhz ; Rise       ; cont_clk[24]                    ;
; 0.187  ; 0.371        ; 0.184          ; Low Pulse Width  ; clk_50mhz ; Rise       ; cont_clk[15]                    ;
; 0.187  ; 0.371        ; 0.184          ; Low Pulse Width  ; clk_50mhz ; Rise       ; cont_clk[17]                    ;
; 0.187  ; 0.371        ; 0.184          ; Low Pulse Width  ; clk_50mhz ; Rise       ; cont_clk[20]                    ;
; 0.187  ; 0.371        ; 0.184          ; Low Pulse Width  ; clk_50mhz ; Rise       ; cont_clk[21]                    ;
; 0.187  ; 0.371        ; 0.184          ; Low Pulse Width  ; clk_50mhz ; Rise       ; cont_clk[22]                    ;
; 0.187  ; 0.371        ; 0.184          ; Low Pulse Width  ; clk_50mhz ; Rise       ; cont_clk[23]                    ;
; 0.188  ; 0.372        ; 0.184          ; Low Pulse Width  ; clk_50mhz ; Rise       ; clk_1hz_int                     ;
; 0.188  ; 0.372        ; 0.184          ; Low Pulse Width  ; clk_50mhz ; Rise       ; cont_clk[0]                     ;
; 0.188  ; 0.372        ; 0.184          ; Low Pulse Width  ; clk_50mhz ; Rise       ; cont_clk[10]                    ;
; 0.188  ; 0.372        ; 0.184          ; Low Pulse Width  ; clk_50mhz ; Rise       ; cont_clk[11]                    ;
; 0.188  ; 0.372        ; 0.184          ; Low Pulse Width  ; clk_50mhz ; Rise       ; cont_clk[12]                    ;
; 0.188  ; 0.372        ; 0.184          ; Low Pulse Width  ; clk_50mhz ; Rise       ; cont_clk[13]                    ;
; 0.188  ; 0.372        ; 0.184          ; Low Pulse Width  ; clk_50mhz ; Rise       ; cont_clk[14]                    ;
; 0.188  ; 0.372        ; 0.184          ; Low Pulse Width  ; clk_50mhz ; Rise       ; cont_clk[16]                    ;
; 0.188  ; 0.372        ; 0.184          ; Low Pulse Width  ; clk_50mhz ; Rise       ; cont_clk[18]                    ;
; 0.188  ; 0.372        ; 0.184          ; Low Pulse Width  ; clk_50mhz ; Rise       ; cont_clk[1]                     ;
; 0.188  ; 0.372        ; 0.184          ; Low Pulse Width  ; clk_50mhz ; Rise       ; cont_clk[2]                     ;
; 0.188  ; 0.372        ; 0.184          ; Low Pulse Width  ; clk_50mhz ; Rise       ; cont_clk[3]                     ;
; 0.188  ; 0.372        ; 0.184          ; Low Pulse Width  ; clk_50mhz ; Rise       ; cont_clk[4]                     ;
; 0.188  ; 0.372        ; 0.184          ; Low Pulse Width  ; clk_50mhz ; Rise       ; cont_clk[5]                     ;
; 0.188  ; 0.372        ; 0.184          ; Low Pulse Width  ; clk_50mhz ; Rise       ; cont_clk[6]                     ;
; 0.188  ; 0.372        ; 0.184          ; Low Pulse Width  ; clk_50mhz ; Rise       ; cont_clk[7]                     ;
; 0.188  ; 0.372        ; 0.184          ; Low Pulse Width  ; clk_50mhz ; Rise       ; cont_clk[8]                     ;
; 0.188  ; 0.372        ; 0.184          ; Low Pulse Width  ; clk_50mhz ; Rise       ; cont_clk[9]                     ;
; 0.331  ; 0.331        ; 0.000          ; Low Pulse Width  ; clk_50mhz ; Rise       ; cont_clk[19]|clk                ;
; 0.331  ; 0.331        ; 0.000          ; Low Pulse Width  ; clk_50mhz ; Rise       ; cont_clk[24]|clk                ;
; 0.339  ; 0.339        ; 0.000          ; Low Pulse Width  ; clk_50mhz ; Rise       ; clk_50mhz~input|o               ;
; 0.349  ; 0.349        ; 0.000          ; Low Pulse Width  ; clk_50mhz ; Rise       ; clk_1hz_int|clk                 ;
; 0.349  ; 0.349        ; 0.000          ; Low Pulse Width  ; clk_50mhz ; Rise       ; cont_clk[0]|clk                 ;
; 0.349  ; 0.349        ; 0.000          ; Low Pulse Width  ; clk_50mhz ; Rise       ; cont_clk[10]|clk                ;
; 0.349  ; 0.349        ; 0.000          ; Low Pulse Width  ; clk_50mhz ; Rise       ; cont_clk[11]|clk                ;
; 0.349  ; 0.349        ; 0.000          ; Low Pulse Width  ; clk_50mhz ; Rise       ; cont_clk[12]|clk                ;
; 0.349  ; 0.349        ; 0.000          ; Low Pulse Width  ; clk_50mhz ; Rise       ; cont_clk[13]|clk                ;
; 0.349  ; 0.349        ; 0.000          ; Low Pulse Width  ; clk_50mhz ; Rise       ; cont_clk[14]|clk                ;
; 0.349  ; 0.349        ; 0.000          ; Low Pulse Width  ; clk_50mhz ; Rise       ; cont_clk[15]|clk                ;
; 0.349  ; 0.349        ; 0.000          ; Low Pulse Width  ; clk_50mhz ; Rise       ; cont_clk[16]|clk                ;
; 0.349  ; 0.349        ; 0.000          ; Low Pulse Width  ; clk_50mhz ; Rise       ; cont_clk[17]|clk                ;
; 0.349  ; 0.349        ; 0.000          ; Low Pulse Width  ; clk_50mhz ; Rise       ; cont_clk[18]|clk                ;
; 0.349  ; 0.349        ; 0.000          ; Low Pulse Width  ; clk_50mhz ; Rise       ; cont_clk[1]|clk                 ;
; 0.349  ; 0.349        ; 0.000          ; Low Pulse Width  ; clk_50mhz ; Rise       ; cont_clk[20]|clk                ;
; 0.349  ; 0.349        ; 0.000          ; Low Pulse Width  ; clk_50mhz ; Rise       ; cont_clk[21]|clk                ;
; 0.349  ; 0.349        ; 0.000          ; Low Pulse Width  ; clk_50mhz ; Rise       ; cont_clk[22]|clk                ;
; 0.349  ; 0.349        ; 0.000          ; Low Pulse Width  ; clk_50mhz ; Rise       ; cont_clk[23]|clk                ;
; 0.349  ; 0.349        ; 0.000          ; Low Pulse Width  ; clk_50mhz ; Rise       ; cont_clk[2]|clk                 ;
; 0.349  ; 0.349        ; 0.000          ; Low Pulse Width  ; clk_50mhz ; Rise       ; cont_clk[3]|clk                 ;
; 0.349  ; 0.349        ; 0.000          ; Low Pulse Width  ; clk_50mhz ; Rise       ; cont_clk[4]|clk                 ;
; 0.349  ; 0.349        ; 0.000          ; Low Pulse Width  ; clk_50mhz ; Rise       ; cont_clk[5]|clk                 ;
; 0.349  ; 0.349        ; 0.000          ; Low Pulse Width  ; clk_50mhz ; Rise       ; cont_clk[6]|clk                 ;
; 0.349  ; 0.349        ; 0.000          ; Low Pulse Width  ; clk_50mhz ; Rise       ; cont_clk[7]|clk                 ;
; 0.349  ; 0.349        ; 0.000          ; Low Pulse Width  ; clk_50mhz ; Rise       ; cont_clk[8]|clk                 ;
; 0.349  ; 0.349        ; 0.000          ; Low Pulse Width  ; clk_50mhz ; Rise       ; cont_clk[9]|clk                 ;
; 0.356  ; 0.356        ; 0.000          ; Low Pulse Width  ; clk_50mhz ; Rise       ; clk_50mhz~inputclkctrl|inclk[0] ;
; 0.356  ; 0.356        ; 0.000          ; Low Pulse Width  ; clk_50mhz ; Rise       ; clk_50mhz~inputclkctrl|outclk   ;
; 0.411  ; 0.627        ; 0.216          ; High Pulse Width ; clk_50mhz ; Rise       ; clk_1hz_int                     ;
; 0.411  ; 0.627        ; 0.216          ; High Pulse Width ; clk_50mhz ; Rise       ; cont_clk[0]                     ;
; 0.411  ; 0.627        ; 0.216          ; High Pulse Width ; clk_50mhz ; Rise       ; cont_clk[10]                    ;
; 0.411  ; 0.627        ; 0.216          ; High Pulse Width ; clk_50mhz ; Rise       ; cont_clk[11]                    ;
; 0.411  ; 0.627        ; 0.216          ; High Pulse Width ; clk_50mhz ; Rise       ; cont_clk[12]                    ;
; 0.411  ; 0.627        ; 0.216          ; High Pulse Width ; clk_50mhz ; Rise       ; cont_clk[13]                    ;
; 0.411  ; 0.627        ; 0.216          ; High Pulse Width ; clk_50mhz ; Rise       ; cont_clk[14]                    ;
; 0.411  ; 0.627        ; 0.216          ; High Pulse Width ; clk_50mhz ; Rise       ; cont_clk[15]                    ;
; 0.411  ; 0.627        ; 0.216          ; High Pulse Width ; clk_50mhz ; Rise       ; cont_clk[16]                    ;
; 0.411  ; 0.627        ; 0.216          ; High Pulse Width ; clk_50mhz ; Rise       ; cont_clk[17]                    ;
; 0.411  ; 0.627        ; 0.216          ; High Pulse Width ; clk_50mhz ; Rise       ; cont_clk[18]                    ;
; 0.411  ; 0.627        ; 0.216          ; High Pulse Width ; clk_50mhz ; Rise       ; cont_clk[1]                     ;
; 0.411  ; 0.627        ; 0.216          ; High Pulse Width ; clk_50mhz ; Rise       ; cont_clk[20]                    ;
; 0.411  ; 0.627        ; 0.216          ; High Pulse Width ; clk_50mhz ; Rise       ; cont_clk[21]                    ;
; 0.411  ; 0.627        ; 0.216          ; High Pulse Width ; clk_50mhz ; Rise       ; cont_clk[22]                    ;
; 0.411  ; 0.627        ; 0.216          ; High Pulse Width ; clk_50mhz ; Rise       ; cont_clk[23]                    ;
; 0.411  ; 0.627        ; 0.216          ; High Pulse Width ; clk_50mhz ; Rise       ; cont_clk[2]                     ;
; 0.411  ; 0.627        ; 0.216          ; High Pulse Width ; clk_50mhz ; Rise       ; cont_clk[3]                     ;
+--------+--------------+----------------+------------------+-----------+------------+---------------------------------+


+--------------------------------------------------------------------------------------------------------------------------------------------+
; Slow 1200mV 85C Model Minimum Pulse Width: 'clk_1hz_int'                                                                                   ;
+--------+--------------+----------------+------------------+-------------+------------+-----------------------------------------------------+
; Slack  ; Actual Width ; Required Width ; Type             ; Clock       ; Clock Edge ; Target                                              ;
+--------+--------------+----------------+------------------+-------------+------------+-----------------------------------------------------+
; -1.000 ; 1.000        ; 2.000          ; Min Period       ; clk_1hz_int ; Rise       ; control:MODULO_CONTROL|alarma_led                   ;
; -1.000 ; 1.000        ; 2.000          ; Min Period       ; clk_1hz_int ; Rise       ; control:MODULO_CONTROL|base_d[0]                    ;
; -1.000 ; 1.000        ; 2.000          ; Min Period       ; clk_1hz_int ; Rise       ; control:MODULO_CONTROL|base_d[1]                    ;
; -1.000 ; 1.000        ; 2.000          ; Min Period       ; clk_1hz_int ; Rise       ; control:MODULO_CONTROL|base_d[2]                    ;
; -1.000 ; 1.000        ; 2.000          ; Min Period       ; clk_1hz_int ; Rise       ; control:MODULO_CONTROL|base_d[3]                    ;
; -1.000 ; 1.000        ; 2.000          ; Min Period       ; clk_1hz_int ; Rise       ; control:MODULO_CONTROL|base_u[0]                    ;
; -1.000 ; 1.000        ; 2.000          ; Min Period       ; clk_1hz_int ; Rise       ; control:MODULO_CONTROL|base_u[1]                    ;
; -1.000 ; 1.000        ; 2.000          ; Min Period       ; clk_1hz_int ; Rise       ; control:MODULO_CONTROL|base_u[2]                    ;
; -1.000 ; 1.000        ; 2.000          ; Min Period       ; clk_1hz_int ; Rise       ; control:MODULO_CONTROL|base_u[3]                    ;
; -1.000 ; 1.000        ; 2.000          ; Min Period       ; clk_1hz_int ; Rise       ; control:MODULO_CONTROL|estado_actual.EXCESO_TIEMPO  ;
; -1.000 ; 1.000        ; 2.000          ; Min Period       ; clk_1hz_int ; Rise       ; control:MODULO_CONTROL|estado_actual.LIBRE          ;
; -1.000 ; 1.000        ; 2.000          ; Min Period       ; clk_1hz_int ; Rise       ; control:MODULO_CONTROL|estado_actual.OCUPADO_LIMITE ;
; -1.000 ; 1.000        ; 2.000          ; Min Period       ; clk_1hz_int ; Rise       ; control:MODULO_CONTROL|extra_d[0]                   ;
; -1.000 ; 1.000        ; 2.000          ; Min Period       ; clk_1hz_int ; Rise       ; control:MODULO_CONTROL|extra_d[1]                   ;
; -1.000 ; 1.000        ; 2.000          ; Min Period       ; clk_1hz_int ; Rise       ; control:MODULO_CONTROL|extra_d[2]                   ;
; -1.000 ; 1.000        ; 2.000          ; Min Period       ; clk_1hz_int ; Rise       ; control:MODULO_CONTROL|extra_d[3]                   ;
; -1.000 ; 1.000        ; 2.000          ; Min Period       ; clk_1hz_int ; Rise       ; control:MODULO_CONTROL|extra_u[0]                   ;
; -1.000 ; 1.000        ; 2.000          ; Min Period       ; clk_1hz_int ; Rise       ; control:MODULO_CONTROL|extra_u[1]                   ;
; -1.000 ; 1.000        ; 2.000          ; Min Period       ; clk_1hz_int ; Rise       ; control:MODULO_CONTROL|extra_u[2]                   ;
; -1.000 ; 1.000        ; 2.000          ; Min Period       ; clk_1hz_int ; Rise       ; control:MODULO_CONTROL|extra_u[3]                   ;
; -1.000 ; 1.000        ; 2.000          ; Min Period       ; clk_1hz_int ; Rise       ; control:MODULO_CONTROL|felicita_led                 ;
; 0.264  ; 0.448        ; 0.184          ; Low Pulse Width  ; clk_1hz_int ; Rise       ; control:MODULO_CONTROL|base_d[1]                    ;
; 0.278  ; 0.462        ; 0.184          ; Low Pulse Width  ; clk_1hz_int ; Rise       ; control:MODULO_CONTROL|base_d[0]                    ;
; 0.278  ; 0.462        ; 0.184          ; Low Pulse Width  ; clk_1hz_int ; Rise       ; control:MODULO_CONTROL|base_d[2]                    ;
; 0.278  ; 0.462        ; 0.184          ; Low Pulse Width  ; clk_1hz_int ; Rise       ; control:MODULO_CONTROL|base_d[3]                    ;
; 0.278  ; 0.462        ; 0.184          ; Low Pulse Width  ; clk_1hz_int ; Rise       ; control:MODULO_CONTROL|felicita_led                 ;
; 0.279  ; 0.463        ; 0.184          ; Low Pulse Width  ; clk_1hz_int ; Rise       ; control:MODULO_CONTROL|base_u[0]                    ;
; 0.279  ; 0.463        ; 0.184          ; Low Pulse Width  ; clk_1hz_int ; Rise       ; control:MODULO_CONTROL|base_u[1]                    ;
; 0.279  ; 0.463        ; 0.184          ; Low Pulse Width  ; clk_1hz_int ; Rise       ; control:MODULO_CONTROL|base_u[2]                    ;
; 0.279  ; 0.463        ; 0.184          ; Low Pulse Width  ; clk_1hz_int ; Rise       ; control:MODULO_CONTROL|base_u[3]                    ;
; 0.281  ; 0.465        ; 0.184          ; Low Pulse Width  ; clk_1hz_int ; Rise       ; control:MODULO_CONTROL|alarma_led                   ;
; 0.281  ; 0.465        ; 0.184          ; Low Pulse Width  ; clk_1hz_int ; Rise       ; control:MODULO_CONTROL|estado_actual.EXCESO_TIEMPO  ;
; 0.281  ; 0.465        ; 0.184          ; Low Pulse Width  ; clk_1hz_int ; Rise       ; control:MODULO_CONTROL|estado_actual.LIBRE          ;
; 0.281  ; 0.465        ; 0.184          ; Low Pulse Width  ; clk_1hz_int ; Rise       ; control:MODULO_CONTROL|estado_actual.OCUPADO_LIMITE ;
; 0.281  ; 0.465        ; 0.184          ; Low Pulse Width  ; clk_1hz_int ; Rise       ; control:MODULO_CONTROL|extra_d[0]                   ;
; 0.281  ; 0.465        ; 0.184          ; Low Pulse Width  ; clk_1hz_int ; Rise       ; control:MODULO_CONTROL|extra_d[1]                   ;
; 0.281  ; 0.465        ; 0.184          ; Low Pulse Width  ; clk_1hz_int ; Rise       ; control:MODULO_CONTROL|extra_d[2]                   ;
; 0.281  ; 0.465        ; 0.184          ; Low Pulse Width  ; clk_1hz_int ; Rise       ; control:MODULO_CONTROL|extra_d[3]                   ;
; 0.281  ; 0.465        ; 0.184          ; Low Pulse Width  ; clk_1hz_int ; Rise       ; control:MODULO_CONTROL|extra_u[0]                   ;
; 0.281  ; 0.465        ; 0.184          ; Low Pulse Width  ; clk_1hz_int ; Rise       ; control:MODULO_CONTROL|extra_u[1]                   ;
; 0.281  ; 0.465        ; 0.184          ; Low Pulse Width  ; clk_1hz_int ; Rise       ; control:MODULO_CONTROL|extra_u[2]                   ;
; 0.281  ; 0.465        ; 0.184          ; Low Pulse Width  ; clk_1hz_int ; Rise       ; control:MODULO_CONTROL|extra_u[3]                   ;
; 0.315  ; 0.531        ; 0.216          ; High Pulse Width ; clk_1hz_int ; Rise       ; control:MODULO_CONTROL|alarma_led                   ;
; 0.315  ; 0.531        ; 0.216          ; High Pulse Width ; clk_1hz_int ; Rise       ; control:MODULO_CONTROL|estado_actual.EXCESO_TIEMPO  ;
; 0.315  ; 0.531        ; 0.216          ; High Pulse Width ; clk_1hz_int ; Rise       ; control:MODULO_CONTROL|estado_actual.LIBRE          ;
; 0.315  ; 0.531        ; 0.216          ; High Pulse Width ; clk_1hz_int ; Rise       ; control:MODULO_CONTROL|estado_actual.OCUPADO_LIMITE ;
; 0.315  ; 0.531        ; 0.216          ; High Pulse Width ; clk_1hz_int ; Rise       ; control:MODULO_CONTROL|extra_d[0]                   ;
; 0.315  ; 0.531        ; 0.216          ; High Pulse Width ; clk_1hz_int ; Rise       ; control:MODULO_CONTROL|extra_d[1]                   ;
; 0.315  ; 0.531        ; 0.216          ; High Pulse Width ; clk_1hz_int ; Rise       ; control:MODULO_CONTROL|extra_d[2]                   ;
; 0.315  ; 0.531        ; 0.216          ; High Pulse Width ; clk_1hz_int ; Rise       ; control:MODULO_CONTROL|extra_d[3]                   ;
; 0.315  ; 0.531        ; 0.216          ; High Pulse Width ; clk_1hz_int ; Rise       ; control:MODULO_CONTROL|extra_u[0]                   ;
; 0.315  ; 0.531        ; 0.216          ; High Pulse Width ; clk_1hz_int ; Rise       ; control:MODULO_CONTROL|extra_u[1]                   ;
; 0.315  ; 0.531        ; 0.216          ; High Pulse Width ; clk_1hz_int ; Rise       ; control:MODULO_CONTROL|extra_u[2]                   ;
; 0.315  ; 0.531        ; 0.216          ; High Pulse Width ; clk_1hz_int ; Rise       ; control:MODULO_CONTROL|extra_u[3]                   ;
; 0.317  ; 0.533        ; 0.216          ; High Pulse Width ; clk_1hz_int ; Rise       ; control:MODULO_CONTROL|base_d[0]                    ;
; 0.317  ; 0.533        ; 0.216          ; High Pulse Width ; clk_1hz_int ; Rise       ; control:MODULO_CONTROL|base_d[2]                    ;
; 0.317  ; 0.533        ; 0.216          ; High Pulse Width ; clk_1hz_int ; Rise       ; control:MODULO_CONTROL|base_d[3]                    ;
; 0.317  ; 0.533        ; 0.216          ; High Pulse Width ; clk_1hz_int ; Rise       ; control:MODULO_CONTROL|base_u[0]                    ;
; 0.317  ; 0.533        ; 0.216          ; High Pulse Width ; clk_1hz_int ; Rise       ; control:MODULO_CONTROL|base_u[1]                    ;
; 0.317  ; 0.533        ; 0.216          ; High Pulse Width ; clk_1hz_int ; Rise       ; control:MODULO_CONTROL|base_u[2]                    ;
; 0.317  ; 0.533        ; 0.216          ; High Pulse Width ; clk_1hz_int ; Rise       ; control:MODULO_CONTROL|base_u[3]                    ;
; 0.317  ; 0.533        ; 0.216          ; High Pulse Width ; clk_1hz_int ; Rise       ; control:MODULO_CONTROL|felicita_led                 ;
; 0.331  ; 0.547        ; 0.216          ; High Pulse Width ; clk_1hz_int ; Rise       ; control:MODULO_CONTROL|base_d[1]                    ;
; 0.426  ; 0.426        ; 0.000          ; Low Pulse Width  ; clk_1hz_int ; Rise       ; MODULO_CONTROL|base_d[1]|clk                        ;
; 0.440  ; 0.440        ; 0.000          ; Low Pulse Width  ; clk_1hz_int ; Rise       ; MODULO_CONTROL|base_d[0]|clk                        ;
; 0.440  ; 0.440        ; 0.000          ; Low Pulse Width  ; clk_1hz_int ; Rise       ; MODULO_CONTROL|base_d[2]|clk                        ;
; 0.440  ; 0.440        ; 0.000          ; Low Pulse Width  ; clk_1hz_int ; Rise       ; MODULO_CONTROL|base_d[3]|clk                        ;
; 0.440  ; 0.440        ; 0.000          ; Low Pulse Width  ; clk_1hz_int ; Rise       ; MODULO_CONTROL|felicita_led|clk                     ;
; 0.441  ; 0.441        ; 0.000          ; Low Pulse Width  ; clk_1hz_int ; Rise       ; MODULO_CONTROL|base_u[0]|clk                        ;
; 0.441  ; 0.441        ; 0.000          ; Low Pulse Width  ; clk_1hz_int ; Rise       ; MODULO_CONTROL|base_u[1]|clk                        ;
; 0.441  ; 0.441        ; 0.000          ; Low Pulse Width  ; clk_1hz_int ; Rise       ; MODULO_CONTROL|base_u[2]|clk                        ;
; 0.441  ; 0.441        ; 0.000          ; Low Pulse Width  ; clk_1hz_int ; Rise       ; MODULO_CONTROL|base_u[3]|clk                        ;
; 0.443  ; 0.443        ; 0.000          ; Low Pulse Width  ; clk_1hz_int ; Rise       ; MODULO_CONTROL|alarma_led|clk                       ;
; 0.443  ; 0.443        ; 0.000          ; Low Pulse Width  ; clk_1hz_int ; Rise       ; MODULO_CONTROL|estado_actual.EXCESO_TIEMPO|clk      ;
; 0.443  ; 0.443        ; 0.000          ; Low Pulse Width  ; clk_1hz_int ; Rise       ; MODULO_CONTROL|estado_actual.LIBRE|clk              ;
; 0.443  ; 0.443        ; 0.000          ; Low Pulse Width  ; clk_1hz_int ; Rise       ; MODULO_CONTROL|estado_actual.OCUPADO_LIMITE|clk     ;
; 0.443  ; 0.443        ; 0.000          ; Low Pulse Width  ; clk_1hz_int ; Rise       ; MODULO_CONTROL|extra_d[0]|clk                       ;
; 0.443  ; 0.443        ; 0.000          ; Low Pulse Width  ; clk_1hz_int ; Rise       ; MODULO_CONTROL|extra_d[1]|clk                       ;
; 0.443  ; 0.443        ; 0.000          ; Low Pulse Width  ; clk_1hz_int ; Rise       ; MODULO_CONTROL|extra_d[2]|clk                       ;
; 0.443  ; 0.443        ; 0.000          ; Low Pulse Width  ; clk_1hz_int ; Rise       ; MODULO_CONTROL|extra_d[3]|clk                       ;
; 0.443  ; 0.443        ; 0.000          ; Low Pulse Width  ; clk_1hz_int ; Rise       ; MODULO_CONTROL|extra_u[0]|clk                       ;
; 0.443  ; 0.443        ; 0.000          ; Low Pulse Width  ; clk_1hz_int ; Rise       ; MODULO_CONTROL|extra_u[1]|clk                       ;
; 0.443  ; 0.443        ; 0.000          ; Low Pulse Width  ; clk_1hz_int ; Rise       ; MODULO_CONTROL|extra_u[2]|clk                       ;
; 0.443  ; 0.443        ; 0.000          ; Low Pulse Width  ; clk_1hz_int ; Rise       ; MODULO_CONTROL|extra_u[3]|clk                       ;
; 0.452  ; 0.452        ; 0.000          ; Low Pulse Width  ; clk_1hz_int ; Rise       ; clk_1hz_int~clkctrl|inclk[0]                        ;
; 0.452  ; 0.452        ; 0.000          ; Low Pulse Width  ; clk_1hz_int ; Rise       ; clk_1hz_int~clkctrl|outclk                          ;
; 0.500  ; 0.500        ; 0.000          ; High Pulse Width ; clk_1hz_int ; Rise       ; clk_1hz_int|q                                       ;
; 0.500  ; 0.500        ; 0.000          ; Low Pulse Width  ; clk_1hz_int ; Rise       ; clk_1hz_int|q                                       ;
; 0.546  ; 0.546        ; 0.000          ; High Pulse Width ; clk_1hz_int ; Rise       ; clk_1hz_int~clkctrl|inclk[0]                        ;
; 0.546  ; 0.546        ; 0.000          ; High Pulse Width ; clk_1hz_int ; Rise       ; clk_1hz_int~clkctrl|outclk                          ;
; 0.555  ; 0.555        ; 0.000          ; High Pulse Width ; clk_1hz_int ; Rise       ; MODULO_CONTROL|alarma_led|clk                       ;
; 0.555  ; 0.555        ; 0.000          ; High Pulse Width ; clk_1hz_int ; Rise       ; MODULO_CONTROL|estado_actual.EXCESO_TIEMPO|clk      ;
; 0.555  ; 0.555        ; 0.000          ; High Pulse Width ; clk_1hz_int ; Rise       ; MODULO_CONTROL|estado_actual.LIBRE|clk              ;
; 0.555  ; 0.555        ; 0.000          ; High Pulse Width ; clk_1hz_int ; Rise       ; MODULO_CONTROL|estado_actual.OCUPADO_LIMITE|clk     ;
; 0.555  ; 0.555        ; 0.000          ; High Pulse Width ; clk_1hz_int ; Rise       ; MODULO_CONTROL|extra_d[0]|clk                       ;
; 0.555  ; 0.555        ; 0.000          ; High Pulse Width ; clk_1hz_int ; Rise       ; MODULO_CONTROL|extra_d[1]|clk                       ;
; 0.555  ; 0.555        ; 0.000          ; High Pulse Width ; clk_1hz_int ; Rise       ; MODULO_CONTROL|extra_d[2]|clk                       ;
; 0.555  ; 0.555        ; 0.000          ; High Pulse Width ; clk_1hz_int ; Rise       ; MODULO_CONTROL|extra_d[3]|clk                       ;
; 0.555  ; 0.555        ; 0.000          ; High Pulse Width ; clk_1hz_int ; Rise       ; MODULO_CONTROL|extra_u[0]|clk                       ;
; 0.555  ; 0.555        ; 0.000          ; High Pulse Width ; clk_1hz_int ; Rise       ; MODULO_CONTROL|extra_u[1]|clk                       ;
+--------+--------------+----------------+------------------+-------------+------------+-----------------------------------------------------+


+-----------------------------------------------------------------------------+
; Setup Times                                                                 ;
+----------------+-------------+-------+-------+------------+-----------------+
; Data Port      ; Clock Port  ; Rise  ; Fall  ; Clock Edge ; Clock Reference ;
+----------------+-------------+-------+-------+------------+-----------------+
; sensor_persona ; clk_1hz_int ; 1.697 ; 1.710 ; Rise       ; clk_1hz_int     ;
+----------------+-------------+-------+-------+------------+-----------------+


+-------------------------------------------------------------------------------+
; Hold Times                                                                    ;
+----------------+-------------+--------+--------+------------+-----------------+
; Data Port      ; Clock Port  ; Rise   ; Fall   ; Clock Edge ; Clock Reference ;
+----------------+-------------+--------+--------+------------+-----------------+
; sensor_persona ; clk_1hz_int ; -0.077 ; -0.106 ; Rise       ; clk_1hz_int     ;
+----------------+-------------+--------+--------+------------+-----------------+


+------------------------------------------------------------------------------------+
; Clock to Output Times                                                              ;
+-----------------------+-------------+-------+-------+------------+-----------------+
; Data Port             ; Clock Port  ; Rise  ; Fall  ; Clock Edge ; Clock Reference ;
+-----------------------+-------------+-------+-------+------------+-----------------+
; alarma_led            ; clk_1hz_int ; 5.085 ; 5.112 ; Rise       ; clk_1hz_int     ;
; display_base_dec[*]   ; clk_1hz_int ; 7.442 ; 7.460 ; Rise       ; clk_1hz_int     ;
;  display_base_dec[0]  ; clk_1hz_int ; 7.442 ; 7.460 ; Rise       ; clk_1hz_int     ;
;  display_base_dec[1]  ; clk_1hz_int ; 6.637 ; 6.581 ; Rise       ; clk_1hz_int     ;
;  display_base_dec[2]  ; clk_1hz_int ; 6.444 ; 6.540 ; Rise       ; clk_1hz_int     ;
;  display_base_dec[3]  ; clk_1hz_int ; 6.209 ; 6.145 ; Rise       ; clk_1hz_int     ;
;  display_base_dec[4]  ; clk_1hz_int ; 6.514 ; 6.442 ; Rise       ; clk_1hz_int     ;
;  display_base_dec[5]  ; clk_1hz_int ; 6.122 ; 6.221 ; Rise       ; clk_1hz_int     ;
;  display_base_dec[6]  ; clk_1hz_int ; 6.208 ; 6.175 ; Rise       ; clk_1hz_int     ;
; display_base_uni[*]   ; clk_1hz_int ; 6.812 ; 6.746 ; Rise       ; clk_1hz_int     ;
;  display_base_uni[0]  ; clk_1hz_int ; 6.812 ; 6.746 ; Rise       ; clk_1hz_int     ;
;  display_base_uni[1]  ; clk_1hz_int ; 6.353 ; 6.376 ; Rise       ; clk_1hz_int     ;
;  display_base_uni[2]  ; clk_1hz_int ; 6.032 ; 5.968 ; Rise       ; clk_1hz_int     ;
;  display_base_uni[3]  ; clk_1hz_int ; 6.251 ; 6.246 ; Rise       ; clk_1hz_int     ;
;  display_base_uni[4]  ; clk_1hz_int ; 6.479 ; 6.423 ; Rise       ; clk_1hz_int     ;
;  display_base_uni[5]  ; clk_1hz_int ; 6.600 ; 6.624 ; Rise       ; clk_1hz_int     ;
;  display_base_uni[6]  ; clk_1hz_int ; 6.188 ; 6.256 ; Rise       ; clk_1hz_int     ;
; display_extra_dec[*]  ; clk_1hz_int ; 6.521 ; 6.468 ; Rise       ; clk_1hz_int     ;
;  display_extra_dec[0] ; clk_1hz_int ; 6.521 ; 6.436 ; Rise       ; clk_1hz_int     ;
;  display_extra_dec[1] ; clk_1hz_int ; 6.251 ; 6.265 ; Rise       ; clk_1hz_int     ;
;  display_extra_dec[2] ; clk_1hz_int ; 6.371 ; 6.411 ; Rise       ; clk_1hz_int     ;
;  display_extra_dec[3] ; clk_1hz_int ; 6.511 ; 6.444 ; Rise       ; clk_1hz_int     ;
;  display_extra_dec[4] ; clk_1hz_int ; 6.264 ; 6.195 ; Rise       ; clk_1hz_int     ;
;  display_extra_dec[5] ; clk_1hz_int ; 6.222 ; 6.265 ; Rise       ; clk_1hz_int     ;
;  display_extra_dec[6] ; clk_1hz_int ; 6.506 ; 6.468 ; Rise       ; clk_1hz_int     ;
; display_extra_uni[*]  ; clk_1hz_int ; 6.268 ; 6.290 ; Rise       ; clk_1hz_int     ;
;  display_extra_uni[0] ; clk_1hz_int ; 5.953 ; 5.958 ; Rise       ; clk_1hz_int     ;
;  display_extra_uni[1] ; clk_1hz_int ; 6.268 ; 6.260 ; Rise       ; clk_1hz_int     ;
;  display_extra_uni[2] ; clk_1hz_int ; 5.990 ; 5.891 ; Rise       ; clk_1hz_int     ;
;  display_extra_uni[3] ; clk_1hz_int ; 6.256 ; 6.278 ; Rise       ; clk_1hz_int     ;
;  display_extra_uni[4] ; clk_1hz_int ; 6.217 ; 6.290 ; Rise       ; clk_1hz_int     ;
;  display_extra_uni[5] ; clk_1hz_int ; 5.944 ; 6.013 ; Rise       ; clk_1hz_int     ;
;  display_extra_uni[6] ; clk_1hz_int ; 6.253 ; 6.290 ; Rise       ; clk_1hz_int     ;
; felicita_led          ; clk_1hz_int ; 5.094 ; 5.124 ; Rise       ; clk_1hz_int     ;
+-----------------------+-------------+-------+-------+------------+-----------------+


+------------------------------------------------------------------------------------+
; Minimum Clock to Output Times                                                      ;
+-----------------------+-------------+-------+-------+------------+-----------------+
; Data Port             ; Clock Port  ; Rise  ; Fall  ; Clock Edge ; Clock Reference ;
+-----------------------+-------------+-------+-------+------------+-----------------+
; alarma_led            ; clk_1hz_int ; 4.961 ; 4.987 ; Rise       ; clk_1hz_int     ;
; display_base_dec[*]   ; clk_1hz_int ; 5.284 ; 5.292 ; Rise       ; clk_1hz_int     ;
;  display_base_dec[0]  ; clk_1hz_int ; 6.928 ; 6.994 ; Rise       ; clk_1hz_int     ;
;  display_base_dec[1]  ; clk_1hz_int ; 5.738 ; 5.777 ; Rise       ; clk_1hz_int     ;
;  display_base_dec[2]  ; clk_1hz_int ; 5.898 ; 5.832 ; Rise       ; clk_1hz_int     ;
;  display_base_dec[3]  ; clk_1hz_int ; 5.310 ; 5.292 ; Rise       ; clk_1hz_int     ;
;  display_base_dec[4]  ; clk_1hz_int ; 5.644 ; 5.694 ; Rise       ; clk_1hz_int     ;
;  display_base_dec[5]  ; clk_1hz_int ; 5.398 ; 5.303 ; Rise       ; clk_1hz_int     ;
;  display_base_dec[6]  ; clk_1hz_int ; 5.284 ; 5.309 ; Rise       ; clk_1hz_int     ;
; display_base_uni[*]   ; clk_1hz_int ; 5.512 ; 5.494 ; Rise       ; clk_1hz_int     ;
;  display_base_uni[0]  ; clk_1hz_int ; 6.328 ; 6.320 ; Rise       ; clk_1hz_int     ;
;  display_base_uni[1]  ; clk_1hz_int ; 5.898 ; 5.870 ; Rise       ; clk_1hz_int     ;
;  display_base_uni[2]  ; clk_1hz_int ; 5.596 ; 5.494 ; Rise       ; clk_1hz_int     ;
;  display_base_uni[3]  ; clk_1hz_int ; 5.563 ; 5.527 ; Rise       ; clk_1hz_int     ;
;  display_base_uni[4]  ; clk_1hz_int ; 5.750 ; 5.736 ; Rise       ; clk_1hz_int     ;
;  display_base_uni[5]  ; clk_1hz_int ; 6.169 ; 6.121 ; Rise       ; clk_1hz_int     ;
;  display_base_uni[6]  ; clk_1hz_int ; 5.512 ; 5.567 ; Rise       ; clk_1hz_int     ;
; display_extra_dec[*]  ; clk_1hz_int ; 5.855 ; 5.850 ; Rise       ; clk_1hz_int     ;
;  display_extra_dec[0] ; clk_1hz_int ; 6.121 ; 6.090 ; Rise       ; clk_1hz_int     ;
;  display_extra_dec[1] ; clk_1hz_int ; 5.870 ; 5.883 ; Rise       ; clk_1hz_int     ;
;  display_extra_dec[2] ; clk_1hz_int ; 6.055 ; 5.966 ; Rise       ; clk_1hz_int     ;
;  display_extra_dec[3] ; clk_1hz_int ; 6.111 ; 6.092 ; Rise       ; clk_1hz_int     ;
;  display_extra_dec[4] ; clk_1hz_int ; 5.855 ; 5.894 ; Rise       ; clk_1hz_int     ;
;  display_extra_dec[5] ; clk_1hz_int ; 5.909 ; 5.850 ; Rise       ; clk_1hz_int     ;
;  display_extra_dec[6] ; clk_1hz_int ; 6.083 ; 6.102 ; Rise       ; clk_1hz_int     ;
; display_extra_uni[*]  ; clk_1hz_int ; 5.340 ; 5.388 ; Rise       ; clk_1hz_int     ;
;  display_extra_uni[0] ; clk_1hz_int ; 5.499 ; 5.423 ; Rise       ; clk_1hz_int     ;
;  display_extra_uni[1] ; clk_1hz_int ; 5.607 ; 5.579 ; Rise       ; clk_1hz_int     ;
;  display_extra_uni[2] ; clk_1hz_int ; 5.340 ; 5.388 ; Rise       ; clk_1hz_int     ;
;  display_extra_uni[3] ; clk_1hz_int ; 5.779 ; 5.720 ; Rise       ; clk_1hz_int     ;
;  display_extra_uni[4] ; clk_1hz_int ; 5.686 ; 5.581 ; Rise       ; clk_1hz_int     ;
;  display_extra_uni[5] ; clk_1hz_int ; 5.547 ; 5.468 ; Rise       ; clk_1hz_int     ;
;  display_extra_uni[6] ; clk_1hz_int ; 5.778 ; 5.726 ; Rise       ; clk_1hz_int     ;
; felicita_led          ; clk_1hz_int ; 4.970 ; 4.999 ; Rise       ; clk_1hz_int     ;
+-----------------------+-------------+-------+-------+------------+-----------------+


----------------------------------------------
; Slow 1200mV 85C Model Metastability Report ;
----------------------------------------------
No synchronizer chains to report.


+------------------------------------------------------------------------------------------------------------+
; Slow 1200mV 0C Model Fmax Summary                                                                          ;
+------------+-----------------+-------------+---------------------------------------------------------------+
; Fmax       ; Restricted Fmax ; Clock Name  ; Note                                                          ;
+------------+-----------------+-------------+---------------------------------------------------------------+
; 288.02 MHz ; 250.0 MHz       ; clk_50mhz   ; limit due to minimum period restriction (max I/O toggle rate) ;
; 416.32 MHz ; 416.32 MHz      ; clk_1hz_int ;                                                               ;
+------------+-----------------+-------------+---------------------------------------------------------------+
This panel reports FMAX for every clock in the design, regardless of the user-specified clock periods.  FMAX is only computed for paths where the source and destination registers or ports are driven by the same clock.  Paths of different clocks, including generated clocks, are ignored.  For paths between a clock and its inversion, FMAX is computed as if the rising and falling edges are scaled along with FMAX, such that the duty cycle (in terms of a percentage) is maintained. Altera recommends that you always use clock constraints and other slack reports for sign-off analysis.


+--------------------------------------+
; Slow 1200mV 0C Model Setup Summary   ;
+-------------+--------+---------------+
; Clock       ; Slack  ; End Point TNS ;
+-------------+--------+---------------+
; clk_50mhz   ; -2.472 ; -34.925       ;
; clk_1hz_int ; -1.402 ; -18.283       ;
+-------------+--------+---------------+


+--------------------------------------+
; Slow 1200mV 0C Model Hold Summary    ;
+-------------+--------+---------------+
; Clock       ; Slack  ; End Point TNS ;
+-------------+--------+---------------+
; clk_50mhz   ; -0.157 ; -0.157        ;
; clk_1hz_int ; 0.298  ; 0.000         ;
+-------------+--------+---------------+


-----------------------------------------
; Slow 1200mV 0C Model Recovery Summary ;
-----------------------------------------
No paths to report.


----------------------------------------
; Slow 1200mV 0C Model Removal Summary ;
----------------------------------------
No paths to report.


+--------------------------------------------------+
; Slow 1200mV 0C Model Minimum Pulse Width Summary ;
+-------------+--------+---------------------------+
; Clock       ; Slack  ; End Point TNS             ;
+-------------+--------+---------------------------+
; clk_50mhz   ; -3.000 ; -29.000                   ;
; clk_1hz_int ; -1.000 ; -21.000                   ;
+-------------+--------+---------------------------+


+------------------------------------------------------------------------------------------------------------+
; Slow 1200mV 0C Model Setup: 'clk_50mhz'                                                                    ;
+--------+--------------+--------------+--------------+-------------+--------------+------------+------------+
; Slack  ; From Node    ; To Node      ; Launch Clock ; Latch Clock ; Relationship ; Clock Skew ; Data Delay ;
+--------+--------------+--------------+--------------+-------------+--------------+------------+------------+
; -2.472 ; cont_clk[7]  ; clk_1hz_int  ; clk_50mhz    ; clk_50mhz   ; 1.000        ; -0.056     ; 3.411      ;
; -2.369 ; cont_clk[3]  ; clk_1hz_int  ; clk_50mhz    ; clk_50mhz   ; 1.000        ; -0.056     ; 3.308      ;
; -2.355 ; cont_clk[4]  ; clk_1hz_int  ; clk_50mhz    ; clk_50mhz   ; 1.000        ; -0.056     ; 3.294      ;
; -2.271 ; cont_clk[6]  ; clk_1hz_int  ; clk_50mhz    ; clk_50mhz   ; 1.000        ; -0.056     ; 3.210      ;
; -2.232 ; cont_clk[1]  ; clk_1hz_int  ; clk_50mhz    ; clk_50mhz   ; 1.000        ; -0.056     ; 3.171      ;
; -2.158 ; cont_clk[5]  ; clk_1hz_int  ; clk_50mhz    ; clk_50mhz   ; 1.000        ; -0.056     ; 3.097      ;
; -2.156 ; cont_clk[9]  ; clk_1hz_int  ; clk_50mhz    ; clk_50mhz   ; 1.000        ; -0.056     ; 3.095      ;
; -2.150 ; cont_clk[10] ; clk_1hz_int  ; clk_50mhz    ; clk_50mhz   ; 1.000        ; -0.056     ; 3.089      ;
; -2.110 ; cont_clk[2]  ; clk_1hz_int  ; clk_50mhz    ; clk_50mhz   ; 1.000        ; -0.056     ; 3.049      ;
; -2.103 ; cont_clk[14] ; clk_1hz_int  ; clk_50mhz    ; clk_50mhz   ; 1.000        ; -0.056     ; 3.042      ;
; -2.019 ; cont_clk[11] ; clk_1hz_int  ; clk_50mhz    ; clk_50mhz   ; 1.000        ; -0.056     ; 2.958      ;
; -1.997 ; cont_clk[0]  ; clk_1hz_int  ; clk_50mhz    ; clk_50mhz   ; 1.000        ; -0.056     ; 2.936      ;
; -1.997 ; cont_clk[12] ; clk_1hz_int  ; clk_50mhz    ; clk_50mhz   ; 1.000        ; -0.056     ; 2.936      ;
; -1.942 ; cont_clk[7]  ; cont_clk[22] ; clk_50mhz    ; clk_50mhz   ; 1.000        ; -0.056     ; 2.881      ;
; -1.941 ; cont_clk[7]  ; cont_clk[20] ; clk_50mhz    ; clk_50mhz   ; 1.000        ; -0.056     ; 2.880      ;
; -1.941 ; cont_clk[7]  ; cont_clk[21] ; clk_50mhz    ; clk_50mhz   ; 1.000        ; -0.056     ; 2.880      ;
; -1.938 ; cont_clk[7]  ; cont_clk[6]  ; clk_50mhz    ; clk_50mhz   ; 1.000        ; -0.055     ; 2.878      ;
; -1.931 ; cont_clk[8]  ; clk_1hz_int  ; clk_50mhz    ; clk_50mhz   ; 1.000        ; -0.056     ; 2.870      ;
; -1.916 ; cont_clk[7]  ; cont_clk[14] ; clk_50mhz    ; clk_50mhz   ; 1.000        ; -0.056     ; 2.855      ;
; -1.915 ; cont_clk[7]  ; cont_clk[13] ; clk_50mhz    ; clk_50mhz   ; 1.000        ; -0.056     ; 2.854      ;
; -1.876 ; cont_clk[13] ; clk_1hz_int  ; clk_50mhz    ; clk_50mhz   ; 1.000        ; -0.056     ; 2.815      ;
; -1.857 ; cont_clk[7]  ; cont_clk[11] ; clk_50mhz    ; clk_50mhz   ; 1.000        ; -0.055     ; 2.797      ;
; -1.857 ; cont_clk[7]  ; cont_clk[0]  ; clk_50mhz    ; clk_50mhz   ; 1.000        ; -0.055     ; 2.797      ;
; -1.842 ; cont_clk[7]  ; cont_clk[12] ; clk_50mhz    ; clk_50mhz   ; 1.000        ; -0.056     ; 2.781      ;
; -1.842 ; cont_clk[7]  ; cont_clk[18] ; clk_50mhz    ; clk_50mhz   ; 1.000        ; -0.056     ; 2.781      ;
; -1.841 ; cont_clk[15] ; clk_1hz_int  ; clk_50mhz    ; clk_50mhz   ; 1.000        ; -0.055     ; 2.781      ;
; -1.840 ; cont_clk[7]  ; cont_clk[16] ; clk_50mhz    ; clk_50mhz   ; 1.000        ; -0.056     ; 2.779      ;
; -1.825 ; cont_clk[4]  ; cont_clk[22] ; clk_50mhz    ; clk_50mhz   ; 1.000        ; -0.056     ; 2.764      ;
; -1.824 ; cont_clk[4]  ; cont_clk[20] ; clk_50mhz    ; clk_50mhz   ; 1.000        ; -0.056     ; 2.763      ;
; -1.824 ; cont_clk[4]  ; cont_clk[21] ; clk_50mhz    ; clk_50mhz   ; 1.000        ; -0.056     ; 2.763      ;
; -1.821 ; cont_clk[4]  ; cont_clk[6]  ; clk_50mhz    ; clk_50mhz   ; 1.000        ; -0.055     ; 2.761      ;
; -1.809 ; cont_clk[17] ; clk_1hz_int  ; clk_50mhz    ; clk_50mhz   ; 1.000        ; -0.055     ; 2.749      ;
; -1.805 ; cont_clk[19] ; clk_1hz_int  ; clk_50mhz    ; clk_50mhz   ; 1.000        ; -0.389     ; 2.411      ;
; -1.804 ; cont_clk[3]  ; cont_clk[22] ; clk_50mhz    ; clk_50mhz   ; 1.000        ; -0.056     ; 2.743      ;
; -1.803 ; cont_clk[3]  ; cont_clk[20] ; clk_50mhz    ; clk_50mhz   ; 1.000        ; -0.056     ; 2.742      ;
; -1.803 ; cont_clk[3]  ; cont_clk[21] ; clk_50mhz    ; clk_50mhz   ; 1.000        ; -0.056     ; 2.742      ;
; -1.801 ; cont_clk[18] ; clk_1hz_int  ; clk_50mhz    ; clk_50mhz   ; 1.000        ; -0.056     ; 2.740      ;
; -1.800 ; cont_clk[3]  ; cont_clk[6]  ; clk_50mhz    ; clk_50mhz   ; 1.000        ; -0.055     ; 2.740      ;
; -1.799 ; cont_clk[4]  ; cont_clk[14] ; clk_50mhz    ; clk_50mhz   ; 1.000        ; -0.056     ; 2.738      ;
; -1.798 ; cont_clk[4]  ; cont_clk[13] ; clk_50mhz    ; clk_50mhz   ; 1.000        ; -0.056     ; 2.737      ;
; -1.785 ; cont_clk[16] ; clk_1hz_int  ; clk_50mhz    ; clk_50mhz   ; 1.000        ; -0.056     ; 2.724      ;
; -1.778 ; cont_clk[3]  ; cont_clk[14] ; clk_50mhz    ; clk_50mhz   ; 1.000        ; -0.056     ; 2.717      ;
; -1.777 ; cont_clk[3]  ; cont_clk[13] ; clk_50mhz    ; clk_50mhz   ; 1.000        ; -0.056     ; 2.716      ;
; -1.756 ; cont_clk[20] ; clk_1hz_int  ; clk_50mhz    ; clk_50mhz   ; 1.000        ; -0.055     ; 2.696      ;
; -1.749 ; cont_clk[1]  ; cont_clk[18] ; clk_50mhz    ; clk_50mhz   ; 1.000        ; -0.056     ; 2.688      ;
; -1.740 ; cont_clk[4]  ; cont_clk[11] ; clk_50mhz    ; clk_50mhz   ; 1.000        ; -0.055     ; 2.680      ;
; -1.740 ; cont_clk[4]  ; cont_clk[0]  ; clk_50mhz    ; clk_50mhz   ; 1.000        ; -0.055     ; 2.680      ;
; -1.727 ; cont_clk[23] ; clk_1hz_int  ; clk_50mhz    ; clk_50mhz   ; 1.000        ; -0.055     ; 2.667      ;
; -1.726 ; cont_clk[3]  ; cont_clk[11] ; clk_50mhz    ; clk_50mhz   ; 1.000        ; -0.055     ; 2.666      ;
; -1.725 ; cont_clk[4]  ; cont_clk[12] ; clk_50mhz    ; clk_50mhz   ; 1.000        ; -0.056     ; 2.664      ;
; -1.725 ; cont_clk[4]  ; cont_clk[18] ; clk_50mhz    ; clk_50mhz   ; 1.000        ; -0.056     ; 2.664      ;
; -1.725 ; cont_clk[3]  ; cont_clk[0]  ; clk_50mhz    ; clk_50mhz   ; 1.000        ; -0.055     ; 2.665      ;
; -1.723 ; cont_clk[4]  ; cont_clk[16] ; clk_50mhz    ; clk_50mhz   ; 1.000        ; -0.056     ; 2.662      ;
; -1.722 ; cont_clk[22] ; clk_1hz_int  ; clk_50mhz    ; clk_50mhz   ; 1.000        ; -0.055     ; 2.662      ;
; -1.707 ; cont_clk[6]  ; cont_clk[22] ; clk_50mhz    ; clk_50mhz   ; 1.000        ; -0.056     ; 2.646      ;
; -1.707 ; cont_clk[3]  ; cont_clk[12] ; clk_50mhz    ; clk_50mhz   ; 1.000        ; -0.056     ; 2.646      ;
; -1.707 ; cont_clk[3]  ; cont_clk[18] ; clk_50mhz    ; clk_50mhz   ; 1.000        ; -0.056     ; 2.646      ;
; -1.706 ; cont_clk[6]  ; cont_clk[20] ; clk_50mhz    ; clk_50mhz   ; 1.000        ; -0.056     ; 2.645      ;
; -1.706 ; cont_clk[6]  ; cont_clk[21] ; clk_50mhz    ; clk_50mhz   ; 1.000        ; -0.056     ; 2.645      ;
; -1.706 ; cont_clk[3]  ; cont_clk[16] ; clk_50mhz    ; clk_50mhz   ; 1.000        ; -0.056     ; 2.645      ;
; -1.703 ; cont_clk[6]  ; cont_clk[6]  ; clk_50mhz    ; clk_50mhz   ; 1.000        ; -0.055     ; 2.643      ;
; -1.692 ; cont_clk[1]  ; cont_clk[22] ; clk_50mhz    ; clk_50mhz   ; 1.000        ; -0.056     ; 2.631      ;
; -1.691 ; cont_clk[1]  ; cont_clk[20] ; clk_50mhz    ; clk_50mhz   ; 1.000        ; -0.056     ; 2.630      ;
; -1.691 ; cont_clk[1]  ; cont_clk[21] ; clk_50mhz    ; clk_50mhz   ; 1.000        ; -0.056     ; 2.630      ;
; -1.688 ; cont_clk[1]  ; cont_clk[6]  ; clk_50mhz    ; clk_50mhz   ; 1.000        ; -0.055     ; 2.628      ;
; -1.681 ; cont_clk[6]  ; cont_clk[14] ; clk_50mhz    ; clk_50mhz   ; 1.000        ; -0.056     ; 2.620      ;
; -1.681 ; cont_clk[0]  ; cont_clk[18] ; clk_50mhz    ; clk_50mhz   ; 1.000        ; -0.056     ; 2.620      ;
; -1.680 ; cont_clk[6]  ; cont_clk[13] ; clk_50mhz    ; clk_50mhz   ; 1.000        ; -0.056     ; 2.619      ;
; -1.669 ; cont_clk[21] ; clk_1hz_int  ; clk_50mhz    ; clk_50mhz   ; 1.000        ; -0.055     ; 2.609      ;
; -1.666 ; cont_clk[1]  ; cont_clk[14] ; clk_50mhz    ; clk_50mhz   ; 1.000        ; -0.056     ; 2.605      ;
; -1.665 ; cont_clk[1]  ; cont_clk[13] ; clk_50mhz    ; clk_50mhz   ; 1.000        ; -0.056     ; 2.604      ;
; -1.652 ; cont_clk[1]  ; cont_clk[16] ; clk_50mhz    ; clk_50mhz   ; 1.000        ; -0.056     ; 2.591      ;
; -1.634 ; cont_clk[24] ; clk_1hz_int  ; clk_50mhz    ; clk_50mhz   ; 1.000        ; -0.389     ; 2.240      ;
; -1.628 ; cont_clk[5]  ; cont_clk[22] ; clk_50mhz    ; clk_50mhz   ; 1.000        ; -0.056     ; 2.567      ;
; -1.628 ; cont_clk[6]  ; cont_clk[11] ; clk_50mhz    ; clk_50mhz   ; 1.000        ; -0.055     ; 2.568      ;
; -1.627 ; cont_clk[5]  ; cont_clk[20] ; clk_50mhz    ; clk_50mhz   ; 1.000        ; -0.056     ; 2.566      ;
; -1.627 ; cont_clk[5]  ; cont_clk[21] ; clk_50mhz    ; clk_50mhz   ; 1.000        ; -0.056     ; 2.566      ;
; -1.627 ; cont_clk[6]  ; cont_clk[0]  ; clk_50mhz    ; clk_50mhz   ; 1.000        ; -0.055     ; 2.567      ;
; -1.626 ; cont_clk[9]  ; cont_clk[22] ; clk_50mhz    ; clk_50mhz   ; 1.000        ; -0.056     ; 2.565      ;
; -1.625 ; cont_clk[9]  ; cont_clk[20] ; clk_50mhz    ; clk_50mhz   ; 1.000        ; -0.056     ; 2.564      ;
; -1.625 ; cont_clk[9]  ; cont_clk[21] ; clk_50mhz    ; clk_50mhz   ; 1.000        ; -0.056     ; 2.564      ;
; -1.624 ; cont_clk[5]  ; cont_clk[6]  ; clk_50mhz    ; clk_50mhz   ; 1.000        ; -0.055     ; 2.564      ;
; -1.622 ; cont_clk[1]  ; cont_clk[24] ; clk_50mhz    ; clk_50mhz   ; 1.000        ; 0.264      ; 2.881      ;
; -1.622 ; cont_clk[9]  ; cont_clk[6]  ; clk_50mhz    ; clk_50mhz   ; 1.000        ; -0.055     ; 2.562      ;
; -1.620 ; cont_clk[10] ; cont_clk[22] ; clk_50mhz    ; clk_50mhz   ; 1.000        ; -0.056     ; 2.559      ;
; -1.619 ; cont_clk[10] ; cont_clk[20] ; clk_50mhz    ; clk_50mhz   ; 1.000        ; -0.056     ; 2.558      ;
; -1.619 ; cont_clk[10] ; cont_clk[21] ; clk_50mhz    ; clk_50mhz   ; 1.000        ; -0.056     ; 2.558      ;
; -1.616 ; cont_clk[0]  ; cont_clk[22] ; clk_50mhz    ; clk_50mhz   ; 1.000        ; -0.056     ; 2.555      ;
; -1.616 ; cont_clk[10] ; cont_clk[6]  ; clk_50mhz    ; clk_50mhz   ; 1.000        ; -0.055     ; 2.556      ;
; -1.609 ; cont_clk[6]  ; cont_clk[12] ; clk_50mhz    ; clk_50mhz   ; 1.000        ; -0.056     ; 2.548      ;
; -1.609 ; cont_clk[6]  ; cont_clk[18] ; clk_50mhz    ; clk_50mhz   ; 1.000        ; -0.056     ; 2.548      ;
; -1.608 ; cont_clk[6]  ; cont_clk[16] ; clk_50mhz    ; clk_50mhz   ; 1.000        ; -0.056     ; 2.547      ;
; -1.607 ; cont_clk[1]  ; cont_clk[11] ; clk_50mhz    ; clk_50mhz   ; 1.000        ; -0.055     ; 2.547      ;
; -1.607 ; cont_clk[1]  ; cont_clk[0]  ; clk_50mhz    ; clk_50mhz   ; 1.000        ; -0.055     ; 2.547      ;
; -1.602 ; cont_clk[5]  ; cont_clk[14] ; clk_50mhz    ; clk_50mhz   ; 1.000        ; -0.056     ; 2.541      ;
; -1.601 ; cont_clk[5]  ; cont_clk[13] ; clk_50mhz    ; clk_50mhz   ; 1.000        ; -0.056     ; 2.540      ;
; -1.600 ; cont_clk[9]  ; cont_clk[14] ; clk_50mhz    ; clk_50mhz   ; 1.000        ; -0.056     ; 2.539      ;
; -1.599 ; cont_clk[9]  ; cont_clk[13] ; clk_50mhz    ; clk_50mhz   ; 1.000        ; -0.056     ; 2.538      ;
; -1.594 ; cont_clk[10] ; cont_clk[14] ; clk_50mhz    ; clk_50mhz   ; 1.000        ; -0.056     ; 2.533      ;
; -1.593 ; cont_clk[7]  ; cont_clk[24] ; clk_50mhz    ; clk_50mhz   ; 1.000        ; 0.264      ; 2.852      ;
+--------+--------------+--------------+--------------+-------------+--------------+------------+------------+


+------------------------------------------------------------------------------------------------------------------------------------------------------------------------------------------+
; Slow 1200mV 0C Model Setup: 'clk_1hz_int'                                                                                                                                                ;
+--------+-----------------------------------------------------+-----------------------------------------------------+--------------+-------------+--------------+------------+------------+
; Slack  ; From Node                                           ; To Node                                             ; Launch Clock ; Latch Clock ; Relationship ; Clock Skew ; Data Delay ;
+--------+-----------------------------------------------------+-----------------------------------------------------+--------------+-------------+--------------+------------+------------+
; -1.402 ; control:MODULO_CONTROL|base_u[3]                    ; control:MODULO_CONTROL|base_d[2]                    ; clk_1hz_int  ; clk_1hz_int ; 1.000        ; -0.054     ; 2.343      ;
; -1.398 ; control:MODULO_CONTROL|base_u[0]                    ; control:MODULO_CONTROL|base_d[2]                    ; clk_1hz_int  ; clk_1hz_int ; 1.000        ; -0.054     ; 2.339      ;
; -1.214 ; control:MODULO_CONTROL|base_u[1]                    ; control:MODULO_CONTROL|base_d[2]                    ; clk_1hz_int  ; clk_1hz_int ; 1.000        ; -0.054     ; 2.155      ;
; -1.204 ; control:MODULO_CONTROL|base_d[1]                    ; control:MODULO_CONTROL|base_u[1]                    ; clk_1hz_int  ; clk_1hz_int ; 1.000        ; -0.408     ; 1.791      ;
; -1.202 ; control:MODULO_CONTROL|base_d[1]                    ; control:MODULO_CONTROL|base_u[3]                    ; clk_1hz_int  ; clk_1hz_int ; 1.000        ; -0.408     ; 1.789      ;
; -1.195 ; control:MODULO_CONTROL|base_d[1]                    ; control:MODULO_CONTROL|base_u[2]                    ; clk_1hz_int  ; clk_1hz_int ; 1.000        ; -0.408     ; 1.782      ;
; -1.144 ; control:MODULO_CONTROL|base_d[1]                    ; control:MODULO_CONTROL|estado_actual.OCUPADO_LIMITE ; clk_1hz_int  ; clk_1hz_int ; 1.000        ; -0.421     ; 1.718      ;
; -1.136 ; control:MODULO_CONTROL|base_d[1]                    ; control:MODULO_CONTROL|estado_actual.EXCESO_TIEMPO  ; clk_1hz_int  ; clk_1hz_int ; 1.000        ; -0.421     ; 1.710      ;
; -1.094 ; control:MODULO_CONTROL|base_u[2]                    ; control:MODULO_CONTROL|base_d[2]                    ; clk_1hz_int  ; clk_1hz_int ; 1.000        ; -0.054     ; 2.035      ;
; -1.056 ; control:MODULO_CONTROL|base_u[3]                    ; control:MODULO_CONTROL|base_d[1]                    ; clk_1hz_int  ; clk_1hz_int ; 1.000        ; 0.285      ; 2.336      ;
; -1.052 ; control:MODULO_CONTROL|base_u[0]                    ; control:MODULO_CONTROL|base_d[1]                    ; clk_1hz_int  ; clk_1hz_int ; 1.000        ; 0.285      ; 2.332      ;
; -1.044 ; control:MODULO_CONTROL|base_d[2]                    ; control:MODULO_CONTROL|base_u[1]                    ; clk_1hz_int  ; clk_1hz_int ; 1.000        ; -0.054     ; 1.985      ;
; -1.044 ; control:MODULO_CONTROL|base_u[1]                    ; control:MODULO_CONTROL|base_u[1]                    ; clk_1hz_int  ; clk_1hz_int ; 1.000        ; -0.054     ; 1.985      ;
; -1.041 ; control:MODULO_CONTROL|base_d[2]                    ; control:MODULO_CONTROL|base_u[3]                    ; clk_1hz_int  ; clk_1hz_int ; 1.000        ; -0.054     ; 1.982      ;
; -1.041 ; control:MODULO_CONTROL|base_u[1]                    ; control:MODULO_CONTROL|base_u[3]                    ; clk_1hz_int  ; clk_1hz_int ; 1.000        ; -0.054     ; 1.982      ;
; -1.041 ; control:MODULO_CONTROL|base_d[2]                    ; control:MODULO_CONTROL|base_u[2]                    ; clk_1hz_int  ; clk_1hz_int ; 1.000        ; -0.054     ; 1.982      ;
; -1.041 ; control:MODULO_CONTROL|base_u[1]                    ; control:MODULO_CONTROL|base_u[2]                    ; clk_1hz_int  ; clk_1hz_int ; 1.000        ; -0.054     ; 1.982      ;
; -1.028 ; control:MODULO_CONTROL|estado_actual.OCUPADO_LIMITE ; control:MODULO_CONTROL|base_d[2]                    ; clk_1hz_int  ; clk_1hz_int ; 1.000        ; -0.041     ; 1.982      ;
; -1.027 ; control:MODULO_CONTROL|base_d[0]                    ; control:MODULO_CONTROL|base_u[1]                    ; clk_1hz_int  ; clk_1hz_int ; 1.000        ; -0.054     ; 1.968      ;
; -1.026 ; control:MODULO_CONTROL|base_d[3]                    ; control:MODULO_CONTROL|base_u[1]                    ; clk_1hz_int  ; clk_1hz_int ; 1.000        ; -0.054     ; 1.967      ;
; -1.025 ; control:MODULO_CONTROL|base_d[0]                    ; control:MODULO_CONTROL|base_u[3]                    ; clk_1hz_int  ; clk_1hz_int ; 1.000        ; -0.054     ; 1.966      ;
; -1.024 ; control:MODULO_CONTROL|extra_u[1]                   ; control:MODULO_CONTROL|extra_d[3]                   ; clk_1hz_int  ; clk_1hz_int ; 1.000        ; -0.055     ; 1.964      ;
; -1.023 ; control:MODULO_CONTROL|extra_u[1]                   ; control:MODULO_CONTROL|extra_d[2]                   ; clk_1hz_int  ; clk_1hz_int ; 1.000        ; -0.055     ; 1.963      ;
; -1.023 ; control:MODULO_CONTROL|base_d[3]                    ; control:MODULO_CONTROL|base_u[3]                    ; clk_1hz_int  ; clk_1hz_int ; 1.000        ; -0.054     ; 1.964      ;
; -1.023 ; control:MODULO_CONTROL|base_d[3]                    ; control:MODULO_CONTROL|base_u[2]                    ; clk_1hz_int  ; clk_1hz_int ; 1.000        ; -0.054     ; 1.964      ;
; -1.022 ; control:MODULO_CONTROL|extra_u[1]                   ; control:MODULO_CONTROL|extra_d[1]                   ; clk_1hz_int  ; clk_1hz_int ; 1.000        ; -0.055     ; 1.962      ;
; -1.018 ; control:MODULO_CONTROL|base_d[0]                    ; control:MODULO_CONTROL|base_u[2]                    ; clk_1hz_int  ; clk_1hz_int ; 1.000        ; -0.054     ; 1.959      ;
; -1.014 ; control:MODULO_CONTROL|base_u[3]                    ; control:MODULO_CONTROL|base_u[1]                    ; clk_1hz_int  ; clk_1hz_int ; 1.000        ; -0.054     ; 1.955      ;
; -1.012 ; control:MODULO_CONTROL|base_u[3]                    ; control:MODULO_CONTROL|base_u[3]                    ; clk_1hz_int  ; clk_1hz_int ; 1.000        ; -0.054     ; 1.953      ;
; -1.008 ; control:MODULO_CONTROL|base_u[3]                    ; control:MODULO_CONTROL|base_u[2]                    ; clk_1hz_int  ; clk_1hz_int ; 1.000        ; -0.054     ; 1.949      ;
; -0.996 ; control:MODULO_CONTROL|base_d[2]                    ; control:MODULO_CONTROL|estado_actual.OCUPADO_LIMITE ; clk_1hz_int  ; clk_1hz_int ; 1.000        ; -0.067     ; 1.924      ;
; -0.996 ; control:MODULO_CONTROL|base_u[1]                    ; control:MODULO_CONTROL|estado_actual.OCUPADO_LIMITE ; clk_1hz_int  ; clk_1hz_int ; 1.000        ; -0.067     ; 1.924      ;
; -0.996 ; control:MODULO_CONTROL|base_d[2]                    ; control:MODULO_CONTROL|estado_actual.EXCESO_TIEMPO  ; clk_1hz_int  ; clk_1hz_int ; 1.000        ; -0.067     ; 1.924      ;
; -0.996 ; control:MODULO_CONTROL|base_u[1]                    ; control:MODULO_CONTROL|estado_actual.EXCESO_TIEMPO  ; clk_1hz_int  ; clk_1hz_int ; 1.000        ; -0.067     ; 1.924      ;
; -0.985 ; control:MODULO_CONTROL|base_d[3]                    ; control:MODULO_CONTROL|estado_actual.OCUPADO_LIMITE ; clk_1hz_int  ; clk_1hz_int ; 1.000        ; -0.067     ; 1.913      ;
; -0.985 ; control:MODULO_CONTROL|base_d[3]                    ; control:MODULO_CONTROL|estado_actual.EXCESO_TIEMPO  ; clk_1hz_int  ; clk_1hz_int ; 1.000        ; -0.067     ; 1.913      ;
; -0.976 ; control:MODULO_CONTROL|base_u[3]                    ; control:MODULO_CONTROL|base_d[0]                    ; clk_1hz_int  ; clk_1hz_int ; 1.000        ; -0.054     ; 1.917      ;
; -0.975 ; control:MODULO_CONTROL|base_u[2]                    ; control:MODULO_CONTROL|base_u[1]                    ; clk_1hz_int  ; clk_1hz_int ; 1.000        ; -0.054     ; 1.916      ;
; -0.973 ; control:MODULO_CONTROL|base_u[2]                    ; control:MODULO_CONTROL|base_u[3]                    ; clk_1hz_int  ; clk_1hz_int ; 1.000        ; -0.054     ; 1.914      ;
; -0.972 ; control:MODULO_CONTROL|base_u[0]                    ; control:MODULO_CONTROL|base_d[0]                    ; clk_1hz_int  ; clk_1hz_int ; 1.000        ; -0.054     ; 1.913      ;
; -0.970 ; control:MODULO_CONTROL|base_u[3]                    ; control:MODULO_CONTROL|estado_actual.OCUPADO_LIMITE ; clk_1hz_int  ; clk_1hz_int ; 1.000        ; -0.067     ; 1.898      ;
; -0.970 ; control:MODULO_CONTROL|base_u[3]                    ; control:MODULO_CONTROL|estado_actual.EXCESO_TIEMPO  ; clk_1hz_int  ; clk_1hz_int ; 1.000        ; -0.067     ; 1.898      ;
; -0.966 ; control:MODULO_CONTROL|extra_u[1]                   ; control:MODULO_CONTROL|extra_u[3]                   ; clk_1hz_int  ; clk_1hz_int ; 1.000        ; -0.055     ; 1.906      ;
; -0.966 ; control:MODULO_CONTROL|base_u[2]                    ; control:MODULO_CONTROL|base_u[2]                    ; clk_1hz_int  ; clk_1hz_int ; 1.000        ; -0.054     ; 1.907      ;
; -0.963 ; control:MODULO_CONTROL|extra_u[1]                   ; control:MODULO_CONTROL|extra_u[1]                   ; clk_1hz_int  ; clk_1hz_int ; 1.000        ; -0.055     ; 1.903      ;
; -0.963 ; control:MODULO_CONTROL|base_d[0]                    ; control:MODULO_CONTROL|estado_actual.OCUPADO_LIMITE ; clk_1hz_int  ; clk_1hz_int ; 1.000        ; -0.067     ; 1.891      ;
; -0.961 ; control:MODULO_CONTROL|base_u[0]                    ; control:MODULO_CONTROL|base_u[1]                    ; clk_1hz_int  ; clk_1hz_int ; 1.000        ; -0.054     ; 1.902      ;
; -0.959 ; control:MODULO_CONTROL|base_u[0]                    ; control:MODULO_CONTROL|base_u[3]                    ; clk_1hz_int  ; clk_1hz_int ; 1.000        ; -0.054     ; 1.900      ;
; -0.952 ; control:MODULO_CONTROL|base_u[0]                    ; control:MODULO_CONTROL|base_u[2]                    ; clk_1hz_int  ; clk_1hz_int ; 1.000        ; -0.054     ; 1.893      ;
; -0.951 ; control:MODULO_CONTROL|base_u[3]                    ; control:MODULO_CONTROL|base_d[3]                    ; clk_1hz_int  ; clk_1hz_int ; 1.000        ; -0.054     ; 1.892      ;
; -0.950 ; control:MODULO_CONTROL|base_d[0]                    ; control:MODULO_CONTROL|estado_actual.EXCESO_TIEMPO  ; clk_1hz_int  ; clk_1hz_int ; 1.000        ; -0.067     ; 1.878      ;
; -0.947 ; control:MODULO_CONTROL|base_u[0]                    ; control:MODULO_CONTROL|base_d[3]                    ; clk_1hz_int  ; clk_1hz_int ; 1.000        ; -0.054     ; 1.888      ;
; -0.940 ; control:MODULO_CONTROL|extra_u[0]                   ; control:MODULO_CONTROL|extra_d[3]                   ; clk_1hz_int  ; clk_1hz_int ; 1.000        ; -0.055     ; 1.880      ;
; -0.938 ; control:MODULO_CONTROL|extra_u[0]                   ; control:MODULO_CONTROL|extra_d[2]                   ; clk_1hz_int  ; clk_1hz_int ; 1.000        ; -0.055     ; 1.878      ;
; -0.936 ; control:MODULO_CONTROL|extra_u[0]                   ; control:MODULO_CONTROL|extra_d[1]                   ; clk_1hz_int  ; clk_1hz_int ; 1.000        ; -0.055     ; 1.876      ;
; -0.915 ; control:MODULO_CONTROL|base_u[2]                    ; control:MODULO_CONTROL|estado_actual.OCUPADO_LIMITE ; clk_1hz_int  ; clk_1hz_int ; 1.000        ; -0.067     ; 1.843      ;
; -0.913 ; control:MODULO_CONTROL|base_d[1]                    ; control:MODULO_CONTROL|base_u[0]                    ; clk_1hz_int  ; clk_1hz_int ; 1.000        ; -0.408     ; 1.500      ;
; -0.902 ; control:MODULO_CONTROL|base_u[2]                    ; control:MODULO_CONTROL|estado_actual.EXCESO_TIEMPO  ; clk_1hz_int  ; clk_1hz_int ; 1.000        ; -0.067     ; 1.830      ;
; -0.897 ; control:MODULO_CONTROL|base_u[0]                    ; control:MODULO_CONTROL|estado_actual.OCUPADO_LIMITE ; clk_1hz_int  ; clk_1hz_int ; 1.000        ; -0.067     ; 1.825      ;
; -0.897 ; control:MODULO_CONTROL|extra_d[1]                   ; control:MODULO_CONTROL|extra_d[3]                   ; clk_1hz_int  ; clk_1hz_int ; 1.000        ; -0.054     ; 1.838      ;
; -0.895 ; control:MODULO_CONTROL|estado_actual.OCUPADO_LIMITE ; control:MODULO_CONTROL|base_d[3]                    ; clk_1hz_int  ; clk_1hz_int ; 1.000        ; -0.041     ; 1.849      ;
; -0.895 ; control:MODULO_CONTROL|extra_d[1]                   ; control:MODULO_CONTROL|extra_d[2]                   ; clk_1hz_int  ; clk_1hz_int ; 1.000        ; -0.054     ; 1.836      ;
; -0.893 ; control:MODULO_CONTROL|extra_d[1]                   ; control:MODULO_CONTROL|extra_d[1]                   ; clk_1hz_int  ; clk_1hz_int ; 1.000        ; -0.054     ; 1.834      ;
; -0.886 ; control:MODULO_CONTROL|estado_actual.OCUPADO_LIMITE ; control:MODULO_CONTROL|base_u[3]                    ; clk_1hz_int  ; clk_1hz_int ; 1.000        ; -0.041     ; 1.840      ;
; -0.884 ; control:MODULO_CONTROL|base_u[0]                    ; control:MODULO_CONTROL|estado_actual.EXCESO_TIEMPO  ; clk_1hz_int  ; clk_1hz_int ; 1.000        ; -0.067     ; 1.812      ;
; -0.883 ; control:MODULO_CONTROL|estado_actual.OCUPADO_LIMITE ; control:MODULO_CONTROL|base_u[1]                    ; clk_1hz_int  ; clk_1hz_int ; 1.000        ; -0.041     ; 1.837      ;
; -0.874 ; control:MODULO_CONTROL|base_u[1]                    ; control:MODULO_CONTROL|base_d[1]                    ; clk_1hz_int  ; clk_1hz_int ; 1.000        ; 0.285      ; 2.154      ;
; -0.871 ; control:MODULO_CONTROL|extra_d[3]                   ; control:MODULO_CONTROL|extra_d[3]                   ; clk_1hz_int  ; clk_1hz_int ; 1.000        ; -0.054     ; 1.812      ;
; -0.870 ; control:MODULO_CONTROL|extra_d[3]                   ; control:MODULO_CONTROL|extra_d[2]                   ; clk_1hz_int  ; clk_1hz_int ; 1.000        ; -0.054     ; 1.811      ;
; -0.869 ; control:MODULO_CONTROL|extra_d[3]                   ; control:MODULO_CONTROL|extra_d[1]                   ; clk_1hz_int  ; clk_1hz_int ; 1.000        ; -0.054     ; 1.810      ;
; -0.869 ; control:MODULO_CONTROL|base_d[1]                    ; control:MODULO_CONTROL|base_d[3]                    ; clk_1hz_int  ; clk_1hz_int ; 1.000        ; -0.408     ; 1.456      ;
; -0.845 ; control:MODULO_CONTROL|extra_u[0]                   ; control:MODULO_CONTROL|extra_u[3]                   ; clk_1hz_int  ; clk_1hz_int ; 1.000        ; -0.055     ; 1.785      ;
; -0.845 ; control:MODULO_CONTROL|base_u[1]                    ; control:MODULO_CONTROL|base_d[0]                    ; clk_1hz_int  ; clk_1hz_int ; 1.000        ; -0.054     ; 1.786      ;
; -0.842 ; control:MODULO_CONTROL|extra_u[0]                   ; control:MODULO_CONTROL|extra_u[1]                   ; clk_1hz_int  ; clk_1hz_int ; 1.000        ; -0.055     ; 1.782      ;
; -0.838 ; control:MODULO_CONTROL|extra_u[3]                   ; control:MODULO_CONTROL|extra_d[3]                   ; clk_1hz_int  ; clk_1hz_int ; 1.000        ; -0.055     ; 1.778      ;
; -0.838 ; control:MODULO_CONTROL|base_u[1]                    ; control:MODULO_CONTROL|base_d[3]                    ; clk_1hz_int  ; clk_1hz_int ; 1.000        ; -0.054     ; 1.779      ;
; -0.836 ; control:MODULO_CONTROL|extra_u[3]                   ; control:MODULO_CONTROL|extra_d[2]                   ; clk_1hz_int  ; clk_1hz_int ; 1.000        ; -0.055     ; 1.776      ;
; -0.834 ; control:MODULO_CONTROL|extra_u[3]                   ; control:MODULO_CONTROL|extra_d[1]                   ; clk_1hz_int  ; clk_1hz_int ; 1.000        ; -0.055     ; 1.774      ;
; -0.796 ; control:MODULO_CONTROL|base_d[1]                    ; control:MODULO_CONTROL|base_d[2]                    ; clk_1hz_int  ; clk_1hz_int ; 1.000        ; -0.408     ; 1.383      ;
; -0.758 ; control:MODULO_CONTROL|base_d[2]                    ; control:MODULO_CONTROL|base_u[0]                    ; clk_1hz_int  ; clk_1hz_int ; 1.000        ; -0.054     ; 1.699      ;
; -0.758 ; control:MODULO_CONTROL|base_u[1]                    ; control:MODULO_CONTROL|base_u[0]                    ; clk_1hz_int  ; clk_1hz_int ; 1.000        ; -0.054     ; 1.699      ;
; -0.753 ; control:MODULO_CONTROL|extra_d[2]                   ; control:MODULO_CONTROL|extra_d[3]                   ; clk_1hz_int  ; clk_1hz_int ; 1.000        ; -0.054     ; 1.694      ;
; -0.751 ; control:MODULO_CONTROL|extra_d[2]                   ; control:MODULO_CONTROL|extra_d[2]                   ; clk_1hz_int  ; clk_1hz_int ; 1.000        ; -0.054     ; 1.692      ;
; -0.749 ; control:MODULO_CONTROL|extra_d[2]                   ; control:MODULO_CONTROL|extra_d[1]                   ; clk_1hz_int  ; clk_1hz_int ; 1.000        ; -0.054     ; 1.690      ;
; -0.748 ; control:MODULO_CONTROL|base_u[2]                    ; control:MODULO_CONTROL|base_d[1]                    ; clk_1hz_int  ; clk_1hz_int ; 1.000        ; 0.285      ; 2.028      ;
; -0.743 ; control:MODULO_CONTROL|extra_u[1]                   ; control:MODULO_CONTROL|extra_d[0]                   ; clk_1hz_int  ; clk_1hz_int ; 1.000        ; -0.055     ; 1.683      ;
; -0.742 ; control:MODULO_CONTROL|extra_u[2]                   ; control:MODULO_CONTROL|extra_d[3]                   ; clk_1hz_int  ; clk_1hz_int ; 1.000        ; -0.055     ; 1.682      ;
; -0.741 ; control:MODULO_CONTROL|extra_u[2]                   ; control:MODULO_CONTROL|extra_d[2]                   ; clk_1hz_int  ; clk_1hz_int ; 1.000        ; -0.055     ; 1.681      ;
; -0.740 ; control:MODULO_CONTROL|extra_u[2]                   ; control:MODULO_CONTROL|extra_d[1]                   ; clk_1hz_int  ; clk_1hz_int ; 1.000        ; -0.055     ; 1.680      ;
; -0.740 ; control:MODULO_CONTROL|base_d[3]                    ; control:MODULO_CONTROL|base_u[0]                    ; clk_1hz_int  ; clk_1hz_int ; 1.000        ; -0.054     ; 1.681      ;
; -0.736 ; control:MODULO_CONTROL|base_d[0]                    ; control:MODULO_CONTROL|base_u[0]                    ; clk_1hz_int  ; clk_1hz_int ; 1.000        ; -0.054     ; 1.677      ;
; -0.729 ; control:MODULO_CONTROL|extra_u[3]                   ; control:MODULO_CONTROL|extra_u[3]                   ; clk_1hz_int  ; clk_1hz_int ; 1.000        ; -0.055     ; 1.669      ;
; -0.727 ; control:MODULO_CONTROL|base_d[0]                    ; control:MODULO_CONTROL|base_d[2]                    ; clk_1hz_int  ; clk_1hz_int ; 1.000        ; -0.054     ; 1.668      ;
; -0.727 ; control:MODULO_CONTROL|extra_u[3]                   ; control:MODULO_CONTROL|extra_u[1]                   ; clk_1hz_int  ; clk_1hz_int ; 1.000        ; -0.055     ; 1.667      ;
; -0.725 ; control:MODULO_CONTROL|base_u[3]                    ; control:MODULO_CONTROL|base_u[0]                    ; clk_1hz_int  ; clk_1hz_int ; 1.000        ; -0.054     ; 1.666      ;
; -0.712 ; control:MODULO_CONTROL|extra_d[0]                   ; control:MODULO_CONTROL|extra_d[3]                   ; clk_1hz_int  ; clk_1hz_int ; 1.000        ; -0.054     ; 1.653      ;
; -0.711 ; control:MODULO_CONTROL|extra_d[0]                   ; control:MODULO_CONTROL|extra_d[2]                   ; clk_1hz_int  ; clk_1hz_int ; 1.000        ; -0.054     ; 1.652      ;
; -0.710 ; control:MODULO_CONTROL|extra_d[0]                   ; control:MODULO_CONTROL|extra_d[1]                   ; clk_1hz_int  ; clk_1hz_int ; 1.000        ; -0.054     ; 1.651      ;
; -0.694 ; control:MODULO_CONTROL|base_u[2]                    ; control:MODULO_CONTROL|base_d[0]                    ; clk_1hz_int  ; clk_1hz_int ; 1.000        ; -0.054     ; 1.635      ;
; -0.687 ; control:MODULO_CONTROL|base_u[2]                    ; control:MODULO_CONTROL|base_d[3]                    ; clk_1hz_int  ; clk_1hz_int ; 1.000        ; -0.054     ; 1.628      ;
+--------+-----------------------------------------------------+-----------------------------------------------------+--------------+-------------+--------------+------------+------------+


+------------------------------------------------------------------------------------------------------------+
; Slow 1200mV 0C Model Hold: 'clk_50mhz'                                                                     ;
+--------+--------------+--------------+--------------+-------------+--------------+------------+------------+
; Slack  ; From Node    ; To Node      ; Launch Clock ; Latch Clock ; Relationship ; Clock Skew ; Data Delay ;
+--------+--------------+--------------+--------------+-------------+--------------+------------+------------+
; -0.157 ; clk_1hz_int  ; clk_1hz_int  ; clk_1hz_int  ; clk_50mhz   ; 0.000        ; 2.242      ; 2.439      ;
; 0.375  ; clk_1hz_int  ; clk_1hz_int  ; clk_1hz_int  ; clk_50mhz   ; -0.500       ; 2.242      ; 2.471      ;
; 0.499  ; cont_clk[9]  ; cont_clk[9]  ; clk_50mhz    ; clk_50mhz   ; 0.000        ; 0.055      ; 0.698      ;
; 0.502  ; cont_clk[10] ; cont_clk[10] ; clk_50mhz    ; clk_50mhz   ; 0.000        ; 0.055      ; 0.701      ;
; 0.503  ; cont_clk[8]  ; cont_clk[8]  ; clk_50mhz    ; clk_50mhz   ; 0.000        ; 0.055      ; 0.702      ;
; 0.510  ; cont_clk[15] ; cont_clk[15] ; clk_50mhz    ; clk_50mhz   ; 0.000        ; 0.055      ; 0.709      ;
; 0.511  ; cont_clk[1]  ; cont_clk[1]  ; clk_50mhz    ; clk_50mhz   ; 0.000        ; 0.055      ; 0.710      ;
; 0.511  ; cont_clk[7]  ; cont_clk[7]  ; clk_50mhz    ; clk_50mhz   ; 0.000        ; 0.055      ; 0.710      ;
; 0.511  ; cont_clk[17] ; cont_clk[17] ; clk_50mhz    ; clk_50mhz   ; 0.000        ; 0.055      ; 0.710      ;
; 0.511  ; cont_clk[23] ; cont_clk[23] ; clk_50mhz    ; clk_50mhz   ; 0.000        ; 0.055      ; 0.710      ;
; 0.512  ; cont_clk[2]  ; cont_clk[2]  ; clk_50mhz    ; clk_50mhz   ; 0.000        ; 0.055      ; 0.711      ;
; 0.514  ; cont_clk[3]  ; cont_clk[3]  ; clk_50mhz    ; clk_50mhz   ; 0.000        ; 0.055      ; 0.713      ;
; 0.514  ; cont_clk[5]  ; cont_clk[5]  ; clk_50mhz    ; clk_50mhz   ; 0.000        ; 0.055      ; 0.713      ;
; 0.516  ; cont_clk[4]  ; cont_clk[4]  ; clk_50mhz    ; clk_50mhz   ; 0.000        ; 0.055      ; 0.715      ;
; 0.743  ; cont_clk[9]  ; cont_clk[10] ; clk_50mhz    ; clk_50mhz   ; 0.000        ; 0.055      ; 0.942      ;
; 0.752  ; cont_clk[8]  ; cont_clk[9]  ; clk_50mhz    ; clk_50mhz   ; 0.000        ; 0.055      ; 0.951      ;
; 0.755  ; cont_clk[7]  ; cont_clk[8]  ; clk_50mhz    ; clk_50mhz   ; 0.000        ; 0.055      ; 0.954      ;
; 0.755  ; cont_clk[1]  ; cont_clk[2]  ; clk_50mhz    ; clk_50mhz   ; 0.000        ; 0.055      ; 0.954      ;
; 0.759  ; cont_clk[3]  ; cont_clk[4]  ; clk_50mhz    ; clk_50mhz   ; 0.000        ; 0.055      ; 0.958      ;
; 0.759  ; cont_clk[8]  ; cont_clk[10] ; clk_50mhz    ; clk_50mhz   ; 0.000        ; 0.055      ; 0.958      ;
; 0.761  ; cont_clk[22] ; cont_clk[23] ; clk_50mhz    ; clk_50mhz   ; 0.000        ; 0.055      ; 0.960      ;
; 0.761  ; cont_clk[2]  ; cont_clk[3]  ; clk_50mhz    ; clk_50mhz   ; 0.000        ; 0.055      ; 0.960      ;
; 0.764  ; cont_clk[0]  ; cont_clk[1]  ; clk_50mhz    ; clk_50mhz   ; 0.000        ; 0.055      ; 0.963      ;
; 0.765  ; cont_clk[4]  ; cont_clk[5]  ; clk_50mhz    ; clk_50mhz   ; 0.000        ; 0.055      ; 0.964      ;
; 0.766  ; cont_clk[6]  ; cont_clk[7]  ; clk_50mhz    ; clk_50mhz   ; 0.000        ; 0.055      ; 0.965      ;
; 0.768  ; cont_clk[2]  ; cont_clk[4]  ; clk_50mhz    ; clk_50mhz   ; 0.000        ; 0.055      ; 0.967      ;
; 0.771  ; cont_clk[0]  ; cont_clk[2]  ; clk_50mhz    ; clk_50mhz   ; 0.000        ; 0.055      ; 0.970      ;
; 0.773  ; cont_clk[6]  ; cont_clk[8]  ; clk_50mhz    ; clk_50mhz   ; 0.000        ; 0.055      ; 0.972      ;
; 0.779  ; cont_clk[22] ; cont_clk[22] ; clk_50mhz    ; clk_50mhz   ; 0.000        ; 0.055      ; 0.978      ;
; 0.780  ; cont_clk[20] ; cont_clk[20] ; clk_50mhz    ; clk_50mhz   ; 0.000        ; 0.055      ; 0.979      ;
; 0.781  ; cont_clk[21] ; cont_clk[21] ; clk_50mhz    ; clk_50mhz   ; 0.000        ; 0.055      ; 0.980      ;
; 0.835  ; cont_clk[23] ; cont_clk[24] ; clk_50mhz    ; clk_50mhz   ; 0.000        ; 0.389      ; 1.368      ;
; 0.843  ; cont_clk[15] ; cont_clk[17] ; clk_50mhz    ; clk_50mhz   ; 0.000        ; 0.055      ; 1.042      ;
; 0.844  ; cont_clk[7]  ; cont_clk[9]  ; clk_50mhz    ; clk_50mhz   ; 0.000        ; 0.055      ; 1.043      ;
; 0.844  ; cont_clk[1]  ; cont_clk[3]  ; clk_50mhz    ; clk_50mhz   ; 0.000        ; 0.055      ; 1.043      ;
; 0.848  ; cont_clk[21] ; cont_clk[23] ; clk_50mhz    ; clk_50mhz   ; 0.000        ; 0.055      ; 1.047      ;
; 0.848  ; cont_clk[3]  ; cont_clk[5]  ; clk_50mhz    ; clk_50mhz   ; 0.000        ; 0.055      ; 1.047      ;
; 0.848  ; cont_clk[5]  ; cont_clk[7]  ; clk_50mhz    ; clk_50mhz   ; 0.000        ; 0.055      ; 1.047      ;
; 0.848  ; cont_clk[22] ; cont_clk[24] ; clk_50mhz    ; clk_50mhz   ; 0.000        ; 0.389      ; 1.381      ;
; 0.851  ; cont_clk[7]  ; cont_clk[10] ; clk_50mhz    ; clk_50mhz   ; 0.000        ; 0.055      ; 1.050      ;
; 0.851  ; cont_clk[1]  ; cont_clk[4]  ; clk_50mhz    ; clk_50mhz   ; 0.000        ; 0.055      ; 1.050      ;
; 0.855  ; cont_clk[5]  ; cont_clk[8]  ; clk_50mhz    ; clk_50mhz   ; 0.000        ; 0.055      ; 1.054      ;
; 0.857  ; cont_clk[2]  ; cont_clk[5]  ; clk_50mhz    ; clk_50mhz   ; 0.000        ; 0.055      ; 1.056      ;
; 0.858  ; cont_clk[20] ; cont_clk[23] ; clk_50mhz    ; clk_50mhz   ; 0.000        ; 0.055      ; 1.057      ;
; 0.860  ; cont_clk[0]  ; cont_clk[3]  ; clk_50mhz    ; clk_50mhz   ; 0.000        ; 0.055      ; 1.059      ;
; 0.861  ; cont_clk[4]  ; cont_clk[7]  ; clk_50mhz    ; clk_50mhz   ; 0.000        ; 0.055      ; 1.060      ;
; 0.862  ; cont_clk[6]  ; cont_clk[9]  ; clk_50mhz    ; clk_50mhz   ; 0.000        ; 0.055      ; 1.061      ;
; 0.866  ; cont_clk[11] ; cont_clk[11] ; clk_50mhz    ; clk_50mhz   ; 0.000        ; 0.055      ; 1.065      ;
; 0.867  ; cont_clk[0]  ; cont_clk[4]  ; clk_50mhz    ; clk_50mhz   ; 0.000        ; 0.055      ; 1.066      ;
; 0.868  ; cont_clk[4]  ; cont_clk[8]  ; clk_50mhz    ; clk_50mhz   ; 0.000        ; 0.055      ; 1.067      ;
; 0.869  ; cont_clk[6]  ; cont_clk[10] ; clk_50mhz    ; clk_50mhz   ; 0.000        ; 0.055      ; 1.068      ;
; 0.909  ; cont_clk[0]  ; cont_clk[0]  ; clk_50mhz    ; clk_50mhz   ; 0.000        ; 0.055      ; 1.108      ;
; 0.913  ; cont_clk[16] ; cont_clk[17] ; clk_50mhz    ; clk_50mhz   ; 0.000        ; 0.055      ; 1.112      ;
; 0.922  ; cont_clk[14] ; cont_clk[15] ; clk_50mhz    ; clk_50mhz   ; 0.000        ; 0.055      ; 1.121      ;
; 0.935  ; cont_clk[21] ; cont_clk[24] ; clk_50mhz    ; clk_50mhz   ; 0.000        ; 0.389      ; 1.468      ;
; 0.935  ; cont_clk[11] ; cont_clk[15] ; clk_50mhz    ; clk_50mhz   ; 0.000        ; 0.054      ; 1.133      ;
; 0.940  ; cont_clk[1]  ; cont_clk[5]  ; clk_50mhz    ; clk_50mhz   ; 0.000        ; 0.055      ; 1.139      ;
; 0.944  ; cont_clk[6]  ; cont_clk[6]  ; clk_50mhz    ; clk_50mhz   ; 0.000        ; 0.055      ; 1.143      ;
; 0.944  ; cont_clk[3]  ; cont_clk[7]  ; clk_50mhz    ; clk_50mhz   ; 0.000        ; 0.055      ; 1.143      ;
; 0.944  ; cont_clk[5]  ; cont_clk[9]  ; clk_50mhz    ; clk_50mhz   ; 0.000        ; 0.055      ; 1.143      ;
; 0.944  ; cont_clk[10] ; cont_clk[15] ; clk_50mhz    ; clk_50mhz   ; 0.000        ; 0.054      ; 1.142      ;
; 0.945  ; cont_clk[20] ; cont_clk[24] ; clk_50mhz    ; clk_50mhz   ; 0.000        ; 0.389      ; 1.478      ;
; 0.951  ; cont_clk[3]  ; cont_clk[8]  ; clk_50mhz    ; clk_50mhz   ; 0.000        ; 0.055      ; 1.150      ;
; 0.951  ; cont_clk[5]  ; cont_clk[10] ; clk_50mhz    ; clk_50mhz   ; 0.000        ; 0.055      ; 1.150      ;
; 0.953  ; cont_clk[2]  ; cont_clk[7]  ; clk_50mhz    ; clk_50mhz   ; 0.000        ; 0.055      ; 1.152      ;
; 0.956  ; cont_clk[0]  ; cont_clk[5]  ; clk_50mhz    ; clk_50mhz   ; 0.000        ; 0.055      ; 1.155      ;
; 0.957  ; cont_clk[4]  ; cont_clk[9]  ; clk_50mhz    ; clk_50mhz   ; 0.000        ; 0.055      ; 1.156      ;
; 0.960  ; cont_clk[2]  ; cont_clk[8]  ; clk_50mhz    ; clk_50mhz   ; 0.000        ; 0.055      ; 1.159      ;
; 0.964  ; cont_clk[4]  ; cont_clk[10] ; clk_50mhz    ; clk_50mhz   ; 0.000        ; 0.055      ; 1.163      ;
; 0.975  ; cont_clk[13] ; cont_clk[15] ; clk_50mhz    ; clk_50mhz   ; 0.000        ; 0.055      ; 1.174      ;
; 0.993  ; cont_clk[12] ; cont_clk[15] ; clk_50mhz    ; clk_50mhz   ; 0.000        ; 0.055      ; 1.192      ;
; 1.018  ; cont_clk[14] ; cont_clk[17] ; clk_50mhz    ; clk_50mhz   ; 0.000        ; 0.055      ; 1.217      ;
; 1.025  ; cont_clk[9]  ; cont_clk[15] ; clk_50mhz    ; clk_50mhz   ; 0.000        ; 0.054      ; 1.223      ;
; 1.026  ; cont_clk[21] ; cont_clk[22] ; clk_50mhz    ; clk_50mhz   ; 0.000        ; 0.055      ; 1.225      ;
; 1.026  ; cont_clk[20] ; cont_clk[21] ; clk_50mhz    ; clk_50mhz   ; 0.000        ; 0.055      ; 1.225      ;
; 1.026  ; cont_clk[24] ; cont_clk[24] ; clk_50mhz    ; clk_50mhz   ; 0.000        ; 0.069      ; 1.239      ;
; 1.030  ; cont_clk[17] ; cont_clk[19] ; clk_50mhz    ; clk_50mhz   ; 0.000        ; 0.389      ; 1.563      ;
; 1.031  ; cont_clk[11] ; cont_clk[17] ; clk_50mhz    ; clk_50mhz   ; 0.000        ; 0.054      ; 1.229      ;
; 1.036  ; cont_clk[17] ; cont_clk[23] ; clk_50mhz    ; clk_50mhz   ; 0.000        ; 0.055      ; 1.235      ;
; 1.036  ; cont_clk[1]  ; cont_clk[7]  ; clk_50mhz    ; clk_50mhz   ; 0.000        ; 0.055      ; 1.235      ;
; 1.036  ; cont_clk[20] ; cont_clk[22] ; clk_50mhz    ; clk_50mhz   ; 0.000        ; 0.055      ; 1.235      ;
; 1.040  ; cont_clk[13] ; cont_clk[13] ; clk_50mhz    ; clk_50mhz   ; 0.000        ; 0.056      ; 1.240      ;
; 1.040  ; cont_clk[3]  ; cont_clk[9]  ; clk_50mhz    ; clk_50mhz   ; 0.000        ; 0.055      ; 1.239      ;
; 1.040  ; cont_clk[10] ; cont_clk[17] ; clk_50mhz    ; clk_50mhz   ; 0.000        ; 0.054      ; 1.238      ;
; 1.041  ; cont_clk[8]  ; cont_clk[15] ; clk_50mhz    ; clk_50mhz   ; 0.000        ; 0.054      ; 1.239      ;
; 1.043  ; cont_clk[1]  ; cont_clk[8]  ; clk_50mhz    ; clk_50mhz   ; 0.000        ; 0.055      ; 1.242      ;
; 1.047  ; cont_clk[3]  ; cont_clk[10] ; clk_50mhz    ; clk_50mhz   ; 0.000        ; 0.055      ; 1.246      ;
; 1.049  ; cont_clk[2]  ; cont_clk[9]  ; clk_50mhz    ; clk_50mhz   ; 0.000        ; 0.055      ; 1.248      ;
; 1.052  ; cont_clk[0]  ; cont_clk[7]  ; clk_50mhz    ; clk_50mhz   ; 0.000        ; 0.055      ; 1.251      ;
; 1.056  ; cont_clk[2]  ; cont_clk[10] ; clk_50mhz    ; clk_50mhz   ; 0.000        ; 0.055      ; 1.255      ;
; 1.059  ; cont_clk[0]  ; cont_clk[8]  ; clk_50mhz    ; clk_50mhz   ; 0.000        ; 0.055      ; 1.258      ;
; 1.071  ; cont_clk[13] ; cont_clk[17] ; clk_50mhz    ; clk_50mhz   ; 0.000        ; 0.055      ; 1.270      ;
; 1.072  ; cont_clk[18] ; cont_clk[19] ; clk_50mhz    ; clk_50mhz   ; 0.000        ; 0.389      ; 1.605      ;
; 1.078  ; cont_clk[18] ; cont_clk[23] ; clk_50mhz    ; clk_50mhz   ; 0.000        ; 0.055      ; 1.277      ;
; 1.089  ; cont_clk[12] ; cont_clk[17] ; clk_50mhz    ; clk_50mhz   ; 0.000        ; 0.055      ; 1.288      ;
; 1.091  ; cont_clk[14] ; cont_clk[14] ; clk_50mhz    ; clk_50mhz   ; 0.000        ; 0.056      ; 1.291      ;
; 1.118  ; cont_clk[17] ; cont_clk[20] ; clk_50mhz    ; clk_50mhz   ; 0.000        ; 0.055      ; 1.317      ;
; 1.119  ; cont_clk[10] ; cont_clk[11] ; clk_50mhz    ; clk_50mhz   ; 0.000        ; 0.055      ; 1.318      ;
; 1.121  ; cont_clk[9]  ; cont_clk[17] ; clk_50mhz    ; clk_50mhz   ; 0.000        ; 0.054      ; 1.319      ;
; 1.123  ; cont_clk[17] ; cont_clk[24] ; clk_50mhz    ; clk_50mhz   ; 0.000        ; 0.389      ; 1.656      ;
+--------+--------------+--------------+--------------+-------------+--------------+------------+------------+


+-----------------------------------------------------------------------------------------------------------------------------------------------------------------------------------------+
; Slow 1200mV 0C Model Hold: 'clk_1hz_int'                                                                                                                                                ;
+-------+-----------------------------------------------------+-----------------------------------------------------+--------------+-------------+--------------+------------+------------+
; Slack ; From Node                                           ; To Node                                             ; Launch Clock ; Latch Clock ; Relationship ; Clock Skew ; Data Delay ;
+-------+-----------------------------------------------------+-----------------------------------------------------+--------------+-------------+--------------+------------+------------+
; 0.298 ; control:MODULO_CONTROL|base_d[1]                    ; control:MODULO_CONTROL|base_d[1]                    ; clk_1hz_int  ; clk_1hz_int ; 0.000        ; 0.069      ; 0.511      ;
; 0.312 ; control:MODULO_CONTROL|alarma_led                   ; control:MODULO_CONTROL|alarma_led                   ; clk_1hz_int  ; clk_1hz_int ; 0.000        ; 0.055      ; 0.511      ;
; 0.312 ; control:MODULO_CONTROL|extra_u[0]                   ; control:MODULO_CONTROL|extra_u[0]                   ; clk_1hz_int  ; clk_1hz_int ; 0.000        ; 0.055      ; 0.511      ;
; 0.312 ; control:MODULO_CONTROL|extra_u[1]                   ; control:MODULO_CONTROL|extra_u[1]                   ; clk_1hz_int  ; clk_1hz_int ; 0.000        ; 0.055      ; 0.511      ;
; 0.312 ; control:MODULO_CONTROL|extra_u[2]                   ; control:MODULO_CONTROL|extra_u[2]                   ; clk_1hz_int  ; clk_1hz_int ; 0.000        ; 0.055      ; 0.511      ;
; 0.312 ; control:MODULO_CONTROL|extra_u[3]                   ; control:MODULO_CONTROL|extra_u[3]                   ; clk_1hz_int  ; clk_1hz_int ; 0.000        ; 0.055      ; 0.511      ;
; 0.313 ; control:MODULO_CONTROL|estado_actual.LIBRE          ; control:MODULO_CONTROL|estado_actual.LIBRE          ; clk_1hz_int  ; clk_1hz_int ; 0.000        ; 0.054      ; 0.511      ;
; 0.313 ; control:MODULO_CONTROL|base_u[0]                    ; control:MODULO_CONTROL|base_u[0]                    ; clk_1hz_int  ; clk_1hz_int ; 0.000        ; 0.054      ; 0.511      ;
; 0.313 ; control:MODULO_CONTROL|base_u[1]                    ; control:MODULO_CONTROL|base_u[1]                    ; clk_1hz_int  ; clk_1hz_int ; 0.000        ; 0.054      ; 0.511      ;
; 0.313 ; control:MODULO_CONTROL|base_u[3]                    ; control:MODULO_CONTROL|base_u[3]                    ; clk_1hz_int  ; clk_1hz_int ; 0.000        ; 0.054      ; 0.511      ;
; 0.313 ; control:MODULO_CONTROL|base_d[0]                    ; control:MODULO_CONTROL|base_d[0]                    ; clk_1hz_int  ; clk_1hz_int ; 0.000        ; 0.054      ; 0.511      ;
; 0.313 ; control:MODULO_CONTROL|base_d[2]                    ; control:MODULO_CONTROL|base_d[2]                    ; clk_1hz_int  ; clk_1hz_int ; 0.000        ; 0.054      ; 0.511      ;
; 0.313 ; control:MODULO_CONTROL|base_d[3]                    ; control:MODULO_CONTROL|base_d[3]                    ; clk_1hz_int  ; clk_1hz_int ; 0.000        ; 0.054      ; 0.511      ;
; 0.313 ; control:MODULO_CONTROL|base_u[2]                    ; control:MODULO_CONTROL|base_u[2]                    ; clk_1hz_int  ; clk_1hz_int ; 0.000        ; 0.054      ; 0.511      ;
; 0.313 ; control:MODULO_CONTROL|estado_actual.EXCESO_TIEMPO  ; control:MODULO_CONTROL|estado_actual.EXCESO_TIEMPO  ; clk_1hz_int  ; clk_1hz_int ; 0.000        ; 0.054      ; 0.511      ;
; 0.313 ; control:MODULO_CONTROL|felicita_led                 ; control:MODULO_CONTROL|felicita_led                 ; clk_1hz_int  ; clk_1hz_int ; 0.000        ; 0.054      ; 0.511      ;
; 0.313 ; control:MODULO_CONTROL|extra_d[1]                   ; control:MODULO_CONTROL|extra_d[1]                   ; clk_1hz_int  ; clk_1hz_int ; 0.000        ; 0.054      ; 0.511      ;
; 0.313 ; control:MODULO_CONTROL|extra_d[2]                   ; control:MODULO_CONTROL|extra_d[2]                   ; clk_1hz_int  ; clk_1hz_int ; 0.000        ; 0.054      ; 0.511      ;
; 0.313 ; control:MODULO_CONTROL|extra_d[3]                   ; control:MODULO_CONTROL|extra_d[3]                   ; clk_1hz_int  ; clk_1hz_int ; 0.000        ; 0.054      ; 0.511      ;
; 0.313 ; control:MODULO_CONTROL|extra_d[0]                   ; control:MODULO_CONTROL|extra_d[0]                   ; clk_1hz_int  ; clk_1hz_int ; 0.000        ; 0.054      ; 0.511      ;
; 0.415 ; control:MODULO_CONTROL|estado_actual.EXCESO_TIEMPO  ; control:MODULO_CONTROL|estado_actual.LIBRE          ; clk_1hz_int  ; clk_1hz_int ; 0.000        ; 0.054      ; 0.613      ;
; 0.534 ; control:MODULO_CONTROL|estado_actual.EXCESO_TIEMPO  ; control:MODULO_CONTROL|alarma_led                   ; clk_1hz_int  ; clk_1hz_int ; 0.000        ; 0.055      ; 0.733      ;
; 0.535 ; control:MODULO_CONTROL|estado_actual.EXCESO_TIEMPO  ; control:MODULO_CONTROL|extra_u[0]                   ; clk_1hz_int  ; clk_1hz_int ; 0.000        ; 0.055      ; 0.734      ;
; 0.572 ; control:MODULO_CONTROL|estado_actual.OCUPADO_LIMITE ; control:MODULO_CONTROL|extra_d[1]                   ; clk_1hz_int  ; clk_1hz_int ; 0.000        ; 0.054      ; 0.770      ;
; 0.577 ; control:MODULO_CONTROL|estado_actual.EXCESO_TIEMPO  ; control:MODULO_CONTROL|extra_d[2]                   ; clk_1hz_int  ; clk_1hz_int ; 0.000        ; 0.054      ; 0.775      ;
; 0.580 ; control:MODULO_CONTROL|estado_actual.EXCESO_TIEMPO  ; control:MODULO_CONTROL|extra_d[3]                   ; clk_1hz_int  ; clk_1hz_int ; 0.000        ; 0.054      ; 0.778      ;
; 0.590 ; control:MODULO_CONTROL|estado_actual.OCUPADO_LIMITE ; control:MODULO_CONTROL|estado_actual.LIBRE          ; clk_1hz_int  ; clk_1hz_int ; 0.000        ; 0.054      ; 0.788      ;
; 0.597 ; control:MODULO_CONTROL|estado_actual.EXCESO_TIEMPO  ; control:MODULO_CONTROL|extra_d[0]                   ; clk_1hz_int  ; clk_1hz_int ; 0.000        ; 0.054      ; 0.795      ;
; 0.629 ; control:MODULO_CONTROL|estado_actual.EXCESO_TIEMPO  ; control:MODULO_CONTROL|estado_actual.OCUPADO_LIMITE ; clk_1hz_int  ; clk_1hz_int ; 0.000        ; 0.054      ; 0.827      ;
; 0.681 ; control:MODULO_CONTROL|estado_actual.LIBRE          ; control:MODULO_CONTROL|estado_actual.EXCESO_TIEMPO  ; clk_1hz_int  ; clk_1hz_int ; 0.000        ; 0.054      ; 0.879      ;
; 0.698 ; control:MODULO_CONTROL|estado_actual.OCUPADO_LIMITE ; control:MODULO_CONTROL|extra_u[0]                   ; clk_1hz_int  ; clk_1hz_int ; 0.000        ; 0.055      ; 0.897      ;
; 0.698 ; control:MODULO_CONTROL|extra_u[0]                   ; control:MODULO_CONTROL|extra_u[1]                   ; clk_1hz_int  ; clk_1hz_int ; 0.000        ; 0.055      ; 0.897      ;
; 0.711 ; control:MODULO_CONTROL|estado_actual.EXCESO_TIEMPO  ; control:MODULO_CONTROL|extra_u[2]                   ; clk_1hz_int  ; clk_1hz_int ; 0.000        ; 0.055      ; 0.910      ;
; 0.718 ; control:MODULO_CONTROL|extra_d[2]                   ; control:MODULO_CONTROL|extra_d[3]                   ; clk_1hz_int  ; clk_1hz_int ; 0.000        ; 0.054      ; 0.916      ;
; 0.731 ; control:MODULO_CONTROL|extra_d[1]                   ; control:MODULO_CONTROL|extra_d[2]                   ; clk_1hz_int  ; clk_1hz_int ; 0.000        ; 0.054      ; 0.929      ;
; 0.732 ; control:MODULO_CONTROL|estado_actual.OCUPADO_LIMITE ; control:MODULO_CONTROL|alarma_led                   ; clk_1hz_int  ; clk_1hz_int ; 0.000        ; 0.055      ; 0.931      ;
; 0.739 ; control:MODULO_CONTROL|base_u[1]                    ; control:MODULO_CONTROL|base_u[2]                    ; clk_1hz_int  ; clk_1hz_int ; 0.000        ; 0.054      ; 0.937      ;
; 0.749 ; control:MODULO_CONTROL|estado_actual.OCUPADO_LIMITE ; control:MODULO_CONTROL|felicita_led                 ; clk_1hz_int  ; clk_1hz_int ; 0.000        ; 0.067      ; 0.960      ;
; 0.810 ; control:MODULO_CONTROL|extra_u[1]                   ; control:MODULO_CONTROL|extra_u[3]                   ; clk_1hz_int  ; clk_1hz_int ; 0.000        ; 0.055      ; 1.009      ;
; 0.811 ; control:MODULO_CONTROL|estado_actual.OCUPADO_LIMITE ; control:MODULO_CONTROL|estado_actual.OCUPADO_LIMITE ; clk_1hz_int  ; clk_1hz_int ; 0.000        ; 0.054      ; 1.009      ;
; 0.818 ; control:MODULO_CONTROL|estado_actual.OCUPADO_LIMITE ; control:MODULO_CONTROL|estado_actual.EXCESO_TIEMPO  ; clk_1hz_int  ; clk_1hz_int ; 0.000        ; 0.054      ; 1.016      ;
; 0.825 ; control:MODULO_CONTROL|extra_d[1]                   ; control:MODULO_CONTROL|extra_d[3]                   ; clk_1hz_int  ; clk_1hz_int ; 0.000        ; 0.054      ; 1.023      ;
; 0.828 ; control:MODULO_CONTROL|extra_d[0]                   ; control:MODULO_CONTROL|extra_d[3]                   ; clk_1hz_int  ; clk_1hz_int ; 0.000        ; 0.054      ; 1.026      ;
; 0.828 ; control:MODULO_CONTROL|extra_d[0]                   ; control:MODULO_CONTROL|extra_d[2]                   ; clk_1hz_int  ; clk_1hz_int ; 0.000        ; 0.054      ; 1.026      ;
; 0.835 ; control:MODULO_CONTROL|estado_actual.EXCESO_TIEMPO  ; control:MODULO_CONTROL|extra_u[3]                   ; clk_1hz_int  ; clk_1hz_int ; 0.000        ; 0.055      ; 1.034      ;
; 0.837 ; control:MODULO_CONTROL|estado_actual.EXCESO_TIEMPO  ; control:MODULO_CONTROL|extra_u[1]                   ; clk_1hz_int  ; clk_1hz_int ; 0.000        ; 0.055      ; 1.036      ;
; 0.839 ; control:MODULO_CONTROL|estado_actual.LIBRE          ; control:MODULO_CONTROL|estado_actual.OCUPADO_LIMITE ; clk_1hz_int  ; clk_1hz_int ; 0.000        ; 0.054      ; 1.037      ;
; 0.844 ; control:MODULO_CONTROL|base_u[0]                    ; control:MODULO_CONTROL|base_u[2]                    ; clk_1hz_int  ; clk_1hz_int ; 0.000        ; 0.054      ; 1.042      ;
; 0.846 ; control:MODULO_CONTROL|estado_actual.EXCESO_TIEMPO  ; control:MODULO_CONTROL|extra_d[1]                   ; clk_1hz_int  ; clk_1hz_int ; 0.000        ; 0.054      ; 1.044      ;
; 0.850 ; control:MODULO_CONTROL|extra_d[0]                   ; control:MODULO_CONTROL|extra_d[1]                   ; clk_1hz_int  ; clk_1hz_int ; 0.000        ; 0.054      ; 1.048      ;
; 0.855 ; control:MODULO_CONTROL|base_u[0]                    ; control:MODULO_CONTROL|base_u[1]                    ; clk_1hz_int  ; clk_1hz_int ; 0.000        ; 0.054      ; 1.053      ;
; 0.889 ; control:MODULO_CONTROL|estado_actual.OCUPADO_LIMITE ; control:MODULO_CONTROL|extra_u[2]                   ; clk_1hz_int  ; clk_1hz_int ; 0.000        ; 0.055      ; 1.088      ;
; 0.890 ; control:MODULO_CONTROL|estado_actual.OCUPADO_LIMITE ; control:MODULO_CONTROL|extra_u[3]                   ; clk_1hz_int  ; clk_1hz_int ; 0.000        ; 0.055      ; 1.089      ;
; 0.892 ; control:MODULO_CONTROL|estado_actual.OCUPADO_LIMITE ; control:MODULO_CONTROL|extra_u[1]                   ; clk_1hz_int  ; clk_1hz_int ; 0.000        ; 0.055      ; 1.091      ;
; 0.895 ; control:MODULO_CONTROL|estado_actual.OCUPADO_LIMITE ; control:MODULO_CONTROL|extra_d[3]                   ; clk_1hz_int  ; clk_1hz_int ; 0.000        ; 0.054      ; 1.093      ;
; 0.897 ; control:MODULO_CONTROL|estado_actual.OCUPADO_LIMITE ; control:MODULO_CONTROL|extra_d[2]                   ; clk_1hz_int  ; clk_1hz_int ; 0.000        ; 0.054      ; 1.095      ;
; 0.906 ; control:MODULO_CONTROL|base_u[2]                    ; control:MODULO_CONTROL|base_d[1]                    ; clk_1hz_int  ; clk_1hz_int ; 0.000        ; 0.408      ; 1.458      ;
; 0.906 ; control:MODULO_CONTROL|estado_actual.OCUPADO_LIMITE ; control:MODULO_CONTROL|extra_d[0]                   ; clk_1hz_int  ; clk_1hz_int ; 0.000        ; 0.054      ; 1.104      ;
; 0.908 ; control:MODULO_CONTROL|base_d[0]                    ; control:MODULO_CONTROL|base_d[1]                    ; clk_1hz_int  ; clk_1hz_int ; 0.000        ; 0.408      ; 1.460      ;
; 0.922 ; control:MODULO_CONTROL|estado_actual.EXCESO_TIEMPO  ; control:MODULO_CONTROL|base_u[2]                    ; clk_1hz_int  ; clk_1hz_int ; 0.000        ; 0.067      ; 1.133      ;
; 0.926 ; control:MODULO_CONTROL|estado_actual.EXCESO_TIEMPO  ; control:MODULO_CONTROL|base_u[0]                    ; clk_1hz_int  ; clk_1hz_int ; 0.000        ; 0.067      ; 1.137      ;
; 0.937 ; control:MODULO_CONTROL|estado_actual.EXCESO_TIEMPO  ; control:MODULO_CONTROL|base_d[0]                    ; clk_1hz_int  ; clk_1hz_int ; 0.000        ; 0.067      ; 1.148      ;
; 0.956 ; control:MODULO_CONTROL|estado_actual.EXCESO_TIEMPO  ; control:MODULO_CONTROL|base_d[3]                    ; clk_1hz_int  ; clk_1hz_int ; 0.000        ; 0.067      ; 1.167      ;
; 0.971 ; control:MODULO_CONTROL|extra_u[0]                   ; control:MODULO_CONTROL|extra_u[2]                   ; clk_1hz_int  ; clk_1hz_int ; 0.000        ; 0.055      ; 1.170      ;
; 0.985 ; control:MODULO_CONTROL|base_u[1]                    ; control:MODULO_CONTROL|base_u[3]                    ; clk_1hz_int  ; clk_1hz_int ; 0.000        ; 0.054      ; 1.183      ;
; 1.014 ; control:MODULO_CONTROL|base_u[1]                    ; control:MODULO_CONTROL|base_d[1]                    ; clk_1hz_int  ; clk_1hz_int ; 0.000        ; 0.408      ; 1.566      ;
; 1.040 ; control:MODULO_CONTROL|estado_actual.OCUPADO_LIMITE ; control:MODULO_CONTROL|base_d[1]                    ; clk_1hz_int  ; clk_1hz_int ; 0.000        ; 0.421      ; 1.605      ;
; 1.055 ; control:MODULO_CONTROL|extra_u[2]                   ; control:MODULO_CONTROL|extra_d[0]                   ; clk_1hz_int  ; clk_1hz_int ; 0.000        ; 0.054      ; 1.253      ;
; 1.056 ; control:MODULO_CONTROL|estado_actual.OCUPADO_LIMITE ; control:MODULO_CONTROL|base_d[0]                    ; clk_1hz_int  ; clk_1hz_int ; 0.000        ; 0.067      ; 1.267      ;
; 1.059 ; control:MODULO_CONTROL|extra_u[2]                   ; control:MODULO_CONTROL|extra_u[3]                   ; clk_1hz_int  ; clk_1hz_int ; 0.000        ; 0.055      ; 1.258      ;
; 1.105 ; control:MODULO_CONTROL|estado_actual.EXCESO_TIEMPO  ; control:MODULO_CONTROL|base_d[1]                    ; clk_1hz_int  ; clk_1hz_int ; 0.000        ; 0.421      ; 1.670      ;
; 1.105 ; control:MODULO_CONTROL|base_u[0]                    ; control:MODULO_CONTROL|base_d[1]                    ; clk_1hz_int  ; clk_1hz_int ; 0.000        ; 0.408      ; 1.657      ;
; 1.112 ; control:MODULO_CONTROL|base_u[3]                    ; control:MODULO_CONTROL|base_d[1]                    ; clk_1hz_int  ; clk_1hz_int ; 0.000        ; 0.408      ; 1.664      ;
; 1.121 ; control:MODULO_CONTROL|extra_u[1]                   ; control:MODULO_CONTROL|extra_u[2]                   ; clk_1hz_int  ; clk_1hz_int ; 0.000        ; 0.055      ; 1.320      ;
; 1.122 ; control:MODULO_CONTROL|estado_actual.EXCESO_TIEMPO  ; control:MODULO_CONTROL|felicita_led                 ; clk_1hz_int  ; clk_1hz_int ; 0.000        ; 0.067      ; 1.333      ;
; 1.123 ; control:MODULO_CONTROL|extra_d[2]                   ; control:MODULO_CONTROL|extra_d[0]                   ; clk_1hz_int  ; clk_1hz_int ; 0.000        ; 0.054      ; 1.321      ;
; 1.129 ; control:MODULO_CONTROL|base_u[2]                    ; control:MODULO_CONTROL|base_u[3]                    ; clk_1hz_int  ; clk_1hz_int ; 0.000        ; 0.054      ; 1.327      ;
; 1.142 ; control:MODULO_CONTROL|base_u[2]                    ; control:MODULO_CONTROL|base_u[1]                    ; clk_1hz_int  ; clk_1hz_int ; 0.000        ; 0.054      ; 1.340      ;
; 1.148 ; control:MODULO_CONTROL|estado_actual.EXCESO_TIEMPO  ; control:MODULO_CONTROL|base_d[2]                    ; clk_1hz_int  ; clk_1hz_int ; 0.000        ; 0.067      ; 1.359      ;
; 1.150 ; control:MODULO_CONTROL|extra_u[0]                   ; control:MODULO_CONTROL|extra_u[3]                   ; clk_1hz_int  ; clk_1hz_int ; 0.000        ; 0.055      ; 1.349      ;
; 1.152 ; control:MODULO_CONTROL|estado_actual.OCUPADO_LIMITE ; control:MODULO_CONTROL|base_u[2]                    ; clk_1hz_int  ; clk_1hz_int ; 0.000        ; 0.067      ; 1.363      ;
; 1.153 ; control:MODULO_CONTROL|estado_actual.OCUPADO_LIMITE ; control:MODULO_CONTROL|base_u[0]                    ; clk_1hz_int  ; clk_1hz_int ; 0.000        ; 0.067      ; 1.364      ;
; 1.164 ; control:MODULO_CONTROL|extra_d[3]                   ; control:MODULO_CONTROL|extra_d[0]                   ; clk_1hz_int  ; clk_1hz_int ; 0.000        ; 0.054      ; 1.362      ;
; 1.170 ; control:MODULO_CONTROL|extra_u[3]                   ; control:MODULO_CONTROL|extra_d[0]                   ; clk_1hz_int  ; clk_1hz_int ; 0.000        ; 0.054      ; 1.368      ;
; 1.172 ; control:MODULO_CONTROL|base_d[0]                    ; control:MODULO_CONTROL|base_d[3]                    ; clk_1hz_int  ; clk_1hz_int ; 0.000        ; 0.054      ; 1.370      ;
; 1.181 ; control:MODULO_CONTROL|extra_u[2]                   ; control:MODULO_CONTROL|extra_u[1]                   ; clk_1hz_int  ; clk_1hz_int ; 0.000        ; 0.055      ; 1.380      ;
; 1.183 ; control:MODULO_CONTROL|estado_actual.EXCESO_TIEMPO  ; control:MODULO_CONTROL|base_u[1]                    ; clk_1hz_int  ; clk_1hz_int ; 0.000        ; 0.067      ; 1.394      ;
; 1.199 ; control:MODULO_CONTROL|estado_actual.EXCESO_TIEMPO  ; control:MODULO_CONTROL|base_u[3]                    ; clk_1hz_int  ; clk_1hz_int ; 0.000        ; 0.067      ; 1.410      ;
; 1.228 ; control:MODULO_CONTROL|base_d[2]                    ; control:MODULO_CONTROL|base_d[3]                    ; clk_1hz_int  ; clk_1hz_int ; 0.000        ; 0.054      ; 1.426      ;
; 1.237 ; control:MODULO_CONTROL|extra_d[1]                   ; control:MODULO_CONTROL|extra_d[0]                   ; clk_1hz_int  ; clk_1hz_int ; 0.000        ; 0.054      ; 1.435      ;
; 1.242 ; control:MODULO_CONTROL|estado_actual.OCUPADO_LIMITE ; control:MODULO_CONTROL|base_d[3]                    ; clk_1hz_int  ; clk_1hz_int ; 0.000        ; 0.067      ; 1.453      ;
; 1.260 ; control:MODULO_CONTROL|base_u[2]                    ; control:MODULO_CONTROL|base_d[2]                    ; clk_1hz_int  ; clk_1hz_int ; 0.000        ; 0.054      ; 1.458      ;
; 1.262 ; control:MODULO_CONTROL|base_d[1]                    ; control:MODULO_CONTROL|base_d[2]                    ; clk_1hz_int  ; clk_1hz_int ; 0.000        ; -0.285     ; 1.121      ;
; 1.271 ; control:MODULO_CONTROL|base_d[0]                    ; control:MODULO_CONTROL|base_d[2]                    ; clk_1hz_int  ; clk_1hz_int ; 0.000        ; 0.054      ; 1.469      ;
; 1.280 ; control:MODULO_CONTROL|extra_u[0]                   ; control:MODULO_CONTROL|extra_d[0]                   ; clk_1hz_int  ; clk_1hz_int ; 0.000        ; 0.054      ; 1.478      ;
; 1.306 ; control:MODULO_CONTROL|base_u[2]                    ; control:MODULO_CONTROL|base_d[3]                    ; clk_1hz_int  ; clk_1hz_int ; 0.000        ; 0.054      ; 1.504      ;
; 1.308 ; control:MODULO_CONTROL|base_u[2]                    ; control:MODULO_CONTROL|base_u[0]                    ; clk_1hz_int  ; clk_1hz_int ; 0.000        ; 0.054      ; 1.506      ;
; 1.311 ; control:MODULO_CONTROL|base_d[0]                    ; control:MODULO_CONTROL|base_u[0]                    ; clk_1hz_int  ; clk_1hz_int ; 0.000        ; 0.054      ; 1.509      ;
; 1.320 ; control:MODULO_CONTROL|extra_u[2]                   ; control:MODULO_CONTROL|extra_d[2]                   ; clk_1hz_int  ; clk_1hz_int ; 0.000        ; 0.054      ; 1.518      ;
; 1.321 ; control:MODULO_CONTROL|extra_u[2]                   ; control:MODULO_CONTROL|extra_d[3]                   ; clk_1hz_int  ; clk_1hz_int ; 0.000        ; 0.054      ; 1.519      ;
+-------+-----------------------------------------------------+-----------------------------------------------------+--------------+-------------+--------------+------------+------------+


+----------------------------------------------------------------------------------------------------------------------+
; Slow 1200mV 0C Model Minimum Pulse Width: 'clk_50mhz'                                                                ;
+--------+--------------+----------------+------------------+-----------+------------+---------------------------------+
; Slack  ; Actual Width ; Required Width ; Type             ; Clock     ; Clock Edge ; Target                          ;
+--------+--------------+----------------+------------------+-----------+------------+---------------------------------+
; -3.000 ; 1.000        ; 4.000          ; Port Rate        ; clk_50mhz ; Rise       ; clk_50mhz                       ;
; -1.000 ; 1.000        ; 2.000          ; Min Period       ; clk_50mhz ; Rise       ; clk_1hz_int                     ;
; -1.000 ; 1.000        ; 2.000          ; Min Period       ; clk_50mhz ; Rise       ; cont_clk[0]                     ;
; -1.000 ; 1.000        ; 2.000          ; Min Period       ; clk_50mhz ; Rise       ; cont_clk[10]                    ;
; -1.000 ; 1.000        ; 2.000          ; Min Period       ; clk_50mhz ; Rise       ; cont_clk[11]                    ;
; -1.000 ; 1.000        ; 2.000          ; Min Period       ; clk_50mhz ; Rise       ; cont_clk[12]                    ;
; -1.000 ; 1.000        ; 2.000          ; Min Period       ; clk_50mhz ; Rise       ; cont_clk[13]                    ;
; -1.000 ; 1.000        ; 2.000          ; Min Period       ; clk_50mhz ; Rise       ; cont_clk[14]                    ;
; -1.000 ; 1.000        ; 2.000          ; Min Period       ; clk_50mhz ; Rise       ; cont_clk[15]                    ;
; -1.000 ; 1.000        ; 2.000          ; Min Period       ; clk_50mhz ; Rise       ; cont_clk[16]                    ;
; -1.000 ; 1.000        ; 2.000          ; Min Period       ; clk_50mhz ; Rise       ; cont_clk[17]                    ;
; -1.000 ; 1.000        ; 2.000          ; Min Period       ; clk_50mhz ; Rise       ; cont_clk[18]                    ;
; -1.000 ; 1.000        ; 2.000          ; Min Period       ; clk_50mhz ; Rise       ; cont_clk[19]                    ;
; -1.000 ; 1.000        ; 2.000          ; Min Period       ; clk_50mhz ; Rise       ; cont_clk[1]                     ;
; -1.000 ; 1.000        ; 2.000          ; Min Period       ; clk_50mhz ; Rise       ; cont_clk[20]                    ;
; -1.000 ; 1.000        ; 2.000          ; Min Period       ; clk_50mhz ; Rise       ; cont_clk[21]                    ;
; -1.000 ; 1.000        ; 2.000          ; Min Period       ; clk_50mhz ; Rise       ; cont_clk[22]                    ;
; -1.000 ; 1.000        ; 2.000          ; Min Period       ; clk_50mhz ; Rise       ; cont_clk[23]                    ;
; -1.000 ; 1.000        ; 2.000          ; Min Period       ; clk_50mhz ; Rise       ; cont_clk[24]                    ;
; -1.000 ; 1.000        ; 2.000          ; Min Period       ; clk_50mhz ; Rise       ; cont_clk[2]                     ;
; -1.000 ; 1.000        ; 2.000          ; Min Period       ; clk_50mhz ; Rise       ; cont_clk[3]                     ;
; -1.000 ; 1.000        ; 2.000          ; Min Period       ; clk_50mhz ; Rise       ; cont_clk[4]                     ;
; -1.000 ; 1.000        ; 2.000          ; Min Period       ; clk_50mhz ; Rise       ; cont_clk[5]                     ;
; -1.000 ; 1.000        ; 2.000          ; Min Period       ; clk_50mhz ; Rise       ; cont_clk[6]                     ;
; -1.000 ; 1.000        ; 2.000          ; Min Period       ; clk_50mhz ; Rise       ; cont_clk[7]                     ;
; -1.000 ; 1.000        ; 2.000          ; Min Period       ; clk_50mhz ; Rise       ; cont_clk[8]                     ;
; -1.000 ; 1.000        ; 2.000          ; Min Period       ; clk_50mhz ; Rise       ; cont_clk[9]                     ;
; 0.178  ; 0.362        ; 0.184          ; Low Pulse Width  ; clk_50mhz ; Rise       ; cont_clk[19]                    ;
; 0.178  ; 0.362        ; 0.184          ; Low Pulse Width  ; clk_50mhz ; Rise       ; cont_clk[24]                    ;
; 0.183  ; 0.367        ; 0.184          ; Low Pulse Width  ; clk_50mhz ; Rise       ; clk_1hz_int                     ;
; 0.183  ; 0.367        ; 0.184          ; Low Pulse Width  ; clk_50mhz ; Rise       ; cont_clk[12]                    ;
; 0.183  ; 0.367        ; 0.184          ; Low Pulse Width  ; clk_50mhz ; Rise       ; cont_clk[13]                    ;
; 0.183  ; 0.367        ; 0.184          ; Low Pulse Width  ; clk_50mhz ; Rise       ; cont_clk[14]                    ;
; 0.183  ; 0.367        ; 0.184          ; Low Pulse Width  ; clk_50mhz ; Rise       ; cont_clk[15]                    ;
; 0.183  ; 0.367        ; 0.184          ; Low Pulse Width  ; clk_50mhz ; Rise       ; cont_clk[16]                    ;
; 0.183  ; 0.367        ; 0.184          ; Low Pulse Width  ; clk_50mhz ; Rise       ; cont_clk[17]                    ;
; 0.183  ; 0.367        ; 0.184          ; Low Pulse Width  ; clk_50mhz ; Rise       ; cont_clk[18]                    ;
; 0.183  ; 0.367        ; 0.184          ; Low Pulse Width  ; clk_50mhz ; Rise       ; cont_clk[20]                    ;
; 0.183  ; 0.367        ; 0.184          ; Low Pulse Width  ; clk_50mhz ; Rise       ; cont_clk[21]                    ;
; 0.183  ; 0.367        ; 0.184          ; Low Pulse Width  ; clk_50mhz ; Rise       ; cont_clk[22]                    ;
; 0.183  ; 0.367        ; 0.184          ; Low Pulse Width  ; clk_50mhz ; Rise       ; cont_clk[23]                    ;
; 0.184  ; 0.368        ; 0.184          ; Low Pulse Width  ; clk_50mhz ; Rise       ; cont_clk[0]                     ;
; 0.184  ; 0.368        ; 0.184          ; Low Pulse Width  ; clk_50mhz ; Rise       ; cont_clk[10]                    ;
; 0.184  ; 0.368        ; 0.184          ; Low Pulse Width  ; clk_50mhz ; Rise       ; cont_clk[11]                    ;
; 0.184  ; 0.368        ; 0.184          ; Low Pulse Width  ; clk_50mhz ; Rise       ; cont_clk[1]                     ;
; 0.184  ; 0.368        ; 0.184          ; Low Pulse Width  ; clk_50mhz ; Rise       ; cont_clk[2]                     ;
; 0.184  ; 0.368        ; 0.184          ; Low Pulse Width  ; clk_50mhz ; Rise       ; cont_clk[3]                     ;
; 0.184  ; 0.368        ; 0.184          ; Low Pulse Width  ; clk_50mhz ; Rise       ; cont_clk[4]                     ;
; 0.184  ; 0.368        ; 0.184          ; Low Pulse Width  ; clk_50mhz ; Rise       ; cont_clk[5]                     ;
; 0.184  ; 0.368        ; 0.184          ; Low Pulse Width  ; clk_50mhz ; Rise       ; cont_clk[6]                     ;
; 0.184  ; 0.368        ; 0.184          ; Low Pulse Width  ; clk_50mhz ; Rise       ; cont_clk[7]                     ;
; 0.184  ; 0.368        ; 0.184          ; Low Pulse Width  ; clk_50mhz ; Rise       ; cont_clk[8]                     ;
; 0.184  ; 0.368        ; 0.184          ; Low Pulse Width  ; clk_50mhz ; Rise       ; cont_clk[9]                     ;
; 0.338  ; 0.338        ; 0.000          ; Low Pulse Width  ; clk_50mhz ; Rise       ; cont_clk[19]|clk                ;
; 0.338  ; 0.338        ; 0.000          ; Low Pulse Width  ; clk_50mhz ; Rise       ; cont_clk[24]|clk                ;
; 0.339  ; 0.339        ; 0.000          ; Low Pulse Width  ; clk_50mhz ; Rise       ; clk_50mhz~input|o               ;
; 0.343  ; 0.343        ; 0.000          ; Low Pulse Width  ; clk_50mhz ; Rise       ; clk_1hz_int|clk                 ;
; 0.343  ; 0.343        ; 0.000          ; Low Pulse Width  ; clk_50mhz ; Rise       ; cont_clk[12]|clk                ;
; 0.343  ; 0.343        ; 0.000          ; Low Pulse Width  ; clk_50mhz ; Rise       ; cont_clk[13]|clk                ;
; 0.343  ; 0.343        ; 0.000          ; Low Pulse Width  ; clk_50mhz ; Rise       ; cont_clk[14]|clk                ;
; 0.343  ; 0.343        ; 0.000          ; Low Pulse Width  ; clk_50mhz ; Rise       ; cont_clk[15]|clk                ;
; 0.343  ; 0.343        ; 0.000          ; Low Pulse Width  ; clk_50mhz ; Rise       ; cont_clk[16]|clk                ;
; 0.343  ; 0.343        ; 0.000          ; Low Pulse Width  ; clk_50mhz ; Rise       ; cont_clk[17]|clk                ;
; 0.343  ; 0.343        ; 0.000          ; Low Pulse Width  ; clk_50mhz ; Rise       ; cont_clk[18]|clk                ;
; 0.343  ; 0.343        ; 0.000          ; Low Pulse Width  ; clk_50mhz ; Rise       ; cont_clk[20]|clk                ;
; 0.343  ; 0.343        ; 0.000          ; Low Pulse Width  ; clk_50mhz ; Rise       ; cont_clk[21]|clk                ;
; 0.343  ; 0.343        ; 0.000          ; Low Pulse Width  ; clk_50mhz ; Rise       ; cont_clk[22]|clk                ;
; 0.343  ; 0.343        ; 0.000          ; Low Pulse Width  ; clk_50mhz ; Rise       ; cont_clk[23]|clk                ;
; 0.344  ; 0.344        ; 0.000          ; Low Pulse Width  ; clk_50mhz ; Rise       ; cont_clk[0]|clk                 ;
; 0.344  ; 0.344        ; 0.000          ; Low Pulse Width  ; clk_50mhz ; Rise       ; cont_clk[10]|clk                ;
; 0.344  ; 0.344        ; 0.000          ; Low Pulse Width  ; clk_50mhz ; Rise       ; cont_clk[11]|clk                ;
; 0.344  ; 0.344        ; 0.000          ; Low Pulse Width  ; clk_50mhz ; Rise       ; cont_clk[1]|clk                 ;
; 0.344  ; 0.344        ; 0.000          ; Low Pulse Width  ; clk_50mhz ; Rise       ; cont_clk[2]|clk                 ;
; 0.344  ; 0.344        ; 0.000          ; Low Pulse Width  ; clk_50mhz ; Rise       ; cont_clk[3]|clk                 ;
; 0.344  ; 0.344        ; 0.000          ; Low Pulse Width  ; clk_50mhz ; Rise       ; cont_clk[4]|clk                 ;
; 0.344  ; 0.344        ; 0.000          ; Low Pulse Width  ; clk_50mhz ; Rise       ; cont_clk[5]|clk                 ;
; 0.344  ; 0.344        ; 0.000          ; Low Pulse Width  ; clk_50mhz ; Rise       ; cont_clk[6]|clk                 ;
; 0.344  ; 0.344        ; 0.000          ; Low Pulse Width  ; clk_50mhz ; Rise       ; cont_clk[7]|clk                 ;
; 0.344  ; 0.344        ; 0.000          ; Low Pulse Width  ; clk_50mhz ; Rise       ; cont_clk[8]|clk                 ;
; 0.344  ; 0.344        ; 0.000          ; Low Pulse Width  ; clk_50mhz ; Rise       ; cont_clk[9]|clk                 ;
; 0.348  ; 0.348        ; 0.000          ; Low Pulse Width  ; clk_50mhz ; Rise       ; clk_50mhz~inputclkctrl|inclk[0] ;
; 0.348  ; 0.348        ; 0.000          ; Low Pulse Width  ; clk_50mhz ; Rise       ; clk_50mhz~inputclkctrl|outclk   ;
; 0.416  ; 0.632        ; 0.216          ; High Pulse Width ; clk_50mhz ; Rise       ; clk_1hz_int                     ;
; 0.416  ; 0.632        ; 0.216          ; High Pulse Width ; clk_50mhz ; Rise       ; cont_clk[0]                     ;
; 0.416  ; 0.632        ; 0.216          ; High Pulse Width ; clk_50mhz ; Rise       ; cont_clk[10]                    ;
; 0.416  ; 0.632        ; 0.216          ; High Pulse Width ; clk_50mhz ; Rise       ; cont_clk[11]                    ;
; 0.416  ; 0.632        ; 0.216          ; High Pulse Width ; clk_50mhz ; Rise       ; cont_clk[12]                    ;
; 0.416  ; 0.632        ; 0.216          ; High Pulse Width ; clk_50mhz ; Rise       ; cont_clk[13]                    ;
; 0.416  ; 0.632        ; 0.216          ; High Pulse Width ; clk_50mhz ; Rise       ; cont_clk[14]                    ;
; 0.416  ; 0.632        ; 0.216          ; High Pulse Width ; clk_50mhz ; Rise       ; cont_clk[16]                    ;
; 0.416  ; 0.632        ; 0.216          ; High Pulse Width ; clk_50mhz ; Rise       ; cont_clk[18]                    ;
; 0.416  ; 0.632        ; 0.216          ; High Pulse Width ; clk_50mhz ; Rise       ; cont_clk[1]                     ;
; 0.416  ; 0.632        ; 0.216          ; High Pulse Width ; clk_50mhz ; Rise       ; cont_clk[2]                     ;
; 0.416  ; 0.632        ; 0.216          ; High Pulse Width ; clk_50mhz ; Rise       ; cont_clk[3]                     ;
; 0.416  ; 0.632        ; 0.216          ; High Pulse Width ; clk_50mhz ; Rise       ; cont_clk[4]                     ;
; 0.416  ; 0.632        ; 0.216          ; High Pulse Width ; clk_50mhz ; Rise       ; cont_clk[5]                     ;
; 0.416  ; 0.632        ; 0.216          ; High Pulse Width ; clk_50mhz ; Rise       ; cont_clk[6]                     ;
; 0.416  ; 0.632        ; 0.216          ; High Pulse Width ; clk_50mhz ; Rise       ; cont_clk[7]                     ;
; 0.416  ; 0.632        ; 0.216          ; High Pulse Width ; clk_50mhz ; Rise       ; cont_clk[8]                     ;
; 0.416  ; 0.632        ; 0.216          ; High Pulse Width ; clk_50mhz ; Rise       ; cont_clk[9]                     ;
+--------+--------------+----------------+------------------+-----------+------------+---------------------------------+


+--------------------------------------------------------------------------------------------------------------------------------------------+
; Slow 1200mV 0C Model Minimum Pulse Width: 'clk_1hz_int'                                                                                    ;
+--------+--------------+----------------+------------------+-------------+------------+-----------------------------------------------------+
; Slack  ; Actual Width ; Required Width ; Type             ; Clock       ; Clock Edge ; Target                                              ;
+--------+--------------+----------------+------------------+-------------+------------+-----------------------------------------------------+
; -1.000 ; 1.000        ; 2.000          ; Min Period       ; clk_1hz_int ; Rise       ; control:MODULO_CONTROL|alarma_led                   ;
; -1.000 ; 1.000        ; 2.000          ; Min Period       ; clk_1hz_int ; Rise       ; control:MODULO_CONTROL|base_d[0]                    ;
; -1.000 ; 1.000        ; 2.000          ; Min Period       ; clk_1hz_int ; Rise       ; control:MODULO_CONTROL|base_d[1]                    ;
; -1.000 ; 1.000        ; 2.000          ; Min Period       ; clk_1hz_int ; Rise       ; control:MODULO_CONTROL|base_d[2]                    ;
; -1.000 ; 1.000        ; 2.000          ; Min Period       ; clk_1hz_int ; Rise       ; control:MODULO_CONTROL|base_d[3]                    ;
; -1.000 ; 1.000        ; 2.000          ; Min Period       ; clk_1hz_int ; Rise       ; control:MODULO_CONTROL|base_u[0]                    ;
; -1.000 ; 1.000        ; 2.000          ; Min Period       ; clk_1hz_int ; Rise       ; control:MODULO_CONTROL|base_u[1]                    ;
; -1.000 ; 1.000        ; 2.000          ; Min Period       ; clk_1hz_int ; Rise       ; control:MODULO_CONTROL|base_u[2]                    ;
; -1.000 ; 1.000        ; 2.000          ; Min Period       ; clk_1hz_int ; Rise       ; control:MODULO_CONTROL|base_u[3]                    ;
; -1.000 ; 1.000        ; 2.000          ; Min Period       ; clk_1hz_int ; Rise       ; control:MODULO_CONTROL|estado_actual.EXCESO_TIEMPO  ;
; -1.000 ; 1.000        ; 2.000          ; Min Period       ; clk_1hz_int ; Rise       ; control:MODULO_CONTROL|estado_actual.LIBRE          ;
; -1.000 ; 1.000        ; 2.000          ; Min Period       ; clk_1hz_int ; Rise       ; control:MODULO_CONTROL|estado_actual.OCUPADO_LIMITE ;
; -1.000 ; 1.000        ; 2.000          ; Min Period       ; clk_1hz_int ; Rise       ; control:MODULO_CONTROL|extra_d[0]                   ;
; -1.000 ; 1.000        ; 2.000          ; Min Period       ; clk_1hz_int ; Rise       ; control:MODULO_CONTROL|extra_d[1]                   ;
; -1.000 ; 1.000        ; 2.000          ; Min Period       ; clk_1hz_int ; Rise       ; control:MODULO_CONTROL|extra_d[2]                   ;
; -1.000 ; 1.000        ; 2.000          ; Min Period       ; clk_1hz_int ; Rise       ; control:MODULO_CONTROL|extra_d[3]                   ;
; -1.000 ; 1.000        ; 2.000          ; Min Period       ; clk_1hz_int ; Rise       ; control:MODULO_CONTROL|extra_u[0]                   ;
; -1.000 ; 1.000        ; 2.000          ; Min Period       ; clk_1hz_int ; Rise       ; control:MODULO_CONTROL|extra_u[1]                   ;
; -1.000 ; 1.000        ; 2.000          ; Min Period       ; clk_1hz_int ; Rise       ; control:MODULO_CONTROL|extra_u[2]                   ;
; -1.000 ; 1.000        ; 2.000          ; Min Period       ; clk_1hz_int ; Rise       ; control:MODULO_CONTROL|extra_u[3]                   ;
; -1.000 ; 1.000        ; 2.000          ; Min Period       ; clk_1hz_int ; Rise       ; control:MODULO_CONTROL|felicita_led                 ;
; 0.292  ; 0.508        ; 0.216          ; High Pulse Width ; clk_1hz_int ; Rise       ; control:MODULO_CONTROL|alarma_led                   ;
; 0.292  ; 0.508        ; 0.216          ; High Pulse Width ; clk_1hz_int ; Rise       ; control:MODULO_CONTROL|base_d[1]                    ;
; 0.292  ; 0.508        ; 0.216          ; High Pulse Width ; clk_1hz_int ; Rise       ; control:MODULO_CONTROL|estado_actual.EXCESO_TIEMPO  ;
; 0.292  ; 0.508        ; 0.216          ; High Pulse Width ; clk_1hz_int ; Rise       ; control:MODULO_CONTROL|estado_actual.LIBRE          ;
; 0.292  ; 0.508        ; 0.216          ; High Pulse Width ; clk_1hz_int ; Rise       ; control:MODULO_CONTROL|estado_actual.OCUPADO_LIMITE ;
; 0.292  ; 0.508        ; 0.216          ; High Pulse Width ; clk_1hz_int ; Rise       ; control:MODULO_CONTROL|extra_d[0]                   ;
; 0.292  ; 0.508        ; 0.216          ; High Pulse Width ; clk_1hz_int ; Rise       ; control:MODULO_CONTROL|extra_d[1]                   ;
; 0.292  ; 0.508        ; 0.216          ; High Pulse Width ; clk_1hz_int ; Rise       ; control:MODULO_CONTROL|extra_d[2]                   ;
; 0.292  ; 0.508        ; 0.216          ; High Pulse Width ; clk_1hz_int ; Rise       ; control:MODULO_CONTROL|extra_d[3]                   ;
; 0.292  ; 0.508        ; 0.216          ; High Pulse Width ; clk_1hz_int ; Rise       ; control:MODULO_CONTROL|extra_u[0]                   ;
; 0.292  ; 0.508        ; 0.216          ; High Pulse Width ; clk_1hz_int ; Rise       ; control:MODULO_CONTROL|extra_u[1]                   ;
; 0.292  ; 0.508        ; 0.216          ; High Pulse Width ; clk_1hz_int ; Rise       ; control:MODULO_CONTROL|extra_u[2]                   ;
; 0.292  ; 0.508        ; 0.216          ; High Pulse Width ; clk_1hz_int ; Rise       ; control:MODULO_CONTROL|extra_u[3]                   ;
; 0.293  ; 0.509        ; 0.216          ; High Pulse Width ; clk_1hz_int ; Rise       ; control:MODULO_CONTROL|base_d[0]                    ;
; 0.293  ; 0.509        ; 0.216          ; High Pulse Width ; clk_1hz_int ; Rise       ; control:MODULO_CONTROL|base_d[2]                    ;
; 0.293  ; 0.509        ; 0.216          ; High Pulse Width ; clk_1hz_int ; Rise       ; control:MODULO_CONTROL|base_d[3]                    ;
; 0.293  ; 0.509        ; 0.216          ; High Pulse Width ; clk_1hz_int ; Rise       ; control:MODULO_CONTROL|base_u[0]                    ;
; 0.293  ; 0.509        ; 0.216          ; High Pulse Width ; clk_1hz_int ; Rise       ; control:MODULO_CONTROL|base_u[1]                    ;
; 0.293  ; 0.509        ; 0.216          ; High Pulse Width ; clk_1hz_int ; Rise       ; control:MODULO_CONTROL|base_u[2]                    ;
; 0.293  ; 0.509        ; 0.216          ; High Pulse Width ; clk_1hz_int ; Rise       ; control:MODULO_CONTROL|base_u[3]                    ;
; 0.293  ; 0.509        ; 0.216          ; High Pulse Width ; clk_1hz_int ; Rise       ; control:MODULO_CONTROL|felicita_led                 ;
; 0.305  ; 0.489        ; 0.184          ; Low Pulse Width  ; clk_1hz_int ; Rise       ; control:MODULO_CONTROL|base_d[0]                    ;
; 0.305  ; 0.489        ; 0.184          ; Low Pulse Width  ; clk_1hz_int ; Rise       ; control:MODULO_CONTROL|base_d[2]                    ;
; 0.305  ; 0.489        ; 0.184          ; Low Pulse Width  ; clk_1hz_int ; Rise       ; control:MODULO_CONTROL|base_d[3]                    ;
; 0.305  ; 0.489        ; 0.184          ; Low Pulse Width  ; clk_1hz_int ; Rise       ; control:MODULO_CONTROL|base_u[0]                    ;
; 0.305  ; 0.489        ; 0.184          ; Low Pulse Width  ; clk_1hz_int ; Rise       ; control:MODULO_CONTROL|base_u[1]                    ;
; 0.305  ; 0.489        ; 0.184          ; Low Pulse Width  ; clk_1hz_int ; Rise       ; control:MODULO_CONTROL|base_u[2]                    ;
; 0.305  ; 0.489        ; 0.184          ; Low Pulse Width  ; clk_1hz_int ; Rise       ; control:MODULO_CONTROL|base_u[3]                    ;
; 0.305  ; 0.489        ; 0.184          ; Low Pulse Width  ; clk_1hz_int ; Rise       ; control:MODULO_CONTROL|felicita_led                 ;
; 0.306  ; 0.490        ; 0.184          ; Low Pulse Width  ; clk_1hz_int ; Rise       ; control:MODULO_CONTROL|estado_actual.EXCESO_TIEMPO  ;
; 0.306  ; 0.490        ; 0.184          ; Low Pulse Width  ; clk_1hz_int ; Rise       ; control:MODULO_CONTROL|estado_actual.LIBRE          ;
; 0.306  ; 0.490        ; 0.184          ; Low Pulse Width  ; clk_1hz_int ; Rise       ; control:MODULO_CONTROL|estado_actual.OCUPADO_LIMITE ;
; 0.306  ; 0.490        ; 0.184          ; Low Pulse Width  ; clk_1hz_int ; Rise       ; control:MODULO_CONTROL|extra_d[0]                   ;
; 0.306  ; 0.490        ; 0.184          ; Low Pulse Width  ; clk_1hz_int ; Rise       ; control:MODULO_CONTROL|extra_d[1]                   ;
; 0.306  ; 0.490        ; 0.184          ; Low Pulse Width  ; clk_1hz_int ; Rise       ; control:MODULO_CONTROL|extra_d[2]                   ;
; 0.306  ; 0.490        ; 0.184          ; Low Pulse Width  ; clk_1hz_int ; Rise       ; control:MODULO_CONTROL|extra_d[3]                   ;
; 0.307  ; 0.491        ; 0.184          ; Low Pulse Width  ; clk_1hz_int ; Rise       ; control:MODULO_CONTROL|alarma_led                   ;
; 0.307  ; 0.491        ; 0.184          ; Low Pulse Width  ; clk_1hz_int ; Rise       ; control:MODULO_CONTROL|base_d[1]                    ;
; 0.307  ; 0.491        ; 0.184          ; Low Pulse Width  ; clk_1hz_int ; Rise       ; control:MODULO_CONTROL|extra_u[0]                   ;
; 0.307  ; 0.491        ; 0.184          ; Low Pulse Width  ; clk_1hz_int ; Rise       ; control:MODULO_CONTROL|extra_u[1]                   ;
; 0.307  ; 0.491        ; 0.184          ; Low Pulse Width  ; clk_1hz_int ; Rise       ; control:MODULO_CONTROL|extra_u[2]                   ;
; 0.307  ; 0.491        ; 0.184          ; Low Pulse Width  ; clk_1hz_int ; Rise       ; control:MODULO_CONTROL|extra_u[3]                   ;
; 0.465  ; 0.465        ; 0.000          ; Low Pulse Width  ; clk_1hz_int ; Rise       ; MODULO_CONTROL|base_d[0]|clk                        ;
; 0.465  ; 0.465        ; 0.000          ; Low Pulse Width  ; clk_1hz_int ; Rise       ; MODULO_CONTROL|base_d[2]|clk                        ;
; 0.465  ; 0.465        ; 0.000          ; Low Pulse Width  ; clk_1hz_int ; Rise       ; MODULO_CONTROL|base_d[3]|clk                        ;
; 0.465  ; 0.465        ; 0.000          ; Low Pulse Width  ; clk_1hz_int ; Rise       ; MODULO_CONTROL|base_u[0]|clk                        ;
; 0.465  ; 0.465        ; 0.000          ; Low Pulse Width  ; clk_1hz_int ; Rise       ; MODULO_CONTROL|base_u[1]|clk                        ;
; 0.465  ; 0.465        ; 0.000          ; Low Pulse Width  ; clk_1hz_int ; Rise       ; MODULO_CONTROL|base_u[2]|clk                        ;
; 0.465  ; 0.465        ; 0.000          ; Low Pulse Width  ; clk_1hz_int ; Rise       ; MODULO_CONTROL|base_u[3]|clk                        ;
; 0.465  ; 0.465        ; 0.000          ; Low Pulse Width  ; clk_1hz_int ; Rise       ; MODULO_CONTROL|felicita_led|clk                     ;
; 0.466  ; 0.466        ; 0.000          ; Low Pulse Width  ; clk_1hz_int ; Rise       ; MODULO_CONTROL|estado_actual.EXCESO_TIEMPO|clk      ;
; 0.466  ; 0.466        ; 0.000          ; Low Pulse Width  ; clk_1hz_int ; Rise       ; MODULO_CONTROL|estado_actual.LIBRE|clk              ;
; 0.466  ; 0.466        ; 0.000          ; Low Pulse Width  ; clk_1hz_int ; Rise       ; MODULO_CONTROL|estado_actual.OCUPADO_LIMITE|clk     ;
; 0.466  ; 0.466        ; 0.000          ; Low Pulse Width  ; clk_1hz_int ; Rise       ; MODULO_CONTROL|extra_d[0]|clk                       ;
; 0.466  ; 0.466        ; 0.000          ; Low Pulse Width  ; clk_1hz_int ; Rise       ; MODULO_CONTROL|extra_d[1]|clk                       ;
; 0.466  ; 0.466        ; 0.000          ; Low Pulse Width  ; clk_1hz_int ; Rise       ; MODULO_CONTROL|extra_d[2]|clk                       ;
; 0.466  ; 0.466        ; 0.000          ; Low Pulse Width  ; clk_1hz_int ; Rise       ; MODULO_CONTROL|extra_d[3]|clk                       ;
; 0.467  ; 0.467        ; 0.000          ; Low Pulse Width  ; clk_1hz_int ; Rise       ; MODULO_CONTROL|alarma_led|clk                       ;
; 0.467  ; 0.467        ; 0.000          ; Low Pulse Width  ; clk_1hz_int ; Rise       ; MODULO_CONTROL|base_d[1]|clk                        ;
; 0.467  ; 0.467        ; 0.000          ; Low Pulse Width  ; clk_1hz_int ; Rise       ; MODULO_CONTROL|extra_u[0]|clk                       ;
; 0.467  ; 0.467        ; 0.000          ; Low Pulse Width  ; clk_1hz_int ; Rise       ; MODULO_CONTROL|extra_u[1]|clk                       ;
; 0.467  ; 0.467        ; 0.000          ; Low Pulse Width  ; clk_1hz_int ; Rise       ; MODULO_CONTROL|extra_u[2]|clk                       ;
; 0.467  ; 0.467        ; 0.000          ; Low Pulse Width  ; clk_1hz_int ; Rise       ; MODULO_CONTROL|extra_u[3]|clk                       ;
; 0.475  ; 0.475        ; 0.000          ; Low Pulse Width  ; clk_1hz_int ; Rise       ; clk_1hz_int~clkctrl|inclk[0]                        ;
; 0.475  ; 0.475        ; 0.000          ; Low Pulse Width  ; clk_1hz_int ; Rise       ; clk_1hz_int~clkctrl|outclk                          ;
; 0.500  ; 0.500        ; 0.000          ; High Pulse Width ; clk_1hz_int ; Rise       ; clk_1hz_int|q                                       ;
; 0.500  ; 0.500        ; 0.000          ; Low Pulse Width  ; clk_1hz_int ; Rise       ; clk_1hz_int|q                                       ;
; 0.524  ; 0.524        ; 0.000          ; High Pulse Width ; clk_1hz_int ; Rise       ; clk_1hz_int~clkctrl|inclk[0]                        ;
; 0.524  ; 0.524        ; 0.000          ; High Pulse Width ; clk_1hz_int ; Rise       ; clk_1hz_int~clkctrl|outclk                          ;
; 0.532  ; 0.532        ; 0.000          ; High Pulse Width ; clk_1hz_int ; Rise       ; MODULO_CONTROL|alarma_led|clk                       ;
; 0.532  ; 0.532        ; 0.000          ; High Pulse Width ; clk_1hz_int ; Rise       ; MODULO_CONTROL|base_d[1]|clk                        ;
; 0.532  ; 0.532        ; 0.000          ; High Pulse Width ; clk_1hz_int ; Rise       ; MODULO_CONTROL|estado_actual.EXCESO_TIEMPO|clk      ;
; 0.532  ; 0.532        ; 0.000          ; High Pulse Width ; clk_1hz_int ; Rise       ; MODULO_CONTROL|estado_actual.LIBRE|clk              ;
; 0.532  ; 0.532        ; 0.000          ; High Pulse Width ; clk_1hz_int ; Rise       ; MODULO_CONTROL|estado_actual.OCUPADO_LIMITE|clk     ;
; 0.532  ; 0.532        ; 0.000          ; High Pulse Width ; clk_1hz_int ; Rise       ; MODULO_CONTROL|extra_d[0]|clk                       ;
; 0.532  ; 0.532        ; 0.000          ; High Pulse Width ; clk_1hz_int ; Rise       ; MODULO_CONTROL|extra_d[1]|clk                       ;
; 0.532  ; 0.532        ; 0.000          ; High Pulse Width ; clk_1hz_int ; Rise       ; MODULO_CONTROL|extra_d[2]|clk                       ;
; 0.532  ; 0.532        ; 0.000          ; High Pulse Width ; clk_1hz_int ; Rise       ; MODULO_CONTROL|extra_d[3]|clk                       ;
; 0.532  ; 0.532        ; 0.000          ; High Pulse Width ; clk_1hz_int ; Rise       ; MODULO_CONTROL|extra_u[0]|clk                       ;
+--------+--------------+----------------+------------------+-------------+------------+-----------------------------------------------------+


+-----------------------------------------------------------------------------+
; Setup Times                                                                 ;
+----------------+-------------+-------+-------+------------+-----------------+
; Data Port      ; Clock Port  ; Rise  ; Fall  ; Clock Edge ; Clock Reference ;
+----------------+-------------+-------+-------+------------+-----------------+
; sensor_persona ; clk_1hz_int ; 1.576 ; 1.686 ; Rise       ; clk_1hz_int     ;
+----------------+-------------+-------+-------+------------+-----------------+


+-------------------------------------------------------------------------------+
; Hold Times                                                                    ;
+----------------+-------------+--------+--------+------------+-----------------+
; Data Port      ; Clock Port  ; Rise   ; Fall   ; Clock Edge ; Clock Reference ;
+----------------+-------------+--------+--------+------------+-----------------+
; sensor_persona ; clk_1hz_int ; -0.134 ; -0.235 ; Rise       ; clk_1hz_int     ;
+----------------+-------------+--------+--------+------------+-----------------+


+------------------------------------------------------------------------------------+
; Clock to Output Times                                                              ;
+-----------------------+-------------+-------+-------+------------+-----------------+
; Data Port             ; Clock Port  ; Rise  ; Fall  ; Clock Edge ; Clock Reference ;
+-----------------------+-------------+-------+-------+------------+-----------------+
; alarma_led            ; clk_1hz_int ; 4.793 ; 4.807 ; Rise       ; clk_1hz_int     ;
; display_base_dec[*]   ; clk_1hz_int ; 7.027 ; 7.050 ; Rise       ; clk_1hz_int     ;
;  display_base_dec[0]  ; clk_1hz_int ; 7.027 ; 7.050 ; Rise       ; clk_1hz_int     ;
;  display_base_dec[1]  ; clk_1hz_int ; 6.204 ; 6.135 ; Rise       ; clk_1hz_int     ;
;  display_base_dec[2]  ; clk_1hz_int ; 6.033 ; 6.098 ; Rise       ; clk_1hz_int     ;
;  display_base_dec[3]  ; clk_1hz_int ; 5.810 ; 5.739 ; Rise       ; clk_1hz_int     ;
;  display_base_dec[4]  ; clk_1hz_int ; 6.095 ; 5.988 ; Rise       ; clk_1hz_int     ;
;  display_base_dec[5]  ; clk_1hz_int ; 5.737 ; 5.808 ; Rise       ; clk_1hz_int     ;
;  display_base_dec[6]  ; clk_1hz_int ; 5.796 ; 5.781 ; Rise       ; clk_1hz_int     ;
; display_base_uni[*]   ; clk_1hz_int ; 6.350 ; 6.311 ; Rise       ; clk_1hz_int     ;
;  display_base_uni[0]  ; clk_1hz_int ; 6.350 ; 6.311 ; Rise       ; clk_1hz_int     ;
;  display_base_uni[1]  ; clk_1hz_int ; 5.944 ; 5.939 ; Rise       ; clk_1hz_int     ;
;  display_base_uni[2]  ; clk_1hz_int ; 5.628 ; 5.546 ; Rise       ; clk_1hz_int     ;
;  display_base_uni[3]  ; clk_1hz_int ; 5.842 ; 5.787 ; Rise       ; clk_1hz_int     ;
;  display_base_uni[4]  ; clk_1hz_int ; 6.025 ; 5.989 ; Rise       ; clk_1hz_int     ;
;  display_base_uni[5]  ; clk_1hz_int ; 6.190 ; 6.153 ; Rise       ; clk_1hz_int     ;
;  display_base_uni[6]  ; clk_1hz_int ; 5.785 ; 5.828 ; Rise       ; clk_1hz_int     ;
; display_extra_dec[*]  ; clk_1hz_int ; 6.085 ; 6.036 ; Rise       ; clk_1hz_int     ;
;  display_extra_dec[0] ; clk_1hz_int ; 6.085 ; 5.995 ; Rise       ; clk_1hz_int     ;
;  display_extra_dec[1] ; clk_1hz_int ; 5.839 ; 5.839 ; Rise       ; clk_1hz_int     ;
;  display_extra_dec[2] ; clk_1hz_int ; 5.941 ; 5.954 ; Rise       ; clk_1hz_int     ;
;  display_extra_dec[3] ; clk_1hz_int ; 6.075 ; 5.995 ; Rise       ; clk_1hz_int     ;
;  display_extra_dec[4] ; clk_1hz_int ; 5.852 ; 5.773 ; Rise       ; clk_1hz_int     ;
;  display_extra_dec[5] ; clk_1hz_int ; 5.818 ; 5.838 ; Rise       ; clk_1hz_int     ;
;  display_extra_dec[6] ; clk_1hz_int ; 6.050 ; 6.036 ; Rise       ; clk_1hz_int     ;
; display_extra_uni[*]  ; clk_1hz_int ; 5.853 ; 5.872 ; Rise       ; clk_1hz_int     ;
;  display_extra_uni[0] ; clk_1hz_int ; 5.562 ; 5.552 ; Rise       ; clk_1hz_int     ;
;  display_extra_uni[1] ; clk_1hz_int ; 5.853 ; 5.827 ; Rise       ; clk_1hz_int     ;
;  display_extra_uni[2] ; clk_1hz_int ; 5.596 ; 5.498 ; Rise       ; clk_1hz_int     ;
;  display_extra_uni[3] ; clk_1hz_int ; 5.844 ; 5.839 ; Rise       ; clk_1hz_int     ;
;  display_extra_uni[4] ; clk_1hz_int ; 5.812 ; 5.857 ; Rise       ; clk_1hz_int     ;
;  display_extra_uni[5] ; clk_1hz_int ; 5.561 ; 5.605 ; Rise       ; clk_1hz_int     ;
;  display_extra_uni[6] ; clk_1hz_int ; 5.816 ; 5.872 ; Rise       ; clk_1hz_int     ;
; felicita_led          ; clk_1hz_int ; 4.803 ; 4.819 ; Rise       ; clk_1hz_int     ;
+-----------------------+-------------+-------+-------+------------+-----------------+


+------------------------------------------------------------------------------------+
; Minimum Clock to Output Times                                                      ;
+-----------------------+-------------+-------+-------+------------+-----------------+
; Data Port             ; Clock Port  ; Rise  ; Fall  ; Clock Edge ; Clock Reference ;
+-----------------------+-------------+-------+-------+------------+-----------------+
; alarma_led            ; clk_1hz_int ; 4.681 ; 4.694 ; Rise       ; clk_1hz_int     ;
; display_base_dec[*]   ; clk_1hz_int ; 4.965 ; 4.974 ; Rise       ; clk_1hz_int     ;
;  display_base_dec[0]  ; clk_1hz_int ; 6.565 ; 6.617 ; Rise       ; clk_1hz_int     ;
;  display_base_dec[1]  ; clk_1hz_int ; 5.398 ; 5.407 ; Rise       ; clk_1hz_int     ;
;  display_base_dec[2]  ; clk_1hz_int ; 5.537 ; 5.469 ; Rise       ; clk_1hz_int     ;
;  display_base_dec[3]  ; clk_1hz_int ; 5.003 ; 4.974 ; Rise       ; clk_1hz_int     ;
;  display_base_dec[4]  ; clk_1hz_int ; 5.313 ; 5.331 ; Rise       ; clk_1hz_int     ;
;  display_base_dec[5]  ; clk_1hz_int ; 5.075 ; 4.984 ; Rise       ; clk_1hz_int     ;
;  display_base_dec[6]  ; clk_1hz_int ; 4.965 ; 5.002 ; Rise       ; clk_1hz_int     ;
; display_base_uni[*]   ; clk_1hz_int ; 5.171 ; 5.135 ; Rise       ; clk_1hz_int     ;
;  display_base_uni[0]  ; clk_1hz_int ; 5.942 ; 5.902 ; Rise       ; clk_1hz_int     ;
;  display_base_uni[1]  ; clk_1hz_int ; 5.554 ; 5.502 ; Rise       ; clk_1hz_int     ;
;  display_base_uni[2]  ; clk_1hz_int ; 5.244 ; 5.135 ; Rise       ; clk_1hz_int     ;
;  display_base_uni[3]  ; clk_1hz_int ; 5.227 ; 5.164 ; Rise       ; clk_1hz_int     ;
;  display_base_uni[4]  ; clk_1hz_int ; 5.397 ; 5.338 ; Rise       ; clk_1hz_int     ;
;  display_base_uni[5]  ; clk_1hz_int ; 5.769 ; 5.731 ; Rise       ; clk_1hz_int     ;
;  display_base_uni[6]  ; clk_1hz_int ; 5.171 ; 5.232 ; Rise       ; clk_1hz_int     ;
; display_extra_dec[*]  ; clk_1hz_int ; 5.494 ; 5.476 ; Rise       ; clk_1hz_int     ;
;  display_extra_dec[0] ; clk_1hz_int ; 5.739 ; 5.690 ; Rise       ; clk_1hz_int     ;
;  display_extra_dec[1] ; clk_1hz_int ; 5.510 ; 5.527 ; Rise       ; clk_1hz_int     ;
;  display_extra_dec[2] ; clk_1hz_int ; 5.671 ; 5.566 ; Rise       ; clk_1hz_int     ;
;  display_extra_dec[3] ; clk_1hz_int ; 5.729 ; 5.691 ; Rise       ; clk_1hz_int     ;
;  display_extra_dec[4] ; clk_1hz_int ; 5.494 ; 5.516 ; Rise       ; clk_1hz_int     ;
;  display_extra_dec[5] ; clk_1hz_int ; 5.551 ; 5.476 ; Rise       ; clk_1hz_int     ;
;  display_extra_dec[6] ; clk_1hz_int ; 5.680 ; 5.719 ; Rise       ; clk_1hz_int     ;
; display_extra_uni[*]  ; clk_1hz_int ; 5.030 ; 5.057 ; Rise       ; clk_1hz_int     ;
;  display_extra_uni[0] ; clk_1hz_int ; 5.158 ; 5.094 ; Rise       ; clk_1hz_int     ;
;  display_extra_uni[1] ; clk_1hz_int ; 5.274 ; 5.231 ; Rise       ; clk_1hz_int     ;
;  display_extra_uni[2] ; clk_1hz_int ; 5.030 ; 5.057 ; Rise       ; clk_1hz_int     ;
;  display_extra_uni[3] ; clk_1hz_int ; 5.419 ; 5.360 ; Rise       ; clk_1hz_int     ;
;  display_extra_uni[4] ; clk_1hz_int ; 5.342 ; 5.231 ; Rise       ; clk_1hz_int     ;
;  display_extra_uni[5] ; clk_1hz_int ; 5.205 ; 5.138 ; Rise       ; clk_1hz_int     ;
;  display_extra_uni[6] ; clk_1hz_int ; 5.393 ; 5.386 ; Rise       ; clk_1hz_int     ;
; felicita_led          ; clk_1hz_int ; 4.693 ; 4.707 ; Rise       ; clk_1hz_int     ;
+-----------------------+-------------+-------+-------+------------+-----------------+


---------------------------------------------
; Slow 1200mV 0C Model Metastability Report ;
---------------------------------------------
No synchronizer chains to report.


+--------------------------------------+
; Fast 1200mV 0C Model Setup Summary   ;
+-------------+--------+---------------+
; Clock       ; Slack  ; End Point TNS ;
+-------------+--------+---------------+
; clk_50mhz   ; -1.142 ; -12.402       ;
; clk_1hz_int ; -0.476 ; -4.463        ;
+-------------+--------+---------------+


+--------------------------------------+
; Fast 1200mV 0C Model Hold Summary    ;
+-------------+--------+---------------+
; Clock       ; Slack  ; End Point TNS ;
+-------------+--------+---------------+
; clk_50mhz   ; -0.176 ; -0.176        ;
; clk_1hz_int ; 0.178  ; 0.000         ;
+-------------+--------+---------------+


-----------------------------------------
; Fast 1200mV 0C Model Recovery Summary ;
-----------------------------------------
No paths to report.


----------------------------------------
; Fast 1200mV 0C Model Removal Summary ;
----------------------------------------
No paths to report.


+--------------------------------------------------+
; Fast 1200mV 0C Model Minimum Pulse Width Summary ;
+-------------+--------+---------------------------+
; Clock       ; Slack  ; End Point TNS             ;
+-------------+--------+---------------------------+
; clk_50mhz   ; -3.000 ; -30.508                   ;
; clk_1hz_int ; -1.000 ; -21.000                   ;
+-------------+--------+---------------------------+


+------------------------------------------------------------------------------------------------------------+
; Fast 1200mV 0C Model Setup: 'clk_50mhz'                                                                    ;
+--------+--------------+--------------+--------------+-------------+--------------+------------+------------+
; Slack  ; From Node    ; To Node      ; Launch Clock ; Latch Clock ; Relationship ; Clock Skew ; Data Delay ;
+--------+--------------+--------------+--------------+-------------+--------------+------------+------------+
; -1.142 ; cont_clk[7]  ; clk_1hz_int  ; clk_50mhz    ; clk_50mhz   ; 1.000        ; -0.036     ; 2.093      ;
; -1.072 ; cont_clk[4]  ; clk_1hz_int  ; clk_50mhz    ; clk_50mhz   ; 1.000        ; -0.036     ; 2.023      ;
; -1.068 ; cont_clk[6]  ; clk_1hz_int  ; clk_50mhz    ; clk_50mhz   ; 1.000        ; -0.036     ; 2.019      ;
; -1.065 ; cont_clk[3]  ; clk_1hz_int  ; clk_50mhz    ; clk_50mhz   ; 1.000        ; -0.036     ; 2.016      ;
; -0.996 ; cont_clk[1]  ; clk_1hz_int  ; clk_50mhz    ; clk_50mhz   ; 1.000        ; -0.036     ; 1.947      ;
; -0.952 ; cont_clk[14] ; clk_1hz_int  ; clk_50mhz    ; clk_50mhz   ; 1.000        ; -0.036     ; 1.903      ;
; -0.949 ; cont_clk[5]  ; clk_1hz_int  ; clk_50mhz    ; clk_50mhz   ; 1.000        ; -0.036     ; 1.900      ;
; -0.938 ; cont_clk[10] ; clk_1hz_int  ; clk_50mhz    ; clk_50mhz   ; 1.000        ; -0.036     ; 1.889      ;
; -0.935 ; cont_clk[9]  ; clk_1hz_int  ; clk_50mhz    ; clk_50mhz   ; 1.000        ; -0.036     ; 1.886      ;
; -0.922 ; cont_clk[2]  ; clk_1hz_int  ; clk_50mhz    ; clk_50mhz   ; 1.000        ; -0.036     ; 1.873      ;
; -0.908 ; cont_clk[11] ; clk_1hz_int  ; clk_50mhz    ; clk_50mhz   ; 1.000        ; -0.036     ; 1.859      ;
; -0.875 ; cont_clk[12] ; clk_1hz_int  ; clk_50mhz    ; clk_50mhz   ; 1.000        ; -0.036     ; 1.826      ;
; -0.854 ; cont_clk[0]  ; clk_1hz_int  ; clk_50mhz    ; clk_50mhz   ; 1.000        ; -0.036     ; 1.805      ;
; -0.803 ; cont_clk[8]  ; clk_1hz_int  ; clk_50mhz    ; clk_50mhz   ; 1.000        ; -0.036     ; 1.754      ;
; -0.795 ; cont_clk[13] ; clk_1hz_int  ; clk_50mhz    ; clk_50mhz   ; 1.000        ; -0.036     ; 1.746      ;
; -0.784 ; cont_clk[7]  ; cont_clk[6]  ; clk_50mhz    ; clk_50mhz   ; 1.000        ; -0.036     ; 1.735      ;
; -0.784 ; cont_clk[7]  ; cont_clk[21] ; clk_50mhz    ; clk_50mhz   ; 1.000        ; -0.036     ; 1.735      ;
; -0.784 ; cont_clk[7]  ; cont_clk[22] ; clk_50mhz    ; clk_50mhz   ; 1.000        ; -0.036     ; 1.735      ;
; -0.783 ; cont_clk[7]  ; cont_clk[20] ; clk_50mhz    ; clk_50mhz   ; 1.000        ; -0.036     ; 1.734      ;
; -0.772 ; cont_clk[7]  ; cont_clk[14] ; clk_50mhz    ; clk_50mhz   ; 1.000        ; -0.036     ; 1.723      ;
; -0.769 ; cont_clk[7]  ; cont_clk[13] ; clk_50mhz    ; clk_50mhz   ; 1.000        ; -0.036     ; 1.720      ;
; -0.765 ; cont_clk[1]  ; cont_clk[18] ; clk_50mhz    ; clk_50mhz   ; 1.000        ; -0.036     ; 1.716      ;
; -0.765 ; cont_clk[18] ; clk_1hz_int  ; clk_50mhz    ; clk_50mhz   ; 1.000        ; -0.036     ; 1.716      ;
; -0.758 ; cont_clk[16] ; clk_1hz_int  ; clk_50mhz    ; clk_50mhz   ; 1.000        ; -0.036     ; 1.709      ;
; -0.755 ; cont_clk[15] ; clk_1hz_int  ; clk_50mhz    ; clk_50mhz   ; 1.000        ; -0.036     ; 1.706      ;
; -0.753 ; cont_clk[7]  ; cont_clk[11] ; clk_50mhz    ; clk_50mhz   ; 1.000        ; -0.036     ; 1.704      ;
; -0.752 ; cont_clk[7]  ; cont_clk[0]  ; clk_50mhz    ; clk_50mhz   ; 1.000        ; -0.036     ; 1.703      ;
; -0.746 ; cont_clk[19] ; clk_1hz_int  ; clk_50mhz    ; clk_50mhz   ; 1.000        ; -0.233     ; 1.500      ;
; -0.737 ; cont_clk[7]  ; cont_clk[12] ; clk_50mhz    ; clk_50mhz   ; 1.000        ; -0.036     ; 1.688      ;
; -0.737 ; cont_clk[7]  ; cont_clk[18] ; clk_50mhz    ; clk_50mhz   ; 1.000        ; -0.036     ; 1.688      ;
; -0.735 ; cont_clk[7]  ; cont_clk[16] ; clk_50mhz    ; clk_50mhz   ; 1.000        ; -0.036     ; 1.686      ;
; -0.729 ; cont_clk[1]  ; cont_clk[22] ; clk_50mhz    ; clk_50mhz   ; 1.000        ; -0.036     ; 1.680      ;
; -0.722 ; cont_clk[20] ; clk_1hz_int  ; clk_50mhz    ; clk_50mhz   ; 1.000        ; -0.036     ; 1.673      ;
; -0.722 ; cont_clk[17] ; clk_1hz_int  ; clk_50mhz    ; clk_50mhz   ; 1.000        ; -0.036     ; 1.673      ;
; -0.721 ; cont_clk[0]  ; cont_clk[18] ; clk_50mhz    ; clk_50mhz   ; 1.000        ; -0.036     ; 1.672      ;
; -0.714 ; cont_clk[4]  ; cont_clk[6]  ; clk_50mhz    ; clk_50mhz   ; 1.000        ; -0.036     ; 1.665      ;
; -0.714 ; cont_clk[4]  ; cont_clk[21] ; clk_50mhz    ; clk_50mhz   ; 1.000        ; -0.036     ; 1.665      ;
; -0.714 ; cont_clk[4]  ; cont_clk[22] ; clk_50mhz    ; clk_50mhz   ; 1.000        ; -0.036     ; 1.665      ;
; -0.713 ; cont_clk[4]  ; cont_clk[20] ; clk_50mhz    ; clk_50mhz   ; 1.000        ; -0.036     ; 1.664      ;
; -0.710 ; cont_clk[6]  ; cont_clk[6]  ; clk_50mhz    ; clk_50mhz   ; 1.000        ; -0.036     ; 1.661      ;
; -0.710 ; cont_clk[6]  ; cont_clk[21] ; clk_50mhz    ; clk_50mhz   ; 1.000        ; -0.036     ; 1.661      ;
; -0.710 ; cont_clk[6]  ; cont_clk[22] ; clk_50mhz    ; clk_50mhz   ; 1.000        ; -0.036     ; 1.661      ;
; -0.709 ; cont_clk[6]  ; cont_clk[20] ; clk_50mhz    ; clk_50mhz   ; 1.000        ; -0.036     ; 1.660      ;
; -0.707 ; cont_clk[3]  ; cont_clk[6]  ; clk_50mhz    ; clk_50mhz   ; 1.000        ; -0.036     ; 1.658      ;
; -0.707 ; cont_clk[3]  ; cont_clk[21] ; clk_50mhz    ; clk_50mhz   ; 1.000        ; -0.036     ; 1.658      ;
; -0.707 ; cont_clk[3]  ; cont_clk[22] ; clk_50mhz    ; clk_50mhz   ; 1.000        ; -0.036     ; 1.658      ;
; -0.706 ; cont_clk[3]  ; cont_clk[20] ; clk_50mhz    ; clk_50mhz   ; 1.000        ; -0.036     ; 1.657      ;
; -0.705 ; cont_clk[22] ; clk_1hz_int  ; clk_50mhz    ; clk_50mhz   ; 1.000        ; -0.036     ; 1.656      ;
; -0.703 ; cont_clk[1]  ; cont_clk[24] ; clk_50mhz    ; clk_50mhz   ; 1.000        ; 0.153      ; 1.843      ;
; -0.702 ; cont_clk[4]  ; cont_clk[14] ; clk_50mhz    ; clk_50mhz   ; 1.000        ; -0.036     ; 1.653      ;
; -0.700 ; cont_clk[3]  ; cont_clk[18] ; clk_50mhz    ; clk_50mhz   ; 1.000        ; -0.036     ; 1.651      ;
; -0.700 ; cont_clk[1]  ; cont_clk[16] ; clk_50mhz    ; clk_50mhz   ; 1.000        ; -0.036     ; 1.651      ;
; -0.699 ; cont_clk[4]  ; cont_clk[13] ; clk_50mhz    ; clk_50mhz   ; 1.000        ; -0.036     ; 1.650      ;
; -0.698 ; cont_clk[6]  ; cont_clk[14] ; clk_50mhz    ; clk_50mhz   ; 1.000        ; -0.036     ; 1.649      ;
; -0.695 ; cont_clk[3]  ; cont_clk[14] ; clk_50mhz    ; clk_50mhz   ; 1.000        ; -0.036     ; 1.646      ;
; -0.695 ; cont_clk[6]  ; cont_clk[13] ; clk_50mhz    ; clk_50mhz   ; 1.000        ; -0.036     ; 1.646      ;
; -0.694 ; cont_clk[23] ; clk_1hz_int  ; clk_50mhz    ; clk_50mhz   ; 1.000        ; -0.036     ; 1.645      ;
; -0.692 ; cont_clk[3]  ; cont_clk[13] ; clk_50mhz    ; clk_50mhz   ; 1.000        ; -0.036     ; 1.643      ;
; -0.685 ; cont_clk[0]  ; cont_clk[22] ; clk_50mhz    ; clk_50mhz   ; 1.000        ; -0.036     ; 1.636      ;
; -0.683 ; cont_clk[4]  ; cont_clk[11] ; clk_50mhz    ; clk_50mhz   ; 1.000        ; -0.036     ; 1.634      ;
; -0.682 ; cont_clk[4]  ; cont_clk[0]  ; clk_50mhz    ; clk_50mhz   ; 1.000        ; -0.036     ; 1.633      ;
; -0.679 ; cont_clk[6]  ; cont_clk[11] ; clk_50mhz    ; clk_50mhz   ; 1.000        ; -0.036     ; 1.630      ;
; -0.678 ; cont_clk[6]  ; cont_clk[0]  ; clk_50mhz    ; clk_50mhz   ; 1.000        ; -0.036     ; 1.629      ;
; -0.676 ; cont_clk[3]  ; cont_clk[11] ; clk_50mhz    ; clk_50mhz   ; 1.000        ; -0.036     ; 1.627      ;
; -0.675 ; cont_clk[3]  ; cont_clk[0]  ; clk_50mhz    ; clk_50mhz   ; 1.000        ; -0.036     ; 1.626      ;
; -0.673 ; cont_clk[21] ; clk_1hz_int  ; clk_50mhz    ; clk_50mhz   ; 1.000        ; -0.036     ; 1.624      ;
; -0.667 ; cont_clk[4]  ; cont_clk[12] ; clk_50mhz    ; clk_50mhz   ; 1.000        ; -0.036     ; 1.618      ;
; -0.667 ; cont_clk[4]  ; cont_clk[18] ; clk_50mhz    ; clk_50mhz   ; 1.000        ; -0.036     ; 1.618      ;
; -0.666 ; cont_clk[1]  ; cont_clk[21] ; clk_50mhz    ; clk_50mhz   ; 1.000        ; -0.036     ; 1.617      ;
; -0.665 ; cont_clk[4]  ; cont_clk[16] ; clk_50mhz    ; clk_50mhz   ; 1.000        ; -0.036     ; 1.616      ;
; -0.663 ; cont_clk[6]  ; cont_clk[12] ; clk_50mhz    ; clk_50mhz   ; 1.000        ; -0.036     ; 1.614      ;
; -0.663 ; cont_clk[6]  ; cont_clk[18] ; clk_50mhz    ; clk_50mhz   ; 1.000        ; -0.036     ; 1.614      ;
; -0.662 ; cont_clk[1]  ; cont_clk[20] ; clk_50mhz    ; clk_50mhz   ; 1.000        ; -0.036     ; 1.613      ;
; -0.661 ; cont_clk[6]  ; cont_clk[16] ; clk_50mhz    ; clk_50mhz   ; 1.000        ; -0.036     ; 1.612      ;
; -0.660 ; cont_clk[3]  ; cont_clk[12] ; clk_50mhz    ; clk_50mhz   ; 1.000        ; -0.036     ; 1.611      ;
; -0.659 ; cont_clk[0]  ; cont_clk[24] ; clk_50mhz    ; clk_50mhz   ; 1.000        ; 0.153      ; 1.799      ;
; -0.658 ; cont_clk[3]  ; cont_clk[16] ; clk_50mhz    ; clk_50mhz   ; 1.000        ; -0.036     ; 1.609      ;
; -0.656 ; cont_clk[0]  ; cont_clk[16] ; clk_50mhz    ; clk_50mhz   ; 1.000        ; -0.036     ; 1.607      ;
; -0.656 ; cont_clk[0]  ; cont_clk[21] ; clk_50mhz    ; clk_50mhz   ; 1.000        ; -0.036     ; 1.607      ;
; -0.653 ; cont_clk[2]  ; cont_clk[18] ; clk_50mhz    ; clk_50mhz   ; 1.000        ; -0.036     ; 1.604      ;
; -0.647 ; cont_clk[24] ; clk_1hz_int  ; clk_50mhz    ; clk_50mhz   ; 1.000        ; -0.233     ; 1.401      ;
; -0.638 ; cont_clk[1]  ; cont_clk[6]  ; clk_50mhz    ; clk_50mhz   ; 1.000        ; -0.036     ; 1.589      ;
; -0.638 ; cont_clk[3]  ; cont_clk[24] ; clk_50mhz    ; clk_50mhz   ; 1.000        ; 0.153      ; 1.778      ;
; -0.633 ; cont_clk[5]  ; cont_clk[18] ; clk_50mhz    ; clk_50mhz   ; 1.000        ; -0.036     ; 1.584      ;
; -0.626 ; cont_clk[1]  ; cont_clk[14] ; clk_50mhz    ; clk_50mhz   ; 1.000        ; -0.036     ; 1.577      ;
; -0.623 ; cont_clk[1]  ; cont_clk[13] ; clk_50mhz    ; clk_50mhz   ; 1.000        ; -0.036     ; 1.574      ;
; -0.618 ; cont_clk[0]  ; cont_clk[20] ; clk_50mhz    ; clk_50mhz   ; 1.000        ; -0.036     ; 1.569      ;
; -0.617 ; cont_clk[2]  ; cont_clk[22] ; clk_50mhz    ; clk_50mhz   ; 1.000        ; -0.036     ; 1.568      ;
; -0.607 ; cont_clk[1]  ; cont_clk[11] ; clk_50mhz    ; clk_50mhz   ; 1.000        ; -0.036     ; 1.558      ;
; -0.606 ; cont_clk[1]  ; cont_clk[0]  ; clk_50mhz    ; clk_50mhz   ; 1.000        ; -0.036     ; 1.557      ;
; -0.597 ; cont_clk[5]  ; cont_clk[22] ; clk_50mhz    ; clk_50mhz   ; 1.000        ; -0.036     ; 1.548      ;
; -0.594 ; cont_clk[14] ; cont_clk[6]  ; clk_50mhz    ; clk_50mhz   ; 1.000        ; -0.036     ; 1.545      ;
; -0.594 ; cont_clk[14] ; cont_clk[21] ; clk_50mhz    ; clk_50mhz   ; 1.000        ; -0.036     ; 1.545      ;
; -0.594 ; cont_clk[14] ; cont_clk[22] ; clk_50mhz    ; clk_50mhz   ; 1.000        ; -0.036     ; 1.545      ;
; -0.593 ; cont_clk[14] ; cont_clk[20] ; clk_50mhz    ; clk_50mhz   ; 1.000        ; -0.036     ; 1.544      ;
; -0.591 ; cont_clk[5]  ; cont_clk[6]  ; clk_50mhz    ; clk_50mhz   ; 1.000        ; -0.036     ; 1.542      ;
; -0.591 ; cont_clk[5]  ; cont_clk[21] ; clk_50mhz    ; clk_50mhz   ; 1.000        ; -0.036     ; 1.542      ;
; -0.591 ; cont_clk[2]  ; cont_clk[24] ; clk_50mhz    ; clk_50mhz   ; 1.000        ; 0.153      ; 1.731      ;
; -0.591 ; cont_clk[1]  ; cont_clk[12] ; clk_50mhz    ; clk_50mhz   ; 1.000        ; -0.036     ; 1.542      ;
; -0.590 ; cont_clk[5]  ; cont_clk[20] ; clk_50mhz    ; clk_50mhz   ; 1.000        ; -0.036     ; 1.541      ;
+--------+--------------+--------------+--------------+-------------+--------------+------------+------------+


+------------------------------------------------------------------------------------------------------------------------------------------------------------------------------------------+
; Fast 1200mV 0C Model Setup: 'clk_1hz_int'                                                                                                                                                ;
+--------+-----------------------------------------------------+-----------------------------------------------------+--------------+-------------+--------------+------------+------------+
; Slack  ; From Node                                           ; To Node                                             ; Launch Clock ; Latch Clock ; Relationship ; Clock Skew ; Data Delay ;
+--------+-----------------------------------------------------+-----------------------------------------------------+--------------+-------------+--------------+------------+------------+
; -0.476 ; control:MODULO_CONTROL|base_u[0]                    ; control:MODULO_CONTROL|base_d[2]                    ; clk_1hz_int  ; clk_1hz_int ; 1.000        ; -0.036     ; 1.427      ;
; -0.474 ; control:MODULO_CONTROL|base_u[3]                    ; control:MODULO_CONTROL|base_d[2]                    ; clk_1hz_int  ; clk_1hz_int ; 1.000        ; -0.036     ; 1.425      ;
; -0.373 ; control:MODULO_CONTROL|base_d[1]                    ; control:MODULO_CONTROL|base_u[2]                    ; clk_1hz_int  ; clk_1hz_int ; 1.000        ; -0.243     ; 1.117      ;
; -0.364 ; control:MODULO_CONTROL|base_d[1]                    ; control:MODULO_CONTROL|estado_actual.EXCESO_TIEMPO  ; clk_1hz_int  ; clk_1hz_int ; 1.000        ; -0.251     ; 1.100      ;
; -0.363 ; control:MODULO_CONTROL|base_d[1]                    ; control:MODULO_CONTROL|estado_actual.OCUPADO_LIMITE ; clk_1hz_int  ; clk_1hz_int ; 1.000        ; -0.251     ; 1.099      ;
; -0.357 ; control:MODULO_CONTROL|base_d[1]                    ; control:MODULO_CONTROL|base_u[1]                    ; clk_1hz_int  ; clk_1hz_int ; 1.000        ; -0.243     ; 1.101      ;
; -0.356 ; control:MODULO_CONTROL|base_d[1]                    ; control:MODULO_CONTROL|base_u[3]                    ; clk_1hz_int  ; clk_1hz_int ; 1.000        ; -0.243     ; 1.100      ;
; -0.356 ; control:MODULO_CONTROL|base_u[1]                    ; control:MODULO_CONTROL|base_d[2]                    ; clk_1hz_int  ; clk_1hz_int ; 1.000        ; -0.036     ; 1.307      ;
; -0.295 ; control:MODULO_CONTROL|estado_actual.OCUPADO_LIMITE ; control:MODULO_CONTROL|base_d[2]                    ; clk_1hz_int  ; clk_1hz_int ; 1.000        ; -0.028     ; 1.254      ;
; -0.278 ; control:MODULO_CONTROL|base_u[0]                    ; control:MODULO_CONTROL|base_d[1]                    ; clk_1hz_int  ; clk_1hz_int ; 1.000        ; 0.162      ; 1.427      ;
; -0.276 ; control:MODULO_CONTROL|base_u[3]                    ; control:MODULO_CONTROL|base_d[1]                    ; clk_1hz_int  ; clk_1hz_int ; 1.000        ; 0.162      ; 1.425      ;
; -0.265 ; control:MODULO_CONTROL|base_u[2]                    ; control:MODULO_CONTROL|base_d[2]                    ; clk_1hz_int  ; clk_1hz_int ; 1.000        ; -0.036     ; 1.216      ;
; -0.261 ; control:MODULO_CONTROL|base_d[0]                    ; control:MODULO_CONTROL|base_u[2]                    ; clk_1hz_int  ; clk_1hz_int ; 1.000        ; -0.036     ; 1.212      ;
; -0.259 ; control:MODULO_CONTROL|base_d[2]                    ; control:MODULO_CONTROL|base_u[1]                    ; clk_1hz_int  ; clk_1hz_int ; 1.000        ; -0.036     ; 1.210      ;
; -0.255 ; control:MODULO_CONTROL|base_d[2]                    ; control:MODULO_CONTROL|base_u[3]                    ; clk_1hz_int  ; clk_1hz_int ; 1.000        ; -0.036     ; 1.206      ;
; -0.251 ; control:MODULO_CONTROL|base_u[1]                    ; control:MODULO_CONTROL|base_u[1]                    ; clk_1hz_int  ; clk_1hz_int ; 1.000        ; -0.036     ; 1.202      ;
; -0.247 ; control:MODULO_CONTROL|base_u[1]                    ; control:MODULO_CONTROL|base_u[3]                    ; clk_1hz_int  ; clk_1hz_int ; 1.000        ; -0.036     ; 1.198      ;
; -0.246 ; control:MODULO_CONTROL|base_d[0]                    ; control:MODULO_CONTROL|estado_actual.EXCESO_TIEMPO  ; clk_1hz_int  ; clk_1hz_int ; 1.000        ; -0.044     ; 1.189      ;
; -0.245 ; control:MODULO_CONTROL|base_d[0]                    ; control:MODULO_CONTROL|estado_actual.OCUPADO_LIMITE ; clk_1hz_int  ; clk_1hz_int ; 1.000        ; -0.044     ; 1.188      ;
; -0.245 ; control:MODULO_CONTROL|base_d[0]                    ; control:MODULO_CONTROL|base_u[1]                    ; clk_1hz_int  ; clk_1hz_int ; 1.000        ; -0.036     ; 1.196      ;
; -0.244 ; control:MODULO_CONTROL|base_d[0]                    ; control:MODULO_CONTROL|base_u[3]                    ; clk_1hz_int  ; clk_1hz_int ; 1.000        ; -0.036     ; 1.195      ;
; -0.241 ; control:MODULO_CONTROL|base_d[2]                    ; control:MODULO_CONTROL|base_u[2]                    ; clk_1hz_int  ; clk_1hz_int ; 1.000        ; -0.036     ; 1.192      ;
; -0.240 ; control:MODULO_CONTROL|extra_u[1]                   ; control:MODULO_CONTROL|extra_d[1]                   ; clk_1hz_int  ; clk_1hz_int ; 1.000        ; -0.036     ; 1.191      ;
; -0.240 ; control:MODULO_CONTROL|base_d[3]                    ; control:MODULO_CONTROL|base_u[1]                    ; clk_1hz_int  ; clk_1hz_int ; 1.000        ; -0.036     ; 1.191      ;
; -0.236 ; control:MODULO_CONTROL|base_d[3]                    ; control:MODULO_CONTROL|base_u[3]                    ; clk_1hz_int  ; clk_1hz_int ; 1.000        ; -0.036     ; 1.187      ;
; -0.234 ; control:MODULO_CONTROL|extra_u[1]                   ; control:MODULO_CONTROL|extra_d[3]                   ; clk_1hz_int  ; clk_1hz_int ; 1.000        ; -0.036     ; 1.185      ;
; -0.233 ; control:MODULO_CONTROL|base_u[2]                    ; control:MODULO_CONTROL|base_u[2]                    ; clk_1hz_int  ; clk_1hz_int ; 1.000        ; -0.036     ; 1.184      ;
; -0.233 ; control:MODULO_CONTROL|base_u[1]                    ; control:MODULO_CONTROL|base_u[2]                    ; clk_1hz_int  ; clk_1hz_int ; 1.000        ; -0.036     ; 1.184      ;
; -0.232 ; control:MODULO_CONTROL|estado_actual.OCUPADO_LIMITE ; control:MODULO_CONTROL|base_d[3]                    ; clk_1hz_int  ; clk_1hz_int ; 1.000        ; -0.028     ; 1.191      ;
; -0.232 ; control:MODULO_CONTROL|extra_u[1]                   ; control:MODULO_CONTROL|extra_d[2]                   ; clk_1hz_int  ; clk_1hz_int ; 1.000        ; -0.036     ; 1.183      ;
; -0.230 ; control:MODULO_CONTROL|base_d[2]                    ; control:MODULO_CONTROL|estado_actual.OCUPADO_LIMITE ; clk_1hz_int  ; clk_1hz_int ; 1.000        ; -0.044     ; 1.173      ;
; -0.229 ; control:MODULO_CONTROL|base_u[3]                    ; control:MODULO_CONTROL|base_u[2]                    ; clk_1hz_int  ; clk_1hz_int ; 1.000        ; -0.036     ; 1.180      ;
; -0.227 ; control:MODULO_CONTROL|estado_actual.OCUPADO_LIMITE ; control:MODULO_CONTROL|base_u[3]                    ; clk_1hz_int  ; clk_1hz_int ; 1.000        ; -0.028     ; 1.186      ;
; -0.225 ; control:MODULO_CONTROL|base_u[0]                    ; control:MODULO_CONTROL|base_u[2]                    ; clk_1hz_int  ; clk_1hz_int ; 1.000        ; -0.036     ; 1.176      ;
; -0.224 ; control:MODULO_CONTROL|base_u[2]                    ; control:MODULO_CONTROL|estado_actual.EXCESO_TIEMPO  ; clk_1hz_int  ; clk_1hz_int ; 1.000        ; -0.044     ; 1.167      ;
; -0.224 ; control:MODULO_CONTROL|estado_actual.OCUPADO_LIMITE ; control:MODULO_CONTROL|base_u[1]                    ; clk_1hz_int  ; clk_1hz_int ; 1.000        ; -0.028     ; 1.183      ;
; -0.223 ; control:MODULO_CONTROL|base_u[2]                    ; control:MODULO_CONTROL|estado_actual.OCUPADO_LIMITE ; clk_1hz_int  ; clk_1hz_int ; 1.000        ; -0.044     ; 1.166      ;
; -0.222 ; control:MODULO_CONTROL|base_d[3]                    ; control:MODULO_CONTROL|base_u[2]                    ; clk_1hz_int  ; clk_1hz_int ; 1.000        ; -0.036     ; 1.173      ;
; -0.222 ; control:MODULO_CONTROL|base_u[1]                    ; control:MODULO_CONTROL|estado_actual.OCUPADO_LIMITE ; clk_1hz_int  ; clk_1hz_int ; 1.000        ; -0.044     ; 1.165      ;
; -0.221 ; control:MODULO_CONTROL|base_u[1]                    ; control:MODULO_CONTROL|estado_actual.EXCESO_TIEMPO  ; clk_1hz_int  ; clk_1hz_int ; 1.000        ; -0.044     ; 1.164      ;
; -0.220 ; control:MODULO_CONTROL|base_u[3]                    ; control:MODULO_CONTROL|base_u[1]                    ; clk_1hz_int  ; clk_1hz_int ; 1.000        ; -0.036     ; 1.171      ;
; -0.217 ; control:MODULO_CONTROL|extra_u[1]                   ; control:MODULO_CONTROL|extra_u[3]                   ; clk_1hz_int  ; clk_1hz_int ; 1.000        ; -0.036     ; 1.168      ;
; -0.217 ; control:MODULO_CONTROL|base_u[2]                    ; control:MODULO_CONTROL|base_u[1]                    ; clk_1hz_int  ; clk_1hz_int ; 1.000        ; -0.036     ; 1.168      ;
; -0.216 ; control:MODULO_CONTROL|base_u[2]                    ; control:MODULO_CONTROL|base_u[3]                    ; clk_1hz_int  ; clk_1hz_int ; 1.000        ; -0.036     ; 1.167      ;
; -0.216 ; control:MODULO_CONTROL|base_d[2]                    ; control:MODULO_CONTROL|estado_actual.EXCESO_TIEMPO  ; clk_1hz_int  ; clk_1hz_int ; 1.000        ; -0.044     ; 1.159      ;
; -0.216 ; control:MODULO_CONTROL|base_u[3]                    ; control:MODULO_CONTROL|base_u[3]                    ; clk_1hz_int  ; clk_1hz_int ; 1.000        ; -0.036     ; 1.167      ;
; -0.215 ; control:MODULO_CONTROL|base_d[3]                    ; control:MODULO_CONTROL|estado_actual.OCUPADO_LIMITE ; clk_1hz_int  ; clk_1hz_int ; 1.000        ; -0.044     ; 1.158      ;
; -0.214 ; control:MODULO_CONTROL|base_u[3]                    ; control:MODULO_CONTROL|estado_actual.EXCESO_TIEMPO  ; clk_1hz_int  ; clk_1hz_int ; 1.000        ; -0.044     ; 1.157      ;
; -0.213 ; control:MODULO_CONTROL|extra_u[1]                   ; control:MODULO_CONTROL|extra_u[1]                   ; clk_1hz_int  ; clk_1hz_int ; 1.000        ; -0.036     ; 1.164      ;
; -0.213 ; control:MODULO_CONTROL|base_u[3]                    ; control:MODULO_CONTROL|estado_actual.OCUPADO_LIMITE ; clk_1hz_int  ; clk_1hz_int ; 1.000        ; -0.044     ; 1.156      ;
; -0.210 ; control:MODULO_CONTROL|base_u[0]                    ; control:MODULO_CONTROL|estado_actual.EXCESO_TIEMPO  ; clk_1hz_int  ; clk_1hz_int ; 1.000        ; -0.044     ; 1.153      ;
; -0.209 ; control:MODULO_CONTROL|base_u[0]                    ; control:MODULO_CONTROL|estado_actual.OCUPADO_LIMITE ; clk_1hz_int  ; clk_1hz_int ; 1.000        ; -0.044     ; 1.152      ;
; -0.209 ; control:MODULO_CONTROL|base_u[0]                    ; control:MODULO_CONTROL|base_u[1]                    ; clk_1hz_int  ; clk_1hz_int ; 1.000        ; -0.036     ; 1.160      ;
; -0.208 ; control:MODULO_CONTROL|base_u[0]                    ; control:MODULO_CONTROL|base_u[3]                    ; clk_1hz_int  ; clk_1hz_int ; 1.000        ; -0.036     ; 1.159      ;
; -0.207 ; control:MODULO_CONTROL|base_u[0]                    ; control:MODULO_CONTROL|base_d[0]                    ; clk_1hz_int  ; clk_1hz_int ; 1.000        ; -0.036     ; 1.158      ;
; -0.207 ; control:MODULO_CONTROL|extra_u[0]                   ; control:MODULO_CONTROL|extra_d[1]                   ; clk_1hz_int  ; clk_1hz_int ; 1.000        ; -0.036     ; 1.158      ;
; -0.205 ; control:MODULO_CONTROL|base_d[3]                    ; control:MODULO_CONTROL|estado_actual.EXCESO_TIEMPO  ; clk_1hz_int  ; clk_1hz_int ; 1.000        ; -0.044     ; 1.148      ;
; -0.205 ; control:MODULO_CONTROL|base_u[3]                    ; control:MODULO_CONTROL|base_d[0]                    ; clk_1hz_int  ; clk_1hz_int ; 1.000        ; -0.036     ; 1.156      ;
; -0.204 ; control:MODULO_CONTROL|extra_u[0]                   ; control:MODULO_CONTROL|extra_d[3]                   ; clk_1hz_int  ; clk_1hz_int ; 1.000        ; -0.036     ; 1.155      ;
; -0.204 ; control:MODULO_CONTROL|extra_u[0]                   ; control:MODULO_CONTROL|extra_d[2]                   ; clk_1hz_int  ; clk_1hz_int ; 1.000        ; -0.036     ; 1.155      ;
; -0.197 ; control:MODULO_CONTROL|base_u[0]                    ; control:MODULO_CONTROL|base_d[3]                    ; clk_1hz_int  ; clk_1hz_int ; 1.000        ; -0.036     ; 1.148      ;
; -0.195 ; control:MODULO_CONTROL|base_d[1]                    ; control:MODULO_CONTROL|base_u[0]                    ; clk_1hz_int  ; clk_1hz_int ; 1.000        ; -0.243     ; 0.939      ;
; -0.195 ; control:MODULO_CONTROL|base_u[3]                    ; control:MODULO_CONTROL|base_d[3]                    ; clk_1hz_int  ; clk_1hz_int ; 1.000        ; -0.036     ; 1.146      ;
; -0.170 ; control:MODULO_CONTROL|extra_d[1]                   ; control:MODULO_CONTROL|extra_d[1]                   ; clk_1hz_int  ; clk_1hz_int ; 1.000        ; -0.036     ; 1.121      ;
; -0.167 ; control:MODULO_CONTROL|extra_d[1]                   ; control:MODULO_CONTROL|extra_d[3]                   ; clk_1hz_int  ; clk_1hz_int ; 1.000        ; -0.036     ; 1.118      ;
; -0.167 ; control:MODULO_CONTROL|extra_d[1]                   ; control:MODULO_CONTROL|extra_d[2]                   ; clk_1hz_int  ; clk_1hz_int ; 1.000        ; -0.036     ; 1.118      ;
; -0.159 ; control:MODULO_CONTROL|base_u[1]                    ; control:MODULO_CONTROL|base_d[3]                    ; clk_1hz_int  ; clk_1hz_int ; 1.000        ; -0.036     ; 1.110      ;
; -0.157 ; control:MODULO_CONTROL|base_d[1]                    ; control:MODULO_CONTROL|base_d[3]                    ; clk_1hz_int  ; clk_1hz_int ; 1.000        ; -0.243     ; 0.901      ;
; -0.157 ; control:MODULO_CONTROL|base_u[1]                    ; control:MODULO_CONTROL|base_d[1]                    ; clk_1hz_int  ; clk_1hz_int ; 1.000        ; 0.162      ; 1.306      ;
; -0.157 ; control:MODULO_CONTROL|base_u[1]                    ; control:MODULO_CONTROL|base_d[0]                    ; clk_1hz_int  ; clk_1hz_int ; 1.000        ; -0.036     ; 1.108      ;
; -0.156 ; control:MODULO_CONTROL|extra_d[3]                   ; control:MODULO_CONTROL|extra_d[1]                   ; clk_1hz_int  ; clk_1hz_int ; 1.000        ; -0.036     ; 1.107      ;
; -0.150 ; control:MODULO_CONTROL|extra_d[3]                   ; control:MODULO_CONTROL|extra_d[3]                   ; clk_1hz_int  ; clk_1hz_int ; 1.000        ; -0.036     ; 1.101      ;
; -0.148 ; control:MODULO_CONTROL|extra_d[3]                   ; control:MODULO_CONTROL|extra_d[2]                   ; clk_1hz_int  ; clk_1hz_int ; 1.000        ; -0.036     ; 1.099      ;
; -0.135 ; control:MODULO_CONTROL|extra_u[0]                   ; control:MODULO_CONTROL|extra_u[3]                   ; clk_1hz_int  ; clk_1hz_int ; 1.000        ; -0.036     ; 1.086      ;
; -0.133 ; control:MODULO_CONTROL|extra_u[3]                   ; control:MODULO_CONTROL|extra_d[1]                   ; clk_1hz_int  ; clk_1hz_int ; 1.000        ; -0.036     ; 1.084      ;
; -0.132 ; control:MODULO_CONTROL|extra_u[0]                   ; control:MODULO_CONTROL|extra_u[1]                   ; clk_1hz_int  ; clk_1hz_int ; 1.000        ; -0.036     ; 1.083      ;
; -0.130 ; control:MODULO_CONTROL|extra_u[3]                   ; control:MODULO_CONTROL|extra_d[3]                   ; clk_1hz_int  ; clk_1hz_int ; 1.000        ; -0.036     ; 1.081      ;
; -0.130 ; control:MODULO_CONTROL|extra_u[3]                   ; control:MODULO_CONTROL|extra_d[2]                   ; clk_1hz_int  ; clk_1hz_int ; 1.000        ; -0.036     ; 1.081      ;
; -0.110 ; control:MODULO_CONTROL|base_d[1]                    ; control:MODULO_CONTROL|base_d[2]                    ; clk_1hz_int  ; clk_1hz_int ; 1.000        ; -0.243     ; 0.854      ;
; -0.097 ; control:MODULO_CONTROL|estado_actual.OCUPADO_LIMITE ; control:MODULO_CONTROL|base_d[1]                    ; clk_1hz_int  ; clk_1hz_int ; 1.000        ; 0.170      ; 1.254      ;
; -0.095 ; control:MODULO_CONTROL|base_d[0]                    ; control:MODULO_CONTROL|base_d[2]                    ; clk_1hz_int  ; clk_1hz_int ; 1.000        ; -0.036     ; 1.046      ;
; -0.083 ; control:MODULO_CONTROL|base_d[0]                    ; control:MODULO_CONTROL|base_u[0]                    ; clk_1hz_int  ; clk_1hz_int ; 1.000        ; -0.036     ; 1.034      ;
; -0.077 ; control:MODULO_CONTROL|base_d[2]                    ; control:MODULO_CONTROL|base_u[0]                    ; clk_1hz_int  ; clk_1hz_int ; 1.000        ; -0.036     ; 1.028      ;
; -0.069 ; control:MODULO_CONTROL|extra_u[1]                   ; control:MODULO_CONTROL|extra_d[0]                   ; clk_1hz_int  ; clk_1hz_int ; 1.000        ; -0.036     ; 1.020      ;
; -0.069 ; control:MODULO_CONTROL|base_u[1]                    ; control:MODULO_CONTROL|base_u[0]                    ; clk_1hz_int  ; clk_1hz_int ; 1.000        ; -0.036     ; 1.020      ;
; -0.067 ; control:MODULO_CONTROL|base_u[2]                    ; control:MODULO_CONTROL|base_d[1]                    ; clk_1hz_int  ; clk_1hz_int ; 1.000        ; 0.162      ; 1.216      ;
; -0.067 ; control:MODULO_CONTROL|base_u[2]                    ; control:MODULO_CONTROL|base_d[3]                    ; clk_1hz_int  ; clk_1hz_int ; 1.000        ; -0.036     ; 1.018      ;
; -0.065 ; control:MODULO_CONTROL|estado_actual.EXCESO_TIEMPO  ; control:MODULO_CONTROL|extra_u[3]                   ; clk_1hz_int  ; clk_1hz_int ; 1.000        ; -0.036     ; 1.016      ;
; -0.065 ; control:MODULO_CONTROL|base_u[2]                    ; control:MODULO_CONTROL|base_d[0]                    ; clk_1hz_int  ; clk_1hz_int ; 1.000        ; -0.036     ; 1.016      ;
; -0.065 ; control:MODULO_CONTROL|extra_d[2]                   ; control:MODULO_CONTROL|extra_d[1]                   ; clk_1hz_int  ; clk_1hz_int ; 1.000        ; -0.036     ; 1.016      ;
; -0.061 ; control:MODULO_CONTROL|estado_actual.EXCESO_TIEMPO  ; control:MODULO_CONTROL|extra_u[1]                   ; clk_1hz_int  ; clk_1hz_int ; 1.000        ; -0.036     ; 1.012      ;
; -0.061 ; control:MODULO_CONTROL|extra_u[3]                   ; control:MODULO_CONTROL|extra_u[3]                   ; clk_1hz_int  ; clk_1hz_int ; 1.000        ; -0.036     ; 1.012      ;
; -0.059 ; control:MODULO_CONTROL|extra_d[2]                   ; control:MODULO_CONTROL|extra_d[3]                   ; clk_1hz_int  ; clk_1hz_int ; 1.000        ; -0.036     ; 1.010      ;
; -0.058 ; control:MODULO_CONTROL|extra_d[2]                   ; control:MODULO_CONTROL|extra_d[2]                   ; clk_1hz_int  ; clk_1hz_int ; 1.000        ; -0.036     ; 1.009      ;
; -0.058 ; control:MODULO_CONTROL|extra_d[0]                   ; control:MODULO_CONTROL|extra_d[1]                   ; clk_1hz_int  ; clk_1hz_int ; 1.000        ; -0.036     ; 1.009      ;
; -0.058 ; control:MODULO_CONTROL|extra_u[3]                   ; control:MODULO_CONTROL|extra_u[1]                   ; clk_1hz_int  ; clk_1hz_int ; 1.000        ; -0.036     ; 1.009      ;
; -0.058 ; control:MODULO_CONTROL|base_d[3]                    ; control:MODULO_CONTROL|base_u[0]                    ; clk_1hz_int  ; clk_1hz_int ; 1.000        ; -0.036     ; 1.009      ;
; -0.057 ; control:MODULO_CONTROL|extra_u[2]                   ; control:MODULO_CONTROL|extra_u[2]                   ; clk_1hz_int  ; clk_1hz_int ; 1.000        ; -0.036     ; 1.008      ;
; -0.055 ; control:MODULO_CONTROL|base_u[2]                    ; control:MODULO_CONTROL|base_u[0]                    ; clk_1hz_int  ; clk_1hz_int ; 1.000        ; -0.036     ; 1.006      ;
; -0.053 ; control:MODULO_CONTROL|estado_actual.EXCESO_TIEMPO  ; control:MODULO_CONTROL|base_u[3]                    ; clk_1hz_int  ; clk_1hz_int ; 1.000        ; -0.028     ; 1.012      ;
+--------+-----------------------------------------------------+-----------------------------------------------------+--------------+-------------+--------------+------------+------------+


+------------------------------------------------------------------------------------------------------------+
; Fast 1200mV 0C Model Hold: 'clk_50mhz'                                                                     ;
+--------+--------------+--------------+--------------+-------------+--------------+------------+------------+
; Slack  ; From Node    ; To Node      ; Launch Clock ; Latch Clock ; Relationship ; Clock Skew ; Data Delay ;
+--------+--------------+--------------+--------------+-------------+--------------+------------+------------+
; -0.176 ; clk_1hz_int  ; clk_1hz_int  ; clk_1hz_int  ; clk_50mhz   ; 0.000        ; 1.421      ; 1.464      ;
; 0.297  ; cont_clk[9]  ; cont_clk[9]  ; clk_50mhz    ; clk_50mhz   ; 0.000        ; 0.036      ; 0.417      ;
; 0.299  ; cont_clk[8]  ; cont_clk[8]  ; clk_50mhz    ; clk_50mhz   ; 0.000        ; 0.036      ; 0.419      ;
; 0.299  ; cont_clk[10] ; cont_clk[10] ; clk_50mhz    ; clk_50mhz   ; 0.000        ; 0.036      ; 0.419      ;
; 0.304  ; cont_clk[1]  ; cont_clk[1]  ; clk_50mhz    ; clk_50mhz   ; 0.000        ; 0.036      ; 0.424      ;
; 0.304  ; cont_clk[15] ; cont_clk[15] ; clk_50mhz    ; clk_50mhz   ; 0.000        ; 0.036      ; 0.424      ;
; 0.305  ; cont_clk[2]  ; cont_clk[2]  ; clk_50mhz    ; clk_50mhz   ; 0.000        ; 0.036      ; 0.425      ;
; 0.305  ; cont_clk[3]  ; cont_clk[3]  ; clk_50mhz    ; clk_50mhz   ; 0.000        ; 0.036      ; 0.425      ;
; 0.305  ; cont_clk[7]  ; cont_clk[7]  ; clk_50mhz    ; clk_50mhz   ; 0.000        ; 0.036      ; 0.425      ;
; 0.305  ; cont_clk[17] ; cont_clk[17] ; clk_50mhz    ; clk_50mhz   ; 0.000        ; 0.036      ; 0.425      ;
; 0.305  ; cont_clk[23] ; cont_clk[23] ; clk_50mhz    ; clk_50mhz   ; 0.000        ; 0.036      ; 0.425      ;
; 0.306  ; cont_clk[4]  ; cont_clk[4]  ; clk_50mhz    ; clk_50mhz   ; 0.000        ; 0.036      ; 0.426      ;
; 0.306  ; cont_clk[5]  ; cont_clk[5]  ; clk_50mhz    ; clk_50mhz   ; 0.000        ; 0.036      ; 0.426      ;
; 0.422  ; clk_1hz_int  ; clk_1hz_int  ; clk_1hz_int  ; clk_50mhz   ; -0.500       ; 1.421      ; 1.562      ;
; 0.446  ; cont_clk[9]  ; cont_clk[10] ; clk_50mhz    ; clk_50mhz   ; 0.000        ; 0.036      ; 0.566      ;
; 0.453  ; cont_clk[1]  ; cont_clk[2]  ; clk_50mhz    ; clk_50mhz   ; 0.000        ; 0.036      ; 0.573      ;
; 0.454  ; cont_clk[7]  ; cont_clk[8]  ; clk_50mhz    ; clk_50mhz   ; 0.000        ; 0.036      ; 0.574      ;
; 0.454  ; cont_clk[3]  ; cont_clk[4]  ; clk_50mhz    ; clk_50mhz   ; 0.000        ; 0.036      ; 0.574      ;
; 0.457  ; cont_clk[8]  ; cont_clk[9]  ; clk_50mhz    ; clk_50mhz   ; 0.000        ; 0.036      ; 0.577      ;
; 0.458  ; cont_clk[20] ; cont_clk[20] ; clk_50mhz    ; clk_50mhz   ; 0.000        ; 0.036      ; 0.578      ;
; 0.458  ; cont_clk[21] ; cont_clk[21] ; clk_50mhz    ; clk_50mhz   ; 0.000        ; 0.036      ; 0.578      ;
; 0.458  ; cont_clk[22] ; cont_clk[22] ; clk_50mhz    ; clk_50mhz   ; 0.000        ; 0.036      ; 0.578      ;
; 0.460  ; cont_clk[8]  ; cont_clk[10] ; clk_50mhz    ; clk_50mhz   ; 0.000        ; 0.036      ; 0.580      ;
; 0.463  ; cont_clk[2]  ; cont_clk[3]  ; clk_50mhz    ; clk_50mhz   ; 0.000        ; 0.036      ; 0.583      ;
; 0.464  ; cont_clk[22] ; cont_clk[23] ; clk_50mhz    ; clk_50mhz   ; 0.000        ; 0.036      ; 0.584      ;
; 0.464  ; cont_clk[4]  ; cont_clk[5]  ; clk_50mhz    ; clk_50mhz   ; 0.000        ; 0.036      ; 0.584      ;
; 0.465  ; cont_clk[0]  ; cont_clk[1]  ; clk_50mhz    ; clk_50mhz   ; 0.000        ; 0.036      ; 0.585      ;
; 0.466  ; cont_clk[2]  ; cont_clk[4]  ; clk_50mhz    ; clk_50mhz   ; 0.000        ; 0.036      ; 0.586      ;
; 0.467  ; cont_clk[6]  ; cont_clk[7]  ; clk_50mhz    ; clk_50mhz   ; 0.000        ; 0.036      ; 0.587      ;
; 0.468  ; cont_clk[0]  ; cont_clk[2]  ; clk_50mhz    ; clk_50mhz   ; 0.000        ; 0.036      ; 0.588      ;
; 0.470  ; cont_clk[6]  ; cont_clk[8]  ; clk_50mhz    ; clk_50mhz   ; 0.000        ; 0.036      ; 0.590      ;
; 0.487  ; cont_clk[23] ; cont_clk[24] ; clk_50mhz    ; clk_50mhz   ; 0.000        ; 0.233      ; 0.804      ;
; 0.500  ; cont_clk[22] ; cont_clk[24] ; clk_50mhz    ; clk_50mhz   ; 0.000        ; 0.233      ; 0.817      ;
; 0.516  ; cont_clk[11] ; cont_clk[11] ; clk_50mhz    ; clk_50mhz   ; 0.000        ; 0.036      ; 0.636      ;
; 0.516  ; cont_clk[15] ; cont_clk[17] ; clk_50mhz    ; clk_50mhz   ; 0.000        ; 0.036      ; 0.636      ;
; 0.516  ; cont_clk[1]  ; cont_clk[3]  ; clk_50mhz    ; clk_50mhz   ; 0.000        ; 0.036      ; 0.636      ;
; 0.517  ; cont_clk[7]  ; cont_clk[9]  ; clk_50mhz    ; clk_50mhz   ; 0.000        ; 0.036      ; 0.637      ;
; 0.517  ; cont_clk[3]  ; cont_clk[5]  ; clk_50mhz    ; clk_50mhz   ; 0.000        ; 0.036      ; 0.637      ;
; 0.518  ; cont_clk[21] ; cont_clk[23] ; clk_50mhz    ; clk_50mhz   ; 0.000        ; 0.036      ; 0.638      ;
; 0.518  ; cont_clk[5]  ; cont_clk[7]  ; clk_50mhz    ; clk_50mhz   ; 0.000        ; 0.036      ; 0.638      ;
; 0.519  ; cont_clk[1]  ; cont_clk[4]  ; clk_50mhz    ; clk_50mhz   ; 0.000        ; 0.036      ; 0.639      ;
; 0.520  ; cont_clk[7]  ; cont_clk[10] ; clk_50mhz    ; clk_50mhz   ; 0.000        ; 0.036      ; 0.640      ;
; 0.521  ; cont_clk[5]  ; cont_clk[8]  ; clk_50mhz    ; clk_50mhz   ; 0.000        ; 0.036      ; 0.641      ;
; 0.529  ; cont_clk[2]  ; cont_clk[5]  ; clk_50mhz    ; clk_50mhz   ; 0.000        ; 0.036      ; 0.649      ;
; 0.530  ; cont_clk[20] ; cont_clk[23] ; clk_50mhz    ; clk_50mhz   ; 0.000        ; 0.036      ; 0.650      ;
; 0.530  ; cont_clk[4]  ; cont_clk[7]  ; clk_50mhz    ; clk_50mhz   ; 0.000        ; 0.036      ; 0.650      ;
; 0.531  ; cont_clk[0]  ; cont_clk[3]  ; clk_50mhz    ; clk_50mhz   ; 0.000        ; 0.036      ; 0.651      ;
; 0.533  ; cont_clk[6]  ; cont_clk[9]  ; clk_50mhz    ; clk_50mhz   ; 0.000        ; 0.036      ; 0.653      ;
; 0.533  ; cont_clk[4]  ; cont_clk[8]  ; clk_50mhz    ; clk_50mhz   ; 0.000        ; 0.036      ; 0.653      ;
; 0.534  ; cont_clk[0]  ; cont_clk[4]  ; clk_50mhz    ; clk_50mhz   ; 0.000        ; 0.036      ; 0.654      ;
; 0.536  ; cont_clk[6]  ; cont_clk[10] ; clk_50mhz    ; clk_50mhz   ; 0.000        ; 0.036      ; 0.656      ;
; 0.538  ; cont_clk[0]  ; cont_clk[0]  ; clk_50mhz    ; clk_50mhz   ; 0.000        ; 0.036      ; 0.658      ;
; 0.539  ; cont_clk[16] ; cont_clk[17] ; clk_50mhz    ; clk_50mhz   ; 0.000        ; 0.036      ; 0.659      ;
; 0.545  ; cont_clk[14] ; cont_clk[15] ; clk_50mhz    ; clk_50mhz   ; 0.000        ; 0.036      ; 0.665      ;
; 0.554  ; cont_clk[21] ; cont_clk[24] ; clk_50mhz    ; clk_50mhz   ; 0.000        ; 0.233      ; 0.871      ;
; 0.564  ; cont_clk[6]  ; cont_clk[6]  ; clk_50mhz    ; clk_50mhz   ; 0.000        ; 0.036      ; 0.684      ;
; 0.566  ; cont_clk[20] ; cont_clk[24] ; clk_50mhz    ; clk_50mhz   ; 0.000        ; 0.233      ; 0.883      ;
; 0.580  ; cont_clk[11] ; cont_clk[15] ; clk_50mhz    ; clk_50mhz   ; 0.000        ; 0.036      ; 0.700      ;
; 0.582  ; cont_clk[1]  ; cont_clk[5]  ; clk_50mhz    ; clk_50mhz   ; 0.000        ; 0.036      ; 0.702      ;
; 0.583  ; cont_clk[3]  ; cont_clk[7]  ; clk_50mhz    ; clk_50mhz   ; 0.000        ; 0.036      ; 0.703      ;
; 0.584  ; cont_clk[5]  ; cont_clk[9]  ; clk_50mhz    ; clk_50mhz   ; 0.000        ; 0.036      ; 0.704      ;
; 0.584  ; cont_clk[13] ; cont_clk[15] ; clk_50mhz    ; clk_50mhz   ; 0.000        ; 0.036      ; 0.704      ;
; 0.586  ; cont_clk[3]  ; cont_clk[8]  ; clk_50mhz    ; clk_50mhz   ; 0.000        ; 0.036      ; 0.706      ;
; 0.587  ; cont_clk[5]  ; cont_clk[10] ; clk_50mhz    ; clk_50mhz   ; 0.000        ; 0.036      ; 0.707      ;
; 0.589  ; cont_clk[10] ; cont_clk[15] ; clk_50mhz    ; clk_50mhz   ; 0.000        ; 0.036      ; 0.709      ;
; 0.590  ; cont_clk[24] ; cont_clk[24] ; clk_50mhz    ; clk_50mhz   ; 0.000        ; 0.044      ; 0.718      ;
; 0.595  ; cont_clk[13] ; cont_clk[13] ; clk_50mhz    ; clk_50mhz   ; 0.000        ; 0.036      ; 0.715      ;
; 0.595  ; cont_clk[2]  ; cont_clk[7]  ; clk_50mhz    ; clk_50mhz   ; 0.000        ; 0.036      ; 0.715      ;
; 0.596  ; cont_clk[12] ; cont_clk[15] ; clk_50mhz    ; clk_50mhz   ; 0.000        ; 0.036      ; 0.716      ;
; 0.596  ; cont_clk[4]  ; cont_clk[9]  ; clk_50mhz    ; clk_50mhz   ; 0.000        ; 0.036      ; 0.716      ;
; 0.597  ; cont_clk[0]  ; cont_clk[5]  ; clk_50mhz    ; clk_50mhz   ; 0.000        ; 0.036      ; 0.717      ;
; 0.598  ; cont_clk[2]  ; cont_clk[8]  ; clk_50mhz    ; clk_50mhz   ; 0.000        ; 0.036      ; 0.718      ;
; 0.599  ; cont_clk[4]  ; cont_clk[10] ; clk_50mhz    ; clk_50mhz   ; 0.000        ; 0.036      ; 0.719      ;
; 0.607  ; cont_clk[21] ; cont_clk[22] ; clk_50mhz    ; clk_50mhz   ; 0.000        ; 0.036      ; 0.727      ;
; 0.610  ; cont_clk[17] ; cont_clk[19] ; clk_50mhz    ; clk_50mhz   ; 0.000        ; 0.233      ; 0.927      ;
; 0.611  ; cont_clk[14] ; cont_clk[17] ; clk_50mhz    ; clk_50mhz   ; 0.000        ; 0.036      ; 0.731      ;
; 0.616  ; cont_clk[20] ; cont_clk[21] ; clk_50mhz    ; clk_50mhz   ; 0.000        ; 0.036      ; 0.736      ;
; 0.619  ; cont_clk[14] ; cont_clk[14] ; clk_50mhz    ; clk_50mhz   ; 0.000        ; 0.036      ; 0.739      ;
; 0.619  ; cont_clk[20] ; cont_clk[22] ; clk_50mhz    ; clk_50mhz   ; 0.000        ; 0.036      ; 0.739      ;
; 0.621  ; cont_clk[18] ; cont_clk[19] ; clk_50mhz    ; clk_50mhz   ; 0.000        ; 0.233      ; 0.938      ;
; 0.641  ; cont_clk[9]  ; cont_clk[15] ; clk_50mhz    ; clk_50mhz   ; 0.000        ; 0.036      ; 0.761      ;
; 0.646  ; cont_clk[11] ; cont_clk[17] ; clk_50mhz    ; clk_50mhz   ; 0.000        ; 0.036      ; 0.766      ;
; 0.648  ; cont_clk[1]  ; cont_clk[7]  ; clk_50mhz    ; clk_50mhz   ; 0.000        ; 0.036      ; 0.768      ;
; 0.649  ; cont_clk[17] ; cont_clk[23] ; clk_50mhz    ; clk_50mhz   ; 0.000        ; 0.036      ; 0.769      ;
; 0.649  ; cont_clk[3]  ; cont_clk[9]  ; clk_50mhz    ; clk_50mhz   ; 0.000        ; 0.036      ; 0.769      ;
; 0.650  ; cont_clk[13] ; cont_clk[17] ; clk_50mhz    ; clk_50mhz   ; 0.000        ; 0.036      ; 0.770      ;
; 0.651  ; cont_clk[1]  ; cont_clk[8]  ; clk_50mhz    ; clk_50mhz   ; 0.000        ; 0.036      ; 0.771      ;
; 0.652  ; cont_clk[3]  ; cont_clk[10] ; clk_50mhz    ; clk_50mhz   ; 0.000        ; 0.036      ; 0.772      ;
; 0.655  ; cont_clk[8]  ; cont_clk[15] ; clk_50mhz    ; clk_50mhz   ; 0.000        ; 0.036      ; 0.775      ;
; 0.655  ; cont_clk[10] ; cont_clk[17] ; clk_50mhz    ; clk_50mhz   ; 0.000        ; 0.036      ; 0.775      ;
; 0.660  ; cont_clk[18] ; cont_clk[23] ; clk_50mhz    ; clk_50mhz   ; 0.000        ; 0.036      ; 0.780      ;
; 0.661  ; cont_clk[2]  ; cont_clk[9]  ; clk_50mhz    ; clk_50mhz   ; 0.000        ; 0.036      ; 0.781      ;
; 0.662  ; cont_clk[18] ; cont_clk[18] ; clk_50mhz    ; clk_50mhz   ; 0.000        ; 0.036      ; 0.782      ;
; 0.662  ; cont_clk[12] ; cont_clk[17] ; clk_50mhz    ; clk_50mhz   ; 0.000        ; 0.036      ; 0.782      ;
; 0.663  ; cont_clk[0]  ; cont_clk[7]  ; clk_50mhz    ; clk_50mhz   ; 0.000        ; 0.036      ; 0.783      ;
; 0.664  ; cont_clk[12] ; cont_clk[12] ; clk_50mhz    ; clk_50mhz   ; 0.000        ; 0.036      ; 0.784      ;
; 0.664  ; cont_clk[2]  ; cont_clk[10] ; clk_50mhz    ; clk_50mhz   ; 0.000        ; 0.036      ; 0.784      ;
; 0.666  ; cont_clk[0]  ; cont_clk[8]  ; clk_50mhz    ; clk_50mhz   ; 0.000        ; 0.036      ; 0.786      ;
; 0.669  ; cont_clk[19] ; cont_clk[19] ; clk_50mhz    ; clk_50mhz   ; 0.000        ; 0.044      ; 0.797      ;
; 0.671  ; cont_clk[10] ; cont_clk[11] ; clk_50mhz    ; clk_50mhz   ; 0.000        ; 0.036      ; 0.791      ;
+--------+--------------+--------------+--------------+-------------+--------------+------------+------------+


+-----------------------------------------------------------------------------------------------------------------------------------------------------------------------------------------+
; Fast 1200mV 0C Model Hold: 'clk_1hz_int'                                                                                                                                                ;
+-------+-----------------------------------------------------+-----------------------------------------------------+--------------+-------------+--------------+------------+------------+
; Slack ; From Node                                           ; To Node                                             ; Launch Clock ; Latch Clock ; Relationship ; Clock Skew ; Data Delay ;
+-------+-----------------------------------------------------+-----------------------------------------------------+--------------+-------------+--------------+------------+------------+
; 0.178 ; control:MODULO_CONTROL|base_d[1]                    ; control:MODULO_CONTROL|base_d[1]                    ; clk_1hz_int  ; clk_1hz_int ; 0.000        ; 0.045      ; 0.307      ;
; 0.187 ; control:MODULO_CONTROL|estado_actual.LIBRE          ; control:MODULO_CONTROL|estado_actual.LIBRE          ; clk_1hz_int  ; clk_1hz_int ; 0.000        ; 0.036      ; 0.307      ;
; 0.187 ; control:MODULO_CONTROL|base_u[0]                    ; control:MODULO_CONTROL|base_u[0]                    ; clk_1hz_int  ; clk_1hz_int ; 0.000        ; 0.036      ; 0.307      ;
; 0.187 ; control:MODULO_CONTROL|base_u[1]                    ; control:MODULO_CONTROL|base_u[1]                    ; clk_1hz_int  ; clk_1hz_int ; 0.000        ; 0.036      ; 0.307      ;
; 0.187 ; control:MODULO_CONTROL|base_u[3]                    ; control:MODULO_CONTROL|base_u[3]                    ; clk_1hz_int  ; clk_1hz_int ; 0.000        ; 0.036      ; 0.307      ;
; 0.187 ; control:MODULO_CONTROL|base_d[0]                    ; control:MODULO_CONTROL|base_d[0]                    ; clk_1hz_int  ; clk_1hz_int ; 0.000        ; 0.036      ; 0.307      ;
; 0.187 ; control:MODULO_CONTROL|base_d[2]                    ; control:MODULO_CONTROL|base_d[2]                    ; clk_1hz_int  ; clk_1hz_int ; 0.000        ; 0.036      ; 0.307      ;
; 0.187 ; control:MODULO_CONTROL|base_d[3]                    ; control:MODULO_CONTROL|base_d[3]                    ; clk_1hz_int  ; clk_1hz_int ; 0.000        ; 0.036      ; 0.307      ;
; 0.187 ; control:MODULO_CONTROL|base_u[2]                    ; control:MODULO_CONTROL|base_u[2]                    ; clk_1hz_int  ; clk_1hz_int ; 0.000        ; 0.036      ; 0.307      ;
; 0.187 ; control:MODULO_CONTROL|estado_actual.EXCESO_TIEMPO  ; control:MODULO_CONTROL|estado_actual.EXCESO_TIEMPO  ; clk_1hz_int  ; clk_1hz_int ; 0.000        ; 0.036      ; 0.307      ;
; 0.187 ; control:MODULO_CONTROL|alarma_led                   ; control:MODULO_CONTROL|alarma_led                   ; clk_1hz_int  ; clk_1hz_int ; 0.000        ; 0.036      ; 0.307      ;
; 0.187 ; control:MODULO_CONTROL|felicita_led                 ; control:MODULO_CONTROL|felicita_led                 ; clk_1hz_int  ; clk_1hz_int ; 0.000        ; 0.036      ; 0.307      ;
; 0.187 ; control:MODULO_CONTROL|extra_u[0]                   ; control:MODULO_CONTROL|extra_u[0]                   ; clk_1hz_int  ; clk_1hz_int ; 0.000        ; 0.036      ; 0.307      ;
; 0.187 ; control:MODULO_CONTROL|extra_u[1]                   ; control:MODULO_CONTROL|extra_u[1]                   ; clk_1hz_int  ; clk_1hz_int ; 0.000        ; 0.036      ; 0.307      ;
; 0.187 ; control:MODULO_CONTROL|extra_u[2]                   ; control:MODULO_CONTROL|extra_u[2]                   ; clk_1hz_int  ; clk_1hz_int ; 0.000        ; 0.036      ; 0.307      ;
; 0.187 ; control:MODULO_CONTROL|extra_u[3]                   ; control:MODULO_CONTROL|extra_u[3]                   ; clk_1hz_int  ; clk_1hz_int ; 0.000        ; 0.036      ; 0.307      ;
; 0.187 ; control:MODULO_CONTROL|extra_d[1]                   ; control:MODULO_CONTROL|extra_d[1]                   ; clk_1hz_int  ; clk_1hz_int ; 0.000        ; 0.036      ; 0.307      ;
; 0.187 ; control:MODULO_CONTROL|extra_d[2]                   ; control:MODULO_CONTROL|extra_d[2]                   ; clk_1hz_int  ; clk_1hz_int ; 0.000        ; 0.036      ; 0.307      ;
; 0.187 ; control:MODULO_CONTROL|extra_d[3]                   ; control:MODULO_CONTROL|extra_d[3]                   ; clk_1hz_int  ; clk_1hz_int ; 0.000        ; 0.036      ; 0.307      ;
; 0.187 ; control:MODULO_CONTROL|extra_d[0]                   ; control:MODULO_CONTROL|extra_d[0]                   ; clk_1hz_int  ; clk_1hz_int ; 0.000        ; 0.036      ; 0.307      ;
; 0.255 ; control:MODULO_CONTROL|estado_actual.EXCESO_TIEMPO  ; control:MODULO_CONTROL|estado_actual.LIBRE          ; clk_1hz_int  ; clk_1hz_int ; 0.000        ; 0.036      ; 0.375      ;
; 0.304 ; control:MODULO_CONTROL|estado_actual.EXCESO_TIEMPO  ; control:MODULO_CONTROL|alarma_led                   ; clk_1hz_int  ; clk_1hz_int ; 0.000        ; 0.036      ; 0.424      ;
; 0.306 ; control:MODULO_CONTROL|estado_actual.EXCESO_TIEMPO  ; control:MODULO_CONTROL|extra_u[0]                   ; clk_1hz_int  ; clk_1hz_int ; 0.000        ; 0.036      ; 0.426      ;
; 0.346 ; control:MODULO_CONTROL|estado_actual.OCUPADO_LIMITE ; control:MODULO_CONTROL|extra_d[1]                   ; clk_1hz_int  ; clk_1hz_int ; 0.000        ; 0.036      ; 0.466      ;
; 0.347 ; control:MODULO_CONTROL|estado_actual.EXCESO_TIEMPO  ; control:MODULO_CONTROL|extra_d[2]                   ; clk_1hz_int  ; clk_1hz_int ; 0.000        ; 0.036      ; 0.467      ;
; 0.351 ; control:MODULO_CONTROL|estado_actual.EXCESO_TIEMPO  ; control:MODULO_CONTROL|extra_d[3]                   ; clk_1hz_int  ; clk_1hz_int ; 0.000        ; 0.036      ; 0.471      ;
; 0.355 ; control:MODULO_CONTROL|estado_actual.OCUPADO_LIMITE ; control:MODULO_CONTROL|estado_actual.LIBRE          ; clk_1hz_int  ; clk_1hz_int ; 0.000        ; 0.036      ; 0.475      ;
; 0.360 ; control:MODULO_CONTROL|estado_actual.EXCESO_TIEMPO  ; control:MODULO_CONTROL|extra_d[0]                   ; clk_1hz_int  ; clk_1hz_int ; 0.000        ; 0.036      ; 0.480      ;
; 0.385 ; control:MODULO_CONTROL|estado_actual.EXCESO_TIEMPO  ; control:MODULO_CONTROL|estado_actual.OCUPADO_LIMITE ; clk_1hz_int  ; clk_1hz_int ; 0.000        ; 0.036      ; 0.505      ;
; 0.396 ; control:MODULO_CONTROL|estado_actual.LIBRE          ; control:MODULO_CONTROL|estado_actual.EXCESO_TIEMPO  ; clk_1hz_int  ; clk_1hz_int ; 0.000        ; 0.036      ; 0.516      ;
; 0.404 ; control:MODULO_CONTROL|estado_actual.OCUPADO_LIMITE ; control:MODULO_CONTROL|extra_u[0]                   ; clk_1hz_int  ; clk_1hz_int ; 0.000        ; 0.036      ; 0.524      ;
; 0.411 ; control:MODULO_CONTROL|estado_actual.EXCESO_TIEMPO  ; control:MODULO_CONTROL|extra_u[2]                   ; clk_1hz_int  ; clk_1hz_int ; 0.000        ; 0.036      ; 0.531      ;
; 0.415 ; control:MODULO_CONTROL|extra_u[0]                   ; control:MODULO_CONTROL|extra_u[1]                   ; clk_1hz_int  ; clk_1hz_int ; 0.000        ; 0.036      ; 0.535      ;
; 0.422 ; control:MODULO_CONTROL|extra_d[2]                   ; control:MODULO_CONTROL|extra_d[3]                   ; clk_1hz_int  ; clk_1hz_int ; 0.000        ; 0.036      ; 0.542      ;
; 0.426 ; control:MODULO_CONTROL|estado_actual.OCUPADO_LIMITE ; control:MODULO_CONTROL|alarma_led                   ; clk_1hz_int  ; clk_1hz_int ; 0.000        ; 0.036      ; 0.546      ;
; 0.430 ; control:MODULO_CONTROL|extra_d[1]                   ; control:MODULO_CONTROL|extra_d[2]                   ; clk_1hz_int  ; clk_1hz_int ; 0.000        ; 0.036      ; 0.550      ;
; 0.432 ; control:MODULO_CONTROL|estado_actual.OCUPADO_LIMITE ; control:MODULO_CONTROL|felicita_led                 ; clk_1hz_int  ; clk_1hz_int ; 0.000        ; 0.044      ; 0.560      ;
; 0.455 ; control:MODULO_CONTROL|base_u[1]                    ; control:MODULO_CONTROL|base_u[2]                    ; clk_1hz_int  ; clk_1hz_int ; 0.000        ; 0.036      ; 0.575      ;
; 0.475 ; control:MODULO_CONTROL|estado_actual.EXCESO_TIEMPO  ; control:MODULO_CONTROL|extra_u[3]                   ; clk_1hz_int  ; clk_1hz_int ; 0.000        ; 0.036      ; 0.595      ;
; 0.477 ; control:MODULO_CONTROL|estado_actual.EXCESO_TIEMPO  ; control:MODULO_CONTROL|extra_u[1]                   ; clk_1hz_int  ; clk_1hz_int ; 0.000        ; 0.036      ; 0.597      ;
; 0.480 ; control:MODULO_CONTROL|extra_u[1]                   ; control:MODULO_CONTROL|extra_u[3]                   ; clk_1hz_int  ; clk_1hz_int ; 0.000        ; 0.036      ; 0.600      ;
; 0.486 ; control:MODULO_CONTROL|estado_actual.OCUPADO_LIMITE ; control:MODULO_CONTROL|estado_actual.EXCESO_TIEMPO  ; clk_1hz_int  ; clk_1hz_int ; 0.000        ; 0.036      ; 0.606      ;
; 0.489 ; control:MODULO_CONTROL|base_u[0]                    ; control:MODULO_CONTROL|base_u[1]                    ; clk_1hz_int  ; clk_1hz_int ; 0.000        ; 0.036      ; 0.609      ;
; 0.492 ; control:MODULO_CONTROL|extra_d[0]                   ; control:MODULO_CONTROL|extra_d[2]                   ; clk_1hz_int  ; clk_1hz_int ; 0.000        ; 0.036      ; 0.612      ;
; 0.493 ; control:MODULO_CONTROL|estado_actual.OCUPADO_LIMITE ; control:MODULO_CONTROL|estado_actual.OCUPADO_LIMITE ; clk_1hz_int  ; clk_1hz_int ; 0.000        ; 0.036      ; 0.613      ;
; 0.494 ; control:MODULO_CONTROL|extra_d[0]                   ; control:MODULO_CONTROL|extra_d[3]                   ; clk_1hz_int  ; clk_1hz_int ; 0.000        ; 0.036      ; 0.614      ;
; 0.495 ; control:MODULO_CONTROL|extra_d[1]                   ; control:MODULO_CONTROL|extra_d[3]                   ; clk_1hz_int  ; clk_1hz_int ; 0.000        ; 0.036      ; 0.615      ;
; 0.505 ; control:MODULO_CONTROL|estado_actual.EXCESO_TIEMPO  ; control:MODULO_CONTROL|extra_d[1]                   ; clk_1hz_int  ; clk_1hz_int ; 0.000        ; 0.036      ; 0.625      ;
; 0.508 ; control:MODULO_CONTROL|extra_d[0]                   ; control:MODULO_CONTROL|extra_d[1]                   ; clk_1hz_int  ; clk_1hz_int ; 0.000        ; 0.036      ; 0.628      ;
; 0.510 ; control:MODULO_CONTROL|base_u[2]                    ; control:MODULO_CONTROL|base_d[1]                    ; clk_1hz_int  ; clk_1hz_int ; 0.000        ; 0.243      ; 0.837      ;
; 0.513 ; control:MODULO_CONTROL|estado_actual.OCUPADO_LIMITE ; control:MODULO_CONTROL|extra_d[3]                   ; clk_1hz_int  ; clk_1hz_int ; 0.000        ; 0.036      ; 0.633      ;
; 0.513 ; control:MODULO_CONTROL|base_u[0]                    ; control:MODULO_CONTROL|base_u[2]                    ; clk_1hz_int  ; clk_1hz_int ; 0.000        ; 0.036      ; 0.633      ;
; 0.514 ; control:MODULO_CONTROL|estado_actual.OCUPADO_LIMITE ; control:MODULO_CONTROL|extra_d[2]                   ; clk_1hz_int  ; clk_1hz_int ; 0.000        ; 0.036      ; 0.634      ;
; 0.514 ; control:MODULO_CONTROL|estado_actual.OCUPADO_LIMITE ; control:MODULO_CONTROL|extra_u[2]                   ; clk_1hz_int  ; clk_1hz_int ; 0.000        ; 0.036      ; 0.634      ;
; 0.514 ; control:MODULO_CONTROL|estado_actual.OCUPADO_LIMITE ; control:MODULO_CONTROL|extra_u[3]                   ; clk_1hz_int  ; clk_1hz_int ; 0.000        ; 0.036      ; 0.634      ;
; 0.516 ; control:MODULO_CONTROL|estado_actual.OCUPADO_LIMITE ; control:MODULO_CONTROL|extra_u[1]                   ; clk_1hz_int  ; clk_1hz_int ; 0.000        ; 0.036      ; 0.636      ;
; 0.517 ; control:MODULO_CONTROL|estado_actual.LIBRE          ; control:MODULO_CONTROL|estado_actual.OCUPADO_LIMITE ; clk_1hz_int  ; clk_1hz_int ; 0.000        ; 0.036      ; 0.637      ;
; 0.519 ; control:MODULO_CONTROL|estado_actual.OCUPADO_LIMITE ; control:MODULO_CONTROL|extra_d[0]                   ; clk_1hz_int  ; clk_1hz_int ; 0.000        ; 0.036      ; 0.639      ;
; 0.533 ; control:MODULO_CONTROL|base_d[0]                    ; control:MODULO_CONTROL|base_d[1]                    ; clk_1hz_int  ; clk_1hz_int ; 0.000        ; 0.243      ; 0.860      ;
; 0.544 ; control:MODULO_CONTROL|estado_actual.EXCESO_TIEMPO  ; control:MODULO_CONTROL|base_u[2]                    ; clk_1hz_int  ; clk_1hz_int ; 0.000        ; 0.044      ; 0.672      ;
; 0.548 ; control:MODULO_CONTROL|estado_actual.EXCESO_TIEMPO  ; control:MODULO_CONTROL|base_u[0]                    ; clk_1hz_int  ; clk_1hz_int ; 0.000        ; 0.044      ; 0.676      ;
; 0.557 ; control:MODULO_CONTROL|estado_actual.EXCESO_TIEMPO  ; control:MODULO_CONTROL|base_d[0]                    ; clk_1hz_int  ; clk_1hz_int ; 0.000        ; 0.044      ; 0.685      ;
; 0.564 ; control:MODULO_CONTROL|estado_actual.EXCESO_TIEMPO  ; control:MODULO_CONTROL|base_d[3]                    ; clk_1hz_int  ; clk_1hz_int ; 0.000        ; 0.044      ; 0.692      ;
; 0.573 ; control:MODULO_CONTROL|extra_u[0]                   ; control:MODULO_CONTROL|extra_u[2]                   ; clk_1hz_int  ; clk_1hz_int ; 0.000        ; 0.036      ; 0.693      ;
; 0.579 ; control:MODULO_CONTROL|base_u[1]                    ; control:MODULO_CONTROL|base_d[1]                    ; clk_1hz_int  ; clk_1hz_int ; 0.000        ; 0.243      ; 0.906      ;
; 0.592 ; control:MODULO_CONTROL|base_u[1]                    ; control:MODULO_CONTROL|base_u[3]                    ; clk_1hz_int  ; clk_1hz_int ; 0.000        ; 0.036      ; 0.712      ;
; 0.602 ; control:MODULO_CONTROL|estado_actual.OCUPADO_LIMITE ; control:MODULO_CONTROL|base_d[1]                    ; clk_1hz_int  ; clk_1hz_int ; 0.000        ; 0.251      ; 0.937      ;
; 0.609 ; control:MODULO_CONTROL|estado_actual.OCUPADO_LIMITE ; control:MODULO_CONTROL|base_d[0]                    ; clk_1hz_int  ; clk_1hz_int ; 0.000        ; 0.044      ; 0.737      ;
; 0.624 ; control:MODULO_CONTROL|extra_u[2]                   ; control:MODULO_CONTROL|extra_u[3]                   ; clk_1hz_int  ; clk_1hz_int ; 0.000        ; 0.036      ; 0.744      ;
; 0.642 ; control:MODULO_CONTROL|estado_actual.EXCESO_TIEMPO  ; control:MODULO_CONTROL|base_d[1]                    ; clk_1hz_int  ; clk_1hz_int ; 0.000        ; 0.251      ; 0.977      ;
; 0.645 ; control:MODULO_CONTROL|base_u[2]                    ; control:MODULO_CONTROL|base_u[3]                    ; clk_1hz_int  ; clk_1hz_int ; 0.000        ; 0.036      ; 0.765      ;
; 0.645 ; control:MODULO_CONTROL|extra_u[2]                   ; control:MODULO_CONTROL|extra_d[0]                   ; clk_1hz_int  ; clk_1hz_int ; 0.000        ; 0.036      ; 0.765      ;
; 0.653 ; control:MODULO_CONTROL|estado_actual.EXCESO_TIEMPO  ; control:MODULO_CONTROL|felicita_led                 ; clk_1hz_int  ; clk_1hz_int ; 0.000        ; 0.044      ; 0.781      ;
; 0.658 ; control:MODULO_CONTROL|extra_u[1]                   ; control:MODULO_CONTROL|extra_u[2]                   ; clk_1hz_int  ; clk_1hz_int ; 0.000        ; 0.036      ; 0.778      ;
; 0.671 ; control:MODULO_CONTROL|estado_actual.EXCESO_TIEMPO  ; control:MODULO_CONTROL|base_d[2]                    ; clk_1hz_int  ; clk_1hz_int ; 0.000        ; 0.044      ; 0.799      ;
; 0.671 ; control:MODULO_CONTROL|estado_actual.OCUPADO_LIMITE ; control:MODULO_CONTROL|base_u[2]                    ; clk_1hz_int  ; clk_1hz_int ; 0.000        ; 0.044      ; 0.799      ;
; 0.672 ; control:MODULO_CONTROL|base_u[2]                    ; control:MODULO_CONTROL|base_u[1]                    ; clk_1hz_int  ; clk_1hz_int ; 0.000        ; 0.036      ; 0.792      ;
; 0.675 ; control:MODULO_CONTROL|estado_actual.OCUPADO_LIMITE ; control:MODULO_CONTROL|base_u[0]                    ; clk_1hz_int  ; clk_1hz_int ; 0.000        ; 0.044      ; 0.803      ;
; 0.677 ; control:MODULO_CONTROL|extra_d[2]                   ; control:MODULO_CONTROL|extra_d[0]                   ; clk_1hz_int  ; clk_1hz_int ; 0.000        ; 0.036      ; 0.797      ;
; 0.690 ; control:MODULO_CONTROL|extra_u[0]                   ; control:MODULO_CONTROL|extra_u[3]                   ; clk_1hz_int  ; clk_1hz_int ; 0.000        ; 0.036      ; 0.810      ;
; 0.690 ; control:MODULO_CONTROL|base_d[0]                    ; control:MODULO_CONTROL|base_d[3]                    ; clk_1hz_int  ; clk_1hz_int ; 0.000        ; 0.036      ; 0.810      ;
; 0.691 ; control:MODULO_CONTROL|extra_d[3]                   ; control:MODULO_CONTROL|extra_d[0]                   ; clk_1hz_int  ; clk_1hz_int ; 0.000        ; 0.036      ; 0.811      ;
; 0.692 ; control:MODULO_CONTROL|extra_u[3]                   ; control:MODULO_CONTROL|extra_d[0]                   ; clk_1hz_int  ; clk_1hz_int ; 0.000        ; 0.036      ; 0.812      ;
; 0.697 ; control:MODULO_CONTROL|estado_actual.EXCESO_TIEMPO  ; control:MODULO_CONTROL|base_u[1]                    ; clk_1hz_int  ; clk_1hz_int ; 0.000        ; 0.044      ; 0.825      ;
; 0.705 ; control:MODULO_CONTROL|base_u[0]                    ; control:MODULO_CONTROL|base_d[1]                    ; clk_1hz_int  ; clk_1hz_int ; 0.000        ; 0.243      ; 1.032      ;
; 0.708 ; control:MODULO_CONTROL|estado_actual.EXCESO_TIEMPO  ; control:MODULO_CONTROL|base_u[3]                    ; clk_1hz_int  ; clk_1hz_int ; 0.000        ; 0.044      ; 0.836      ;
; 0.709 ; control:MODULO_CONTROL|base_u[3]                    ; control:MODULO_CONTROL|base_d[1]                    ; clk_1hz_int  ; clk_1hz_int ; 0.000        ; 0.243      ; 1.036      ;
; 0.709 ; control:MODULO_CONTROL|base_d[2]                    ; control:MODULO_CONTROL|base_d[3]                    ; clk_1hz_int  ; clk_1hz_int ; 0.000        ; 0.036      ; 0.829      ;
; 0.716 ; control:MODULO_CONTROL|base_u[2]                    ; control:MODULO_CONTROL|base_d[2]                    ; clk_1hz_int  ; clk_1hz_int ; 0.000        ; 0.036      ; 0.836      ;
; 0.718 ; control:MODULO_CONTROL|extra_u[2]                   ; control:MODULO_CONTROL|extra_u[1]                   ; clk_1hz_int  ; clk_1hz_int ; 0.000        ; 0.036      ; 0.838      ;
; 0.722 ; control:MODULO_CONTROL|estado_actual.OCUPADO_LIMITE ; control:MODULO_CONTROL|base_d[3]                    ; clk_1hz_int  ; clk_1hz_int ; 0.000        ; 0.044      ; 0.850      ;
; 0.745 ; control:MODULO_CONTROL|base_d[0]                    ; control:MODULO_CONTROL|base_d[2]                    ; clk_1hz_int  ; clk_1hz_int ; 0.000        ; 0.036      ; 0.865      ;
; 0.745 ; control:MODULO_CONTROL|base_u[2]                    ; control:MODULO_CONTROL|base_u[0]                    ; clk_1hz_int  ; clk_1hz_int ; 0.000        ; 0.036      ; 0.865      ;
; 0.752 ; control:MODULO_CONTROL|base_d[1]                    ; control:MODULO_CONTROL|base_d[2]                    ; clk_1hz_int  ; clk_1hz_int ; 0.000        ; -0.162     ; 0.674      ;
; 0.761 ; control:MODULO_CONTROL|extra_d[1]                   ; control:MODULO_CONTROL|extra_d[0]                   ; clk_1hz_int  ; clk_1hz_int ; 0.000        ; 0.036      ; 0.881      ;
; 0.765 ; control:MODULO_CONTROL|extra_u[0]                   ; control:MODULO_CONTROL|extra_d[0]                   ; clk_1hz_int  ; clk_1hz_int ; 0.000        ; 0.036      ; 0.885      ;
; 0.767 ; control:MODULO_CONTROL|base_u[2]                    ; control:MODULO_CONTROL|base_d[3]                    ; clk_1hz_int  ; clk_1hz_int ; 0.000        ; 0.036      ; 0.887      ;
; 0.768 ; control:MODULO_CONTROL|base_d[0]                    ; control:MODULO_CONTROL|base_u[0]                    ; clk_1hz_int  ; clk_1hz_int ; 0.000        ; 0.036      ; 0.888      ;
; 0.771 ; control:MODULO_CONTROL|base_u[2]                    ; control:MODULO_CONTROL|base_d[0]                    ; clk_1hz_int  ; clk_1hz_int ; 0.000        ; 0.036      ; 0.891      ;
; 0.774 ; control:MODULO_CONTROL|estado_actual.OCUPADO_LIMITE ; control:MODULO_CONTROL|base_u[3]                    ; clk_1hz_int  ; clk_1hz_int ; 0.000        ; 0.044      ; 0.902      ;
+-------+-----------------------------------------------------+-----------------------------------------------------+--------------+-------------+--------------+------------+------------+


+----------------------------------------------------------------------------------------------------------------------+
; Fast 1200mV 0C Model Minimum Pulse Width: 'clk_50mhz'                                                                ;
+--------+--------------+----------------+------------------+-----------+------------+---------------------------------+
; Slack  ; Actual Width ; Required Width ; Type             ; Clock     ; Clock Edge ; Target                          ;
+--------+--------------+----------------+------------------+-----------+------------+---------------------------------+
; -3.000 ; 1.000        ; 4.000          ; Port Rate        ; clk_50mhz ; Rise       ; clk_50mhz                       ;
; -1.000 ; 1.000        ; 2.000          ; Min Period       ; clk_50mhz ; Rise       ; clk_1hz_int                     ;
; -1.000 ; 1.000        ; 2.000          ; Min Period       ; clk_50mhz ; Rise       ; cont_clk[0]                     ;
; -1.000 ; 1.000        ; 2.000          ; Min Period       ; clk_50mhz ; Rise       ; cont_clk[10]                    ;
; -1.000 ; 1.000        ; 2.000          ; Min Period       ; clk_50mhz ; Rise       ; cont_clk[11]                    ;
; -1.000 ; 1.000        ; 2.000          ; Min Period       ; clk_50mhz ; Rise       ; cont_clk[12]                    ;
; -1.000 ; 1.000        ; 2.000          ; Min Period       ; clk_50mhz ; Rise       ; cont_clk[13]                    ;
; -1.000 ; 1.000        ; 2.000          ; Min Period       ; clk_50mhz ; Rise       ; cont_clk[14]                    ;
; -1.000 ; 1.000        ; 2.000          ; Min Period       ; clk_50mhz ; Rise       ; cont_clk[15]                    ;
; -1.000 ; 1.000        ; 2.000          ; Min Period       ; clk_50mhz ; Rise       ; cont_clk[16]                    ;
; -1.000 ; 1.000        ; 2.000          ; Min Period       ; clk_50mhz ; Rise       ; cont_clk[17]                    ;
; -1.000 ; 1.000        ; 2.000          ; Min Period       ; clk_50mhz ; Rise       ; cont_clk[18]                    ;
; -1.000 ; 1.000        ; 2.000          ; Min Period       ; clk_50mhz ; Rise       ; cont_clk[19]                    ;
; -1.000 ; 1.000        ; 2.000          ; Min Period       ; clk_50mhz ; Rise       ; cont_clk[1]                     ;
; -1.000 ; 1.000        ; 2.000          ; Min Period       ; clk_50mhz ; Rise       ; cont_clk[20]                    ;
; -1.000 ; 1.000        ; 2.000          ; Min Period       ; clk_50mhz ; Rise       ; cont_clk[21]                    ;
; -1.000 ; 1.000        ; 2.000          ; Min Period       ; clk_50mhz ; Rise       ; cont_clk[22]                    ;
; -1.000 ; 1.000        ; 2.000          ; Min Period       ; clk_50mhz ; Rise       ; cont_clk[23]                    ;
; -1.000 ; 1.000        ; 2.000          ; Min Period       ; clk_50mhz ; Rise       ; cont_clk[24]                    ;
; -1.000 ; 1.000        ; 2.000          ; Min Period       ; clk_50mhz ; Rise       ; cont_clk[2]                     ;
; -1.000 ; 1.000        ; 2.000          ; Min Period       ; clk_50mhz ; Rise       ; cont_clk[3]                     ;
; -1.000 ; 1.000        ; 2.000          ; Min Period       ; clk_50mhz ; Rise       ; cont_clk[4]                     ;
; -1.000 ; 1.000        ; 2.000          ; Min Period       ; clk_50mhz ; Rise       ; cont_clk[5]                     ;
; -1.000 ; 1.000        ; 2.000          ; Min Period       ; clk_50mhz ; Rise       ; cont_clk[6]                     ;
; -1.000 ; 1.000        ; 2.000          ; Min Period       ; clk_50mhz ; Rise       ; cont_clk[7]                     ;
; -1.000 ; 1.000        ; 2.000          ; Min Period       ; clk_50mhz ; Rise       ; cont_clk[8]                     ;
; -1.000 ; 1.000        ; 2.000          ; Min Period       ; clk_50mhz ; Rise       ; cont_clk[9]                     ;
; -0.085 ; 0.099        ; 0.184          ; Low Pulse Width  ; clk_50mhz ; Rise       ; cont_clk[19]                    ;
; -0.085 ; 0.099        ; 0.184          ; Low Pulse Width  ; clk_50mhz ; Rise       ; cont_clk[24]                    ;
; -0.056 ; 0.128        ; 0.184          ; Low Pulse Width  ; clk_50mhz ; Rise       ; clk_1hz_int                     ;
; -0.056 ; 0.128        ; 0.184          ; Low Pulse Width  ; clk_50mhz ; Rise       ; cont_clk[0]                     ;
; -0.056 ; 0.128        ; 0.184          ; Low Pulse Width  ; clk_50mhz ; Rise       ; cont_clk[10]                    ;
; -0.056 ; 0.128        ; 0.184          ; Low Pulse Width  ; clk_50mhz ; Rise       ; cont_clk[11]                    ;
; -0.056 ; 0.128        ; 0.184          ; Low Pulse Width  ; clk_50mhz ; Rise       ; cont_clk[12]                    ;
; -0.056 ; 0.128        ; 0.184          ; Low Pulse Width  ; clk_50mhz ; Rise       ; cont_clk[13]                    ;
; -0.056 ; 0.128        ; 0.184          ; Low Pulse Width  ; clk_50mhz ; Rise       ; cont_clk[14]                    ;
; -0.056 ; 0.128        ; 0.184          ; Low Pulse Width  ; clk_50mhz ; Rise       ; cont_clk[16]                    ;
; -0.056 ; 0.128        ; 0.184          ; Low Pulse Width  ; clk_50mhz ; Rise       ; cont_clk[18]                    ;
; -0.056 ; 0.128        ; 0.184          ; Low Pulse Width  ; clk_50mhz ; Rise       ; cont_clk[1]                     ;
; -0.056 ; 0.128        ; 0.184          ; Low Pulse Width  ; clk_50mhz ; Rise       ; cont_clk[2]                     ;
; -0.056 ; 0.128        ; 0.184          ; Low Pulse Width  ; clk_50mhz ; Rise       ; cont_clk[3]                     ;
; -0.056 ; 0.128        ; 0.184          ; Low Pulse Width  ; clk_50mhz ; Rise       ; cont_clk[4]                     ;
; -0.056 ; 0.128        ; 0.184          ; Low Pulse Width  ; clk_50mhz ; Rise       ; cont_clk[5]                     ;
; -0.056 ; 0.128        ; 0.184          ; Low Pulse Width  ; clk_50mhz ; Rise       ; cont_clk[6]                     ;
; -0.056 ; 0.128        ; 0.184          ; Low Pulse Width  ; clk_50mhz ; Rise       ; cont_clk[7]                     ;
; -0.056 ; 0.128        ; 0.184          ; Low Pulse Width  ; clk_50mhz ; Rise       ; cont_clk[8]                     ;
; -0.056 ; 0.128        ; 0.184          ; Low Pulse Width  ; clk_50mhz ; Rise       ; cont_clk[9]                     ;
; -0.055 ; 0.129        ; 0.184          ; Low Pulse Width  ; clk_50mhz ; Rise       ; cont_clk[15]                    ;
; -0.055 ; 0.129        ; 0.184          ; Low Pulse Width  ; clk_50mhz ; Rise       ; cont_clk[17]                    ;
; -0.055 ; 0.129        ; 0.184          ; Low Pulse Width  ; clk_50mhz ; Rise       ; cont_clk[20]                    ;
; -0.055 ; 0.129        ; 0.184          ; Low Pulse Width  ; clk_50mhz ; Rise       ; cont_clk[21]                    ;
; -0.055 ; 0.129        ; 0.184          ; Low Pulse Width  ; clk_50mhz ; Rise       ; cont_clk[22]                    ;
; -0.055 ; 0.129        ; 0.184          ; Low Pulse Width  ; clk_50mhz ; Rise       ; cont_clk[23]                    ;
; 0.095  ; 0.095        ; 0.000          ; Low Pulse Width  ; clk_50mhz ; Rise       ; cont_clk[19]|clk                ;
; 0.095  ; 0.095        ; 0.000          ; Low Pulse Width  ; clk_50mhz ; Rise       ; cont_clk[24]|clk                ;
; 0.118  ; 0.118        ; 0.000          ; Low Pulse Width  ; clk_50mhz ; Rise       ; clk_50mhz~input|o               ;
; 0.124  ; 0.124        ; 0.000          ; Low Pulse Width  ; clk_50mhz ; Rise       ; clk_1hz_int|clk                 ;
; 0.124  ; 0.124        ; 0.000          ; Low Pulse Width  ; clk_50mhz ; Rise       ; cont_clk[0]|clk                 ;
; 0.124  ; 0.124        ; 0.000          ; Low Pulse Width  ; clk_50mhz ; Rise       ; cont_clk[10]|clk                ;
; 0.124  ; 0.124        ; 0.000          ; Low Pulse Width  ; clk_50mhz ; Rise       ; cont_clk[11]|clk                ;
; 0.124  ; 0.124        ; 0.000          ; Low Pulse Width  ; clk_50mhz ; Rise       ; cont_clk[12]|clk                ;
; 0.124  ; 0.124        ; 0.000          ; Low Pulse Width  ; clk_50mhz ; Rise       ; cont_clk[13]|clk                ;
; 0.124  ; 0.124        ; 0.000          ; Low Pulse Width  ; clk_50mhz ; Rise       ; cont_clk[14]|clk                ;
; 0.124  ; 0.124        ; 0.000          ; Low Pulse Width  ; clk_50mhz ; Rise       ; cont_clk[15]|clk                ;
; 0.124  ; 0.124        ; 0.000          ; Low Pulse Width  ; clk_50mhz ; Rise       ; cont_clk[16]|clk                ;
; 0.124  ; 0.124        ; 0.000          ; Low Pulse Width  ; clk_50mhz ; Rise       ; cont_clk[17]|clk                ;
; 0.124  ; 0.124        ; 0.000          ; Low Pulse Width  ; clk_50mhz ; Rise       ; cont_clk[18]|clk                ;
; 0.124  ; 0.124        ; 0.000          ; Low Pulse Width  ; clk_50mhz ; Rise       ; cont_clk[1]|clk                 ;
; 0.124  ; 0.124        ; 0.000          ; Low Pulse Width  ; clk_50mhz ; Rise       ; cont_clk[20]|clk                ;
; 0.124  ; 0.124        ; 0.000          ; Low Pulse Width  ; clk_50mhz ; Rise       ; cont_clk[21]|clk                ;
; 0.124  ; 0.124        ; 0.000          ; Low Pulse Width  ; clk_50mhz ; Rise       ; cont_clk[22]|clk                ;
; 0.124  ; 0.124        ; 0.000          ; Low Pulse Width  ; clk_50mhz ; Rise       ; cont_clk[23]|clk                ;
; 0.124  ; 0.124        ; 0.000          ; Low Pulse Width  ; clk_50mhz ; Rise       ; cont_clk[2]|clk                 ;
; 0.124  ; 0.124        ; 0.000          ; Low Pulse Width  ; clk_50mhz ; Rise       ; cont_clk[3]|clk                 ;
; 0.124  ; 0.124        ; 0.000          ; Low Pulse Width  ; clk_50mhz ; Rise       ; cont_clk[4]|clk                 ;
; 0.124  ; 0.124        ; 0.000          ; Low Pulse Width  ; clk_50mhz ; Rise       ; cont_clk[5]|clk                 ;
; 0.124  ; 0.124        ; 0.000          ; Low Pulse Width  ; clk_50mhz ; Rise       ; cont_clk[6]|clk                 ;
; 0.124  ; 0.124        ; 0.000          ; Low Pulse Width  ; clk_50mhz ; Rise       ; cont_clk[7]|clk                 ;
; 0.124  ; 0.124        ; 0.000          ; Low Pulse Width  ; clk_50mhz ; Rise       ; cont_clk[8]|clk                 ;
; 0.124  ; 0.124        ; 0.000          ; Low Pulse Width  ; clk_50mhz ; Rise       ; cont_clk[9]|clk                 ;
; 0.132  ; 0.132        ; 0.000          ; Low Pulse Width  ; clk_50mhz ; Rise       ; clk_50mhz~inputclkctrl|inclk[0] ;
; 0.132  ; 0.132        ; 0.000          ; Low Pulse Width  ; clk_50mhz ; Rise       ; clk_50mhz~inputclkctrl|outclk   ;
; 0.500  ; 0.500        ; 0.000          ; High Pulse Width ; clk_50mhz ; Rise       ; clk_50mhz~input|i               ;
; 0.500  ; 0.500        ; 0.000          ; Low Pulse Width  ; clk_50mhz ; Rise       ; clk_50mhz~input|i               ;
; 0.654  ; 0.870        ; 0.216          ; High Pulse Width ; clk_50mhz ; Rise       ; clk_1hz_int                     ;
; 0.654  ; 0.870        ; 0.216          ; High Pulse Width ; clk_50mhz ; Rise       ; cont_clk[0]                     ;
; 0.654  ; 0.870        ; 0.216          ; High Pulse Width ; clk_50mhz ; Rise       ; cont_clk[10]                    ;
; 0.654  ; 0.870        ; 0.216          ; High Pulse Width ; clk_50mhz ; Rise       ; cont_clk[11]                    ;
; 0.654  ; 0.870        ; 0.216          ; High Pulse Width ; clk_50mhz ; Rise       ; cont_clk[12]                    ;
; 0.654  ; 0.870        ; 0.216          ; High Pulse Width ; clk_50mhz ; Rise       ; cont_clk[13]                    ;
; 0.654  ; 0.870        ; 0.216          ; High Pulse Width ; clk_50mhz ; Rise       ; cont_clk[14]                    ;
; 0.654  ; 0.870        ; 0.216          ; High Pulse Width ; clk_50mhz ; Rise       ; cont_clk[15]                    ;
; 0.654  ; 0.870        ; 0.216          ; High Pulse Width ; clk_50mhz ; Rise       ; cont_clk[16]                    ;
; 0.654  ; 0.870        ; 0.216          ; High Pulse Width ; clk_50mhz ; Rise       ; cont_clk[17]                    ;
; 0.654  ; 0.870        ; 0.216          ; High Pulse Width ; clk_50mhz ; Rise       ; cont_clk[18]                    ;
; 0.654  ; 0.870        ; 0.216          ; High Pulse Width ; clk_50mhz ; Rise       ; cont_clk[1]                     ;
; 0.654  ; 0.870        ; 0.216          ; High Pulse Width ; clk_50mhz ; Rise       ; cont_clk[20]                    ;
; 0.654  ; 0.870        ; 0.216          ; High Pulse Width ; clk_50mhz ; Rise       ; cont_clk[21]                    ;
; 0.654  ; 0.870        ; 0.216          ; High Pulse Width ; clk_50mhz ; Rise       ; cont_clk[22]                    ;
; 0.654  ; 0.870        ; 0.216          ; High Pulse Width ; clk_50mhz ; Rise       ; cont_clk[23]                    ;
+--------+--------------+----------------+------------------+-----------+------------+---------------------------------+


+--------------------------------------------------------------------------------------------------------------------------------------------+
; Fast 1200mV 0C Model Minimum Pulse Width: 'clk_1hz_int'                                                                                    ;
+--------+--------------+----------------+------------------+-------------+------------+-----------------------------------------------------+
; Slack  ; Actual Width ; Required Width ; Type             ; Clock       ; Clock Edge ; Target                                              ;
+--------+--------------+----------------+------------------+-------------+------------+-----------------------------------------------------+
; -1.000 ; 1.000        ; 2.000          ; Min Period       ; clk_1hz_int ; Rise       ; control:MODULO_CONTROL|alarma_led                   ;
; -1.000 ; 1.000        ; 2.000          ; Min Period       ; clk_1hz_int ; Rise       ; control:MODULO_CONTROL|base_d[0]                    ;
; -1.000 ; 1.000        ; 2.000          ; Min Period       ; clk_1hz_int ; Rise       ; control:MODULO_CONTROL|base_d[1]                    ;
; -1.000 ; 1.000        ; 2.000          ; Min Period       ; clk_1hz_int ; Rise       ; control:MODULO_CONTROL|base_d[2]                    ;
; -1.000 ; 1.000        ; 2.000          ; Min Period       ; clk_1hz_int ; Rise       ; control:MODULO_CONTROL|base_d[3]                    ;
; -1.000 ; 1.000        ; 2.000          ; Min Period       ; clk_1hz_int ; Rise       ; control:MODULO_CONTROL|base_u[0]                    ;
; -1.000 ; 1.000        ; 2.000          ; Min Period       ; clk_1hz_int ; Rise       ; control:MODULO_CONTROL|base_u[1]                    ;
; -1.000 ; 1.000        ; 2.000          ; Min Period       ; clk_1hz_int ; Rise       ; control:MODULO_CONTROL|base_u[2]                    ;
; -1.000 ; 1.000        ; 2.000          ; Min Period       ; clk_1hz_int ; Rise       ; control:MODULO_CONTROL|base_u[3]                    ;
; -1.000 ; 1.000        ; 2.000          ; Min Period       ; clk_1hz_int ; Rise       ; control:MODULO_CONTROL|estado_actual.EXCESO_TIEMPO  ;
; -1.000 ; 1.000        ; 2.000          ; Min Period       ; clk_1hz_int ; Rise       ; control:MODULO_CONTROL|estado_actual.LIBRE          ;
; -1.000 ; 1.000        ; 2.000          ; Min Period       ; clk_1hz_int ; Rise       ; control:MODULO_CONTROL|estado_actual.OCUPADO_LIMITE ;
; -1.000 ; 1.000        ; 2.000          ; Min Period       ; clk_1hz_int ; Rise       ; control:MODULO_CONTROL|extra_d[0]                   ;
; -1.000 ; 1.000        ; 2.000          ; Min Period       ; clk_1hz_int ; Rise       ; control:MODULO_CONTROL|extra_d[1]                   ;
; -1.000 ; 1.000        ; 2.000          ; Min Period       ; clk_1hz_int ; Rise       ; control:MODULO_CONTROL|extra_d[2]                   ;
; -1.000 ; 1.000        ; 2.000          ; Min Period       ; clk_1hz_int ; Rise       ; control:MODULO_CONTROL|extra_d[3]                   ;
; -1.000 ; 1.000        ; 2.000          ; Min Period       ; clk_1hz_int ; Rise       ; control:MODULO_CONTROL|extra_u[0]                   ;
; -1.000 ; 1.000        ; 2.000          ; Min Period       ; clk_1hz_int ; Rise       ; control:MODULO_CONTROL|extra_u[1]                   ;
; -1.000 ; 1.000        ; 2.000          ; Min Period       ; clk_1hz_int ; Rise       ; control:MODULO_CONTROL|extra_u[2]                   ;
; -1.000 ; 1.000        ; 2.000          ; Min Period       ; clk_1hz_int ; Rise       ; control:MODULO_CONTROL|extra_u[3]                   ;
; -1.000 ; 1.000        ; 2.000          ; Min Period       ; clk_1hz_int ; Rise       ; control:MODULO_CONTROL|felicita_led                 ;
; 0.232  ; 0.416        ; 0.184          ; Low Pulse Width  ; clk_1hz_int ; Rise       ; control:MODULO_CONTROL|base_d[1]                    ;
; 0.260  ; 0.444        ; 0.184          ; Low Pulse Width  ; clk_1hz_int ; Rise       ; control:MODULO_CONTROL|base_d[0]                    ;
; 0.260  ; 0.444        ; 0.184          ; Low Pulse Width  ; clk_1hz_int ; Rise       ; control:MODULO_CONTROL|base_d[2]                    ;
; 0.260  ; 0.444        ; 0.184          ; Low Pulse Width  ; clk_1hz_int ; Rise       ; control:MODULO_CONTROL|base_d[3]                    ;
; 0.260  ; 0.444        ; 0.184          ; Low Pulse Width  ; clk_1hz_int ; Rise       ; control:MODULO_CONTROL|base_u[0]                    ;
; 0.260  ; 0.444        ; 0.184          ; Low Pulse Width  ; clk_1hz_int ; Rise       ; control:MODULO_CONTROL|base_u[1]                    ;
; 0.260  ; 0.444        ; 0.184          ; Low Pulse Width  ; clk_1hz_int ; Rise       ; control:MODULO_CONTROL|base_u[2]                    ;
; 0.260  ; 0.444        ; 0.184          ; Low Pulse Width  ; clk_1hz_int ; Rise       ; control:MODULO_CONTROL|base_u[3]                    ;
; 0.260  ; 0.444        ; 0.184          ; Low Pulse Width  ; clk_1hz_int ; Rise       ; control:MODULO_CONTROL|felicita_led                 ;
; 0.261  ; 0.445        ; 0.184          ; Low Pulse Width  ; clk_1hz_int ; Rise       ; control:MODULO_CONTROL|alarma_led                   ;
; 0.261  ; 0.445        ; 0.184          ; Low Pulse Width  ; clk_1hz_int ; Rise       ; control:MODULO_CONTROL|estado_actual.EXCESO_TIEMPO  ;
; 0.261  ; 0.445        ; 0.184          ; Low Pulse Width  ; clk_1hz_int ; Rise       ; control:MODULO_CONTROL|estado_actual.LIBRE          ;
; 0.261  ; 0.445        ; 0.184          ; Low Pulse Width  ; clk_1hz_int ; Rise       ; control:MODULO_CONTROL|estado_actual.OCUPADO_LIMITE ;
; 0.261  ; 0.445        ; 0.184          ; Low Pulse Width  ; clk_1hz_int ; Rise       ; control:MODULO_CONTROL|extra_d[0]                   ;
; 0.261  ; 0.445        ; 0.184          ; Low Pulse Width  ; clk_1hz_int ; Rise       ; control:MODULO_CONTROL|extra_d[1]                   ;
; 0.261  ; 0.445        ; 0.184          ; Low Pulse Width  ; clk_1hz_int ; Rise       ; control:MODULO_CONTROL|extra_d[2]                   ;
; 0.261  ; 0.445        ; 0.184          ; Low Pulse Width  ; clk_1hz_int ; Rise       ; control:MODULO_CONTROL|extra_d[3]                   ;
; 0.261  ; 0.445        ; 0.184          ; Low Pulse Width  ; clk_1hz_int ; Rise       ; control:MODULO_CONTROL|extra_u[0]                   ;
; 0.261  ; 0.445        ; 0.184          ; Low Pulse Width  ; clk_1hz_int ; Rise       ; control:MODULO_CONTROL|extra_u[1]                   ;
; 0.261  ; 0.445        ; 0.184          ; Low Pulse Width  ; clk_1hz_int ; Rise       ; control:MODULO_CONTROL|extra_u[2]                   ;
; 0.261  ; 0.445        ; 0.184          ; Low Pulse Width  ; clk_1hz_int ; Rise       ; control:MODULO_CONTROL|extra_u[3]                   ;
; 0.335  ; 0.551        ; 0.216          ; High Pulse Width ; clk_1hz_int ; Rise       ; control:MODULO_CONTROL|alarma_led                   ;
; 0.335  ; 0.551        ; 0.216          ; High Pulse Width ; clk_1hz_int ; Rise       ; control:MODULO_CONTROL|base_d[0]                    ;
; 0.335  ; 0.551        ; 0.216          ; High Pulse Width ; clk_1hz_int ; Rise       ; control:MODULO_CONTROL|base_d[2]                    ;
; 0.335  ; 0.551        ; 0.216          ; High Pulse Width ; clk_1hz_int ; Rise       ; control:MODULO_CONTROL|base_d[3]                    ;
; 0.335  ; 0.551        ; 0.216          ; High Pulse Width ; clk_1hz_int ; Rise       ; control:MODULO_CONTROL|base_u[0]                    ;
; 0.335  ; 0.551        ; 0.216          ; High Pulse Width ; clk_1hz_int ; Rise       ; control:MODULO_CONTROL|base_u[1]                    ;
; 0.335  ; 0.551        ; 0.216          ; High Pulse Width ; clk_1hz_int ; Rise       ; control:MODULO_CONTROL|base_u[2]                    ;
; 0.335  ; 0.551        ; 0.216          ; High Pulse Width ; clk_1hz_int ; Rise       ; control:MODULO_CONTROL|base_u[3]                    ;
; 0.335  ; 0.551        ; 0.216          ; High Pulse Width ; clk_1hz_int ; Rise       ; control:MODULO_CONTROL|estado_actual.EXCESO_TIEMPO  ;
; 0.335  ; 0.551        ; 0.216          ; High Pulse Width ; clk_1hz_int ; Rise       ; control:MODULO_CONTROL|estado_actual.LIBRE          ;
; 0.335  ; 0.551        ; 0.216          ; High Pulse Width ; clk_1hz_int ; Rise       ; control:MODULO_CONTROL|estado_actual.OCUPADO_LIMITE ;
; 0.335  ; 0.551        ; 0.216          ; High Pulse Width ; clk_1hz_int ; Rise       ; control:MODULO_CONTROL|extra_d[0]                   ;
; 0.335  ; 0.551        ; 0.216          ; High Pulse Width ; clk_1hz_int ; Rise       ; control:MODULO_CONTROL|extra_d[1]                   ;
; 0.335  ; 0.551        ; 0.216          ; High Pulse Width ; clk_1hz_int ; Rise       ; control:MODULO_CONTROL|extra_d[2]                   ;
; 0.335  ; 0.551        ; 0.216          ; High Pulse Width ; clk_1hz_int ; Rise       ; control:MODULO_CONTROL|extra_d[3]                   ;
; 0.335  ; 0.551        ; 0.216          ; High Pulse Width ; clk_1hz_int ; Rise       ; control:MODULO_CONTROL|extra_u[0]                   ;
; 0.335  ; 0.551        ; 0.216          ; High Pulse Width ; clk_1hz_int ; Rise       ; control:MODULO_CONTROL|extra_u[1]                   ;
; 0.335  ; 0.551        ; 0.216          ; High Pulse Width ; clk_1hz_int ; Rise       ; control:MODULO_CONTROL|extra_u[2]                   ;
; 0.335  ; 0.551        ; 0.216          ; High Pulse Width ; clk_1hz_int ; Rise       ; control:MODULO_CONTROL|extra_u[3]                   ;
; 0.335  ; 0.551        ; 0.216          ; High Pulse Width ; clk_1hz_int ; Rise       ; control:MODULO_CONTROL|felicita_led                 ;
; 0.363  ; 0.579        ; 0.216          ; High Pulse Width ; clk_1hz_int ; Rise       ; control:MODULO_CONTROL|base_d[1]                    ;
; 0.412  ; 0.412        ; 0.000          ; Low Pulse Width  ; clk_1hz_int ; Rise       ; MODULO_CONTROL|base_d[1]|clk                        ;
; 0.440  ; 0.440        ; 0.000          ; Low Pulse Width  ; clk_1hz_int ; Rise       ; MODULO_CONTROL|base_d[0]|clk                        ;
; 0.440  ; 0.440        ; 0.000          ; Low Pulse Width  ; clk_1hz_int ; Rise       ; MODULO_CONTROL|base_d[2]|clk                        ;
; 0.440  ; 0.440        ; 0.000          ; Low Pulse Width  ; clk_1hz_int ; Rise       ; MODULO_CONTROL|base_d[3]|clk                        ;
; 0.440  ; 0.440        ; 0.000          ; Low Pulse Width  ; clk_1hz_int ; Rise       ; MODULO_CONTROL|base_u[0]|clk                        ;
; 0.440  ; 0.440        ; 0.000          ; Low Pulse Width  ; clk_1hz_int ; Rise       ; MODULO_CONTROL|base_u[1]|clk                        ;
; 0.440  ; 0.440        ; 0.000          ; Low Pulse Width  ; clk_1hz_int ; Rise       ; MODULO_CONTROL|base_u[2]|clk                        ;
; 0.440  ; 0.440        ; 0.000          ; Low Pulse Width  ; clk_1hz_int ; Rise       ; MODULO_CONTROL|base_u[3]|clk                        ;
; 0.440  ; 0.440        ; 0.000          ; Low Pulse Width  ; clk_1hz_int ; Rise       ; MODULO_CONTROL|felicita_led|clk                     ;
; 0.441  ; 0.441        ; 0.000          ; Low Pulse Width  ; clk_1hz_int ; Rise       ; MODULO_CONTROL|alarma_led|clk                       ;
; 0.441  ; 0.441        ; 0.000          ; Low Pulse Width  ; clk_1hz_int ; Rise       ; MODULO_CONTROL|estado_actual.EXCESO_TIEMPO|clk      ;
; 0.441  ; 0.441        ; 0.000          ; Low Pulse Width  ; clk_1hz_int ; Rise       ; MODULO_CONTROL|estado_actual.LIBRE|clk              ;
; 0.441  ; 0.441        ; 0.000          ; Low Pulse Width  ; clk_1hz_int ; Rise       ; MODULO_CONTROL|estado_actual.OCUPADO_LIMITE|clk     ;
; 0.441  ; 0.441        ; 0.000          ; Low Pulse Width  ; clk_1hz_int ; Rise       ; MODULO_CONTROL|extra_d[0]|clk                       ;
; 0.441  ; 0.441        ; 0.000          ; Low Pulse Width  ; clk_1hz_int ; Rise       ; MODULO_CONTROL|extra_d[1]|clk                       ;
; 0.441  ; 0.441        ; 0.000          ; Low Pulse Width  ; clk_1hz_int ; Rise       ; MODULO_CONTROL|extra_d[2]|clk                       ;
; 0.441  ; 0.441        ; 0.000          ; Low Pulse Width  ; clk_1hz_int ; Rise       ; MODULO_CONTROL|extra_d[3]|clk                       ;
; 0.441  ; 0.441        ; 0.000          ; Low Pulse Width  ; clk_1hz_int ; Rise       ; MODULO_CONTROL|extra_u[0]|clk                       ;
; 0.441  ; 0.441        ; 0.000          ; Low Pulse Width  ; clk_1hz_int ; Rise       ; MODULO_CONTROL|extra_u[1]|clk                       ;
; 0.441  ; 0.441        ; 0.000          ; Low Pulse Width  ; clk_1hz_int ; Rise       ; MODULO_CONTROL|extra_u[2]|clk                       ;
; 0.441  ; 0.441        ; 0.000          ; Low Pulse Width  ; clk_1hz_int ; Rise       ; MODULO_CONTROL|extra_u[3]|clk                       ;
; 0.452  ; 0.452        ; 0.000          ; Low Pulse Width  ; clk_1hz_int ; Rise       ; clk_1hz_int~clkctrl|inclk[0]                        ;
; 0.452  ; 0.452        ; 0.000          ; Low Pulse Width  ; clk_1hz_int ; Rise       ; clk_1hz_int~clkctrl|outclk                          ;
; 0.500  ; 0.500        ; 0.000          ; High Pulse Width ; clk_1hz_int ; Rise       ; clk_1hz_int|q                                       ;
; 0.500  ; 0.500        ; 0.000          ; Low Pulse Width  ; clk_1hz_int ; Rise       ; clk_1hz_int|q                                       ;
; 0.546  ; 0.546        ; 0.000          ; High Pulse Width ; clk_1hz_int ; Rise       ; clk_1hz_int~clkctrl|inclk[0]                        ;
; 0.546  ; 0.546        ; 0.000          ; High Pulse Width ; clk_1hz_int ; Rise       ; clk_1hz_int~clkctrl|outclk                          ;
; 0.557  ; 0.557        ; 0.000          ; High Pulse Width ; clk_1hz_int ; Rise       ; MODULO_CONTROL|alarma_led|clk                       ;
; 0.557  ; 0.557        ; 0.000          ; High Pulse Width ; clk_1hz_int ; Rise       ; MODULO_CONTROL|base_d[0]|clk                        ;
; 0.557  ; 0.557        ; 0.000          ; High Pulse Width ; clk_1hz_int ; Rise       ; MODULO_CONTROL|base_d[2]|clk                        ;
; 0.557  ; 0.557        ; 0.000          ; High Pulse Width ; clk_1hz_int ; Rise       ; MODULO_CONTROL|base_d[3]|clk                        ;
; 0.557  ; 0.557        ; 0.000          ; High Pulse Width ; clk_1hz_int ; Rise       ; MODULO_CONTROL|base_u[0]|clk                        ;
; 0.557  ; 0.557        ; 0.000          ; High Pulse Width ; clk_1hz_int ; Rise       ; MODULO_CONTROL|base_u[1]|clk                        ;
; 0.557  ; 0.557        ; 0.000          ; High Pulse Width ; clk_1hz_int ; Rise       ; MODULO_CONTROL|base_u[2]|clk                        ;
; 0.557  ; 0.557        ; 0.000          ; High Pulse Width ; clk_1hz_int ; Rise       ; MODULO_CONTROL|base_u[3]|clk                        ;
; 0.557  ; 0.557        ; 0.000          ; High Pulse Width ; clk_1hz_int ; Rise       ; MODULO_CONTROL|estado_actual.EXCESO_TIEMPO|clk      ;
; 0.557  ; 0.557        ; 0.000          ; High Pulse Width ; clk_1hz_int ; Rise       ; MODULO_CONTROL|estado_actual.LIBRE|clk              ;
+--------+--------------+----------------+------------------+-------------+------------+-----------------------------------------------------+


+-----------------------------------------------------------------------------+
; Setup Times                                                                 ;
+----------------+-------------+-------+-------+------------+-----------------+
; Data Port      ; Clock Port  ; Rise  ; Fall  ; Clock Edge ; Clock Reference ;
+----------------+-------------+-------+-------+------------+-----------------+
; sensor_persona ; clk_1hz_int ; 1.043 ; 1.200 ; Rise       ; clk_1hz_int     ;
+----------------+-------------+-------+-------+------------+-----------------+


+-------------------------------------------------------------------------------+
; Hold Times                                                                    ;
+----------------+-------------+--------+--------+------------+-----------------+
; Data Port      ; Clock Port  ; Rise   ; Fall   ; Clock Edge ; Clock Reference ;
+----------------+-------------+--------+--------+------------+-----------------+
; sensor_persona ; clk_1hz_int ; -0.077 ; -0.314 ; Rise       ; clk_1hz_int     ;
+----------------+-------------+--------+--------+------------+-----------------+


+------------------------------------------------------------------------------------+
; Clock to Output Times                                                              ;
+-----------------------+-------------+-------+-------+------------+-----------------+
; Data Port             ; Clock Port  ; Rise  ; Fall  ; Clock Edge ; Clock Reference ;
+-----------------------+-------------+-------+-------+------------+-----------------+
; alarma_led            ; clk_1hz_int ; 3.081 ; 3.101 ; Rise       ; clk_1hz_int     ;
; display_base_dec[*]   ; clk_1hz_int ; 4.554 ; 4.618 ; Rise       ; clk_1hz_int     ;
;  display_base_dec[0]  ; clk_1hz_int ; 4.554 ; 4.618 ; Rise       ; clk_1hz_int     ;
;  display_base_dec[1]  ; clk_1hz_int ; 3.961 ; 3.955 ; Rise       ; clk_1hz_int     ;
;  display_base_dec[2]  ; clk_1hz_int ; 3.885 ; 3.943 ; Rise       ; clk_1hz_int     ;
;  display_base_dec[3]  ; clk_1hz_int ; 3.705 ; 3.674 ; Rise       ; clk_1hz_int     ;
;  display_base_dec[4]  ; clk_1hz_int ; 3.900 ; 3.898 ; Rise       ; clk_1hz_int     ;
;  display_base_dec[5]  ; clk_1hz_int ; 3.652 ; 3.724 ; Rise       ; clk_1hz_int     ;
;  display_base_dec[6]  ; clk_1hz_int ; 3.701 ; 3.681 ; Rise       ; clk_1hz_int     ;
; display_base_uni[*]   ; clk_1hz_int ; 4.089 ; 4.025 ; Rise       ; clk_1hz_int     ;
;  display_base_uni[0]  ; clk_1hz_int ; 4.089 ; 4.025 ; Rise       ; clk_1hz_int     ;
;  display_base_uni[1]  ; clk_1hz_int ; 3.813 ; 3.854 ; Rise       ; clk_1hz_int     ;
;  display_base_uni[2]  ; clk_1hz_int ; 3.562 ; 3.564 ; Rise       ; clk_1hz_int     ;
;  display_base_uni[3]  ; clk_1hz_int ; 3.701 ; 3.738 ; Rise       ; clk_1hz_int     ;
;  display_base_uni[4]  ; clk_1hz_int ; 3.832 ; 3.784 ; Rise       ; clk_1hz_int     ;
;  display_base_uni[5]  ; clk_1hz_int ; 3.916 ; 4.008 ; Rise       ; clk_1hz_int     ;
;  display_base_uni[6]  ; clk_1hz_int ; 3.703 ; 3.697 ; Rise       ; clk_1hz_int     ;
; display_extra_dec[*]  ; clk_1hz_int ; 3.929 ; 3.902 ; Rise       ; clk_1hz_int     ;
;  display_extra_dec[0] ; clk_1hz_int ; 3.928 ; 3.855 ; Rise       ; clk_1hz_int     ;
;  display_extra_dec[1] ; clk_1hz_int ; 3.779 ; 3.788 ; Rise       ; clk_1hz_int     ;
;  display_extra_dec[2] ; clk_1hz_int ; 3.720 ; 3.866 ; Rise       ; clk_1hz_int     ;
;  display_extra_dec[3] ; clk_1hz_int ; 3.918 ; 3.902 ; Rise       ; clk_1hz_int     ;
;  display_extra_dec[4] ; clk_1hz_int ; 3.773 ; 3.678 ; Rise       ; clk_1hz_int     ;
;  display_extra_dec[5] ; clk_1hz_int ; 3.764 ; 3.788 ; Rise       ; clk_1hz_int     ;
;  display_extra_dec[6] ; clk_1hz_int ; 3.929 ; 3.889 ; Rise       ; clk_1hz_int     ;
; display_extra_uni[*]  ; clk_1hz_int ; 3.774 ; 3.811 ; Rise       ; clk_1hz_int     ;
;  display_extra_uni[0] ; clk_1hz_int ; 3.573 ; 3.578 ; Rise       ; clk_1hz_int     ;
;  display_extra_uni[1] ; clk_1hz_int ; 3.771 ; 3.788 ; Rise       ; clk_1hz_int     ;
;  display_extra_uni[2] ; clk_1hz_int ; 3.614 ; 3.535 ; Rise       ; clk_1hz_int     ;
;  display_extra_uni[3] ; clk_1hz_int ; 3.774 ; 3.795 ; Rise       ; clk_1hz_int     ;
;  display_extra_uni[4] ; clk_1hz_int ; 3.715 ; 3.811 ; Rise       ; clk_1hz_int     ;
;  display_extra_uni[5] ; clk_1hz_int ; 3.566 ; 3.635 ; Rise       ; clk_1hz_int     ;
;  display_extra_uni[6] ; clk_1hz_int ; 3.769 ; 3.794 ; Rise       ; clk_1hz_int     ;
; felicita_led          ; clk_1hz_int ; 3.088 ; 3.109 ; Rise       ; clk_1hz_int     ;
+-----------------------+-------------+-------+-------+------------+-----------------+


+------------------------------------------------------------------------------------+
; Minimum Clock to Output Times                                                      ;
+-----------------------+-------------+-------+-------+------------+-----------------+
; Data Port             ; Clock Port  ; Rise  ; Fall  ; Clock Edge ; Clock Reference ;
+-----------------------+-------------+-------+-------+------------+-----------------+
; alarma_led            ; clk_1hz_int ; 3.009 ; 3.028 ; Rise       ; clk_1hz_int     ;
; display_base_dec[*]   ; clk_1hz_int ; 3.189 ; 3.191 ; Rise       ; clk_1hz_int     ;
;  display_base_dec[0]  ; clk_1hz_int ; 4.257 ; 4.373 ; Rise       ; clk_1hz_int     ;
;  display_base_dec[1]  ; clk_1hz_int ; 3.452 ; 3.507 ; Rise       ; clk_1hz_int     ;
;  display_base_dec[2]  ; clk_1hz_int ; 3.557 ; 3.535 ; Rise       ; clk_1hz_int     ;
;  display_base_dec[3]  ; clk_1hz_int ; 3.197 ; 3.199 ; Rise       ; clk_1hz_int     ;
;  display_base_dec[4]  ; clk_1hz_int ; 3.408 ; 3.468 ; Rise       ; clk_1hz_int     ;
;  display_base_dec[5]  ; clk_1hz_int ; 3.252 ; 3.209 ; Rise       ; clk_1hz_int     ;
;  display_base_dec[6]  ; clk_1hz_int ; 3.189 ; 3.191 ; Rise       ; clk_1hz_int     ;
; display_base_uni[*]   ; clk_1hz_int ; 3.287 ; 3.281 ; Rise       ; clk_1hz_int     ;
;  display_base_uni[0]  ; clk_1hz_int ; 3.754 ; 3.777 ; Rise       ; clk_1hz_int     ;
;  display_base_uni[1]  ; clk_1hz_int ; 3.529 ; 3.552 ; Rise       ; clk_1hz_int     ;
;  display_base_uni[2]  ; clk_1hz_int ; 3.310 ; 3.281 ; Rise       ; clk_1hz_int     ;
;  display_base_uni[3]  ; clk_1hz_int ; 3.287 ; 3.309 ; Rise       ; clk_1hz_int     ;
;  display_base_uni[4]  ; clk_1hz_int ; 3.362 ; 3.428 ; Rise       ; clk_1hz_int     ;
;  display_base_uni[5]  ; clk_1hz_int ; 3.713 ; 3.656 ; Rise       ; clk_1hz_int     ;
;  display_base_uni[6]  ; clk_1hz_int ; 3.309 ; 3.281 ; Rise       ; clk_1hz_int     ;
; display_extra_dec[*]  ; clk_1hz_int ; 3.494 ; 3.512 ; Rise       ; clk_1hz_int     ;
;  display_extra_dec[0] ; clk_1hz_int ; 3.656 ; 3.664 ; Rise       ; clk_1hz_int     ;
;  display_extra_dec[1] ; clk_1hz_int ; 3.517 ; 3.529 ; Rise       ; clk_1hz_int     ;
;  display_extra_dec[2] ; clk_1hz_int ; 3.584 ; 3.573 ; Rise       ; clk_1hz_int     ;
;  display_extra_dec[3] ; clk_1hz_int ; 3.647 ; 3.660 ; Rise       ; clk_1hz_int     ;
;  display_extra_dec[4] ; clk_1hz_int ; 3.494 ; 3.565 ; Rise       ; clk_1hz_int     ;
;  display_extra_dec[5] ; clk_1hz_int ; 3.531 ; 3.512 ; Rise       ; clk_1hz_int     ;
;  display_extra_dec[6] ; clk_1hz_int ; 3.649 ; 3.637 ; Rise       ; clk_1hz_int     ;
; display_extra_uni[*]  ; clk_1hz_int ; 3.228 ; 3.261 ; Rise       ; clk_1hz_int     ;
;  display_extra_uni[0] ; clk_1hz_int ; 3.308 ; 3.261 ; Rise       ; clk_1hz_int     ;
;  display_extra_uni[1] ; clk_1hz_int ; 3.380 ; 3.393 ; Rise       ; clk_1hz_int     ;
;  display_extra_uni[2] ; clk_1hz_int ; 3.228 ; 3.272 ; Rise       ; clk_1hz_int     ;
;  display_extra_uni[3] ; clk_1hz_int ; 3.491 ; 3.459 ; Rise       ; clk_1hz_int     ;
;  display_extra_uni[4] ; clk_1hz_int ; 3.429 ; 3.396 ; Rise       ; clk_1hz_int     ;
;  display_extra_uni[5] ; clk_1hz_int ; 3.356 ; 3.308 ; Rise       ; clk_1hz_int     ;
;  display_extra_uni[6] ; clk_1hz_int ; 3.498 ; 3.441 ; Rise       ; clk_1hz_int     ;
; felicita_led          ; clk_1hz_int ; 3.017 ; 3.036 ; Rise       ; clk_1hz_int     ;
+-----------------------+-------------+-------+-------+------------+-----------------+


---------------------------------------------
; Fast 1200mV 0C Model Metastability Report ;
---------------------------------------------
No synchronizer chains to report.


+--------------------------------------------------------------------------------+
; Multicorner Timing Analysis Summary                                            ;
+------------------+---------+--------+----------+---------+---------------------+
; Clock            ; Setup   ; Hold   ; Recovery ; Removal ; Minimum Pulse Width ;
+------------------+---------+--------+----------+---------+---------------------+
; Worst-case Slack ; -2.840  ; -0.176 ; N/A      ; N/A     ; -3.000              ;
;  clk_1hz_int     ; -1.671  ; 0.178  ; N/A      ; N/A     ; -1.000              ;
;  clk_50mhz       ; -2.840  ; -0.176 ; N/A      ; N/A     ; -3.000              ;
; Design-wide TNS  ; -64.776 ; -0.176 ; 0.0      ; 0.0     ; -51.508             ;
;  clk_1hz_int     ; -22.775 ; 0.000  ; N/A      ; N/A     ; -21.000             ;
;  clk_50mhz       ; -42.001 ; -0.176 ; N/A      ; N/A     ; -30.508             ;
+------------------+---------+--------+----------+---------+---------------------+


+-----------------------------------------------------------------------------+
; Setup Times                                                                 ;
+----------------+-------------+-------+-------+------------+-----------------+
; Data Port      ; Clock Port  ; Rise  ; Fall  ; Clock Edge ; Clock Reference ;
+----------------+-------------+-------+-------+------------+-----------------+
; sensor_persona ; clk_1hz_int ; 1.697 ; 1.710 ; Rise       ; clk_1hz_int     ;
+----------------+-------------+-------+-------+------------+-----------------+


+-------------------------------------------------------------------------------+
; Hold Times                                                                    ;
+----------------+-------------+--------+--------+------------+-----------------+
; Data Port      ; Clock Port  ; Rise   ; Fall   ; Clock Edge ; Clock Reference ;
+----------------+-------------+--------+--------+------------+-----------------+
; sensor_persona ; clk_1hz_int ; -0.077 ; -0.106 ; Rise       ; clk_1hz_int     ;
+----------------+-------------+--------+--------+------------+-----------------+


+------------------------------------------------------------------------------------+
; Clock to Output Times                                                              ;
+-----------------------+-------------+-------+-------+------------+-----------------+
; Data Port             ; Clock Port  ; Rise  ; Fall  ; Clock Edge ; Clock Reference ;
+-----------------------+-------------+-------+-------+------------+-----------------+
; alarma_led            ; clk_1hz_int ; 5.085 ; 5.112 ; Rise       ; clk_1hz_int     ;
; display_base_dec[*]   ; clk_1hz_int ; 7.442 ; 7.460 ; Rise       ; clk_1hz_int     ;
;  display_base_dec[0]  ; clk_1hz_int ; 7.442 ; 7.460 ; Rise       ; clk_1hz_int     ;
;  display_base_dec[1]  ; clk_1hz_int ; 6.637 ; 6.581 ; Rise       ; clk_1hz_int     ;
;  display_base_dec[2]  ; clk_1hz_int ; 6.444 ; 6.540 ; Rise       ; clk_1hz_int     ;
;  display_base_dec[3]  ; clk_1hz_int ; 6.209 ; 6.145 ; Rise       ; clk_1hz_int     ;
;  display_base_dec[4]  ; clk_1hz_int ; 6.514 ; 6.442 ; Rise       ; clk_1hz_int     ;
;  display_base_dec[5]  ; clk_1hz_int ; 6.122 ; 6.221 ; Rise       ; clk_1hz_int     ;
;  display_base_dec[6]  ; clk_1hz_int ; 6.208 ; 6.175 ; Rise       ; clk_1hz_int     ;
; display_base_uni[*]   ; clk_1hz_int ; 6.812 ; 6.746 ; Rise       ; clk_1hz_int     ;
;  display_base_uni[0]  ; clk_1hz_int ; 6.812 ; 6.746 ; Rise       ; clk_1hz_int     ;
;  display_base_uni[1]  ; clk_1hz_int ; 6.353 ; 6.376 ; Rise       ; clk_1hz_int     ;
;  display_base_uni[2]  ; clk_1hz_int ; 6.032 ; 5.968 ; Rise       ; clk_1hz_int     ;
;  display_base_uni[3]  ; clk_1hz_int ; 6.251 ; 6.246 ; Rise       ; clk_1hz_int     ;
;  display_base_uni[4]  ; clk_1hz_int ; 6.479 ; 6.423 ; Rise       ; clk_1hz_int     ;
;  display_base_uni[5]  ; clk_1hz_int ; 6.600 ; 6.624 ; Rise       ; clk_1hz_int     ;
;  display_base_uni[6]  ; clk_1hz_int ; 6.188 ; 6.256 ; Rise       ; clk_1hz_int     ;
; display_extra_dec[*]  ; clk_1hz_int ; 6.521 ; 6.468 ; Rise       ; clk_1hz_int     ;
;  display_extra_dec[0] ; clk_1hz_int ; 6.521 ; 6.436 ; Rise       ; clk_1hz_int     ;
;  display_extra_dec[1] ; clk_1hz_int ; 6.251 ; 6.265 ; Rise       ; clk_1hz_int     ;
;  display_extra_dec[2] ; clk_1hz_int ; 6.371 ; 6.411 ; Rise       ; clk_1hz_int     ;
;  display_extra_dec[3] ; clk_1hz_int ; 6.511 ; 6.444 ; Rise       ; clk_1hz_int     ;
;  display_extra_dec[4] ; clk_1hz_int ; 6.264 ; 6.195 ; Rise       ; clk_1hz_int     ;
;  display_extra_dec[5] ; clk_1hz_int ; 6.222 ; 6.265 ; Rise       ; clk_1hz_int     ;
;  display_extra_dec[6] ; clk_1hz_int ; 6.506 ; 6.468 ; Rise       ; clk_1hz_int     ;
; display_extra_uni[*]  ; clk_1hz_int ; 6.268 ; 6.290 ; Rise       ; clk_1hz_int     ;
;  display_extra_uni[0] ; clk_1hz_int ; 5.953 ; 5.958 ; Rise       ; clk_1hz_int     ;
;  display_extra_uni[1] ; clk_1hz_int ; 6.268 ; 6.260 ; Rise       ; clk_1hz_int     ;
;  display_extra_uni[2] ; clk_1hz_int ; 5.990 ; 5.891 ; Rise       ; clk_1hz_int     ;
;  display_extra_uni[3] ; clk_1hz_int ; 6.256 ; 6.278 ; Rise       ; clk_1hz_int     ;
;  display_extra_uni[4] ; clk_1hz_int ; 6.217 ; 6.290 ; Rise       ; clk_1hz_int     ;
;  display_extra_uni[5] ; clk_1hz_int ; 5.944 ; 6.013 ; Rise       ; clk_1hz_int     ;
;  display_extra_uni[6] ; clk_1hz_int ; 6.253 ; 6.290 ; Rise       ; clk_1hz_int     ;
; felicita_led          ; clk_1hz_int ; 5.094 ; 5.124 ; Rise       ; clk_1hz_int     ;
+-----------------------+-------------+-------+-------+------------+-----------------+


+------------------------------------------------------------------------------------+
; Minimum Clock to Output Times                                                      ;
+-----------------------+-------------+-------+-------+------------+-----------------+
; Data Port             ; Clock Port  ; Rise  ; Fall  ; Clock Edge ; Clock Reference ;
+-----------------------+-------------+-------+-------+------------+-----------------+
; alarma_led            ; clk_1hz_int ; 3.009 ; 3.028 ; Rise       ; clk_1hz_int     ;
; display_base_dec[*]   ; clk_1hz_int ; 3.189 ; 3.191 ; Rise       ; clk_1hz_int     ;
;  display_base_dec[0]  ; clk_1hz_int ; 4.257 ; 4.373 ; Rise       ; clk_1hz_int     ;
;  display_base_dec[1]  ; clk_1hz_int ; 3.452 ; 3.507 ; Rise       ; clk_1hz_int     ;
;  display_base_dec[2]  ; clk_1hz_int ; 3.557 ; 3.535 ; Rise       ; clk_1hz_int     ;
;  display_base_dec[3]  ; clk_1hz_int ; 3.197 ; 3.199 ; Rise       ; clk_1hz_int     ;
;  display_base_dec[4]  ; clk_1hz_int ; 3.408 ; 3.468 ; Rise       ; clk_1hz_int     ;
;  display_base_dec[5]  ; clk_1hz_int ; 3.252 ; 3.209 ; Rise       ; clk_1hz_int     ;
;  display_base_dec[6]  ; clk_1hz_int ; 3.189 ; 3.191 ; Rise       ; clk_1hz_int     ;
; display_base_uni[*]   ; clk_1hz_int ; 3.287 ; 3.281 ; Rise       ; clk_1hz_int     ;
;  display_base_uni[0]  ; clk_1hz_int ; 3.754 ; 3.777 ; Rise       ; clk_1hz_int     ;
;  display_base_uni[1]  ; clk_1hz_int ; 3.529 ; 3.552 ; Rise       ; clk_1hz_int     ;
;  display_base_uni[2]  ; clk_1hz_int ; 3.310 ; 3.281 ; Rise       ; clk_1hz_int     ;
;  display_base_uni[3]  ; clk_1hz_int ; 3.287 ; 3.309 ; Rise       ; clk_1hz_int     ;
;  display_base_uni[4]  ; clk_1hz_int ; 3.362 ; 3.428 ; Rise       ; clk_1hz_int     ;
;  display_base_uni[5]  ; clk_1hz_int ; 3.713 ; 3.656 ; Rise       ; clk_1hz_int     ;
;  display_base_uni[6]  ; clk_1hz_int ; 3.309 ; 3.281 ; Rise       ; clk_1hz_int     ;
; display_extra_dec[*]  ; clk_1hz_int ; 3.494 ; 3.512 ; Rise       ; clk_1hz_int     ;
;  display_extra_dec[0] ; clk_1hz_int ; 3.656 ; 3.664 ; Rise       ; clk_1hz_int     ;
;  display_extra_dec[1] ; clk_1hz_int ; 3.517 ; 3.529 ; Rise       ; clk_1hz_int     ;
;  display_extra_dec[2] ; clk_1hz_int ; 3.584 ; 3.573 ; Rise       ; clk_1hz_int     ;
;  display_extra_dec[3] ; clk_1hz_int ; 3.647 ; 3.660 ; Rise       ; clk_1hz_int     ;
;  display_extra_dec[4] ; clk_1hz_int ; 3.494 ; 3.565 ; Rise       ; clk_1hz_int     ;
;  display_extra_dec[5] ; clk_1hz_int ; 3.531 ; 3.512 ; Rise       ; clk_1hz_int     ;
;  display_extra_dec[6] ; clk_1hz_int ; 3.649 ; 3.637 ; Rise       ; clk_1hz_int     ;
; display_extra_uni[*]  ; clk_1hz_int ; 3.228 ; 3.261 ; Rise       ; clk_1hz_int     ;
;  display_extra_uni[0] ; clk_1hz_int ; 3.308 ; 3.261 ; Rise       ; clk_1hz_int     ;
;  display_extra_uni[1] ; clk_1hz_int ; 3.380 ; 3.393 ; Rise       ; clk_1hz_int     ;
;  display_extra_uni[2] ; clk_1hz_int ; 3.228 ; 3.272 ; Rise       ; clk_1hz_int     ;
;  display_extra_uni[3] ; clk_1hz_int ; 3.491 ; 3.459 ; Rise       ; clk_1hz_int     ;
;  display_extra_uni[4] ; clk_1hz_int ; 3.429 ; 3.396 ; Rise       ; clk_1hz_int     ;
;  display_extra_uni[5] ; clk_1hz_int ; 3.356 ; 3.308 ; Rise       ; clk_1hz_int     ;
;  display_extra_uni[6] ; clk_1hz_int ; 3.498 ; 3.441 ; Rise       ; clk_1hz_int     ;
; felicita_led          ; clk_1hz_int ; 3.017 ; 3.036 ; Rise       ; clk_1hz_int     ;
+-----------------------+-------------+-------+-------+------------+-----------------+


+-------------------------------------------------------------------------------------------------------------------------------------------------------------------------------------------------------------------------------------------------------------------------------------------------------------------------------------------------------------------------------------------------------------------------+
; Board Trace Model Assignments                                                                                                                                                                                                                                                                                                                                                                                           ;
+----------------------+--------------+-------------------+-------------------------+-------------------------+---------------+---------------------+----------------+------------------+--------+------------------+------------------------+------------------------+--------------+---------------+-----------------+-------+---------------------+--------------------+---------------+-----------------+-------------+
; Pin                  ; I/O Standard ; Near Tline Length ; Near Tline L per Length ; Near Tline C per Length ; Near Series R ; Near Differential R ; Near Pull-up R ; Near Pull-down R ; Near C ; Far Tline Length ; Far Tline L per Length ; Far Tline C per Length ; Far Series R ; Far Pull-up R ; Far Pull-down R ; Far C ; Termination Voltage ; Far Differential R ; EBD File Name ; EBD Signal Name ; EBD Far-end ;
+----------------------+--------------+-------------------+-------------------------+-------------------------+---------------+---------------------+----------------+------------------+--------+------------------+------------------------+------------------------+--------------+---------------+-----------------+-------+---------------------+--------------------+---------------+-----------------+-------------+
; alarma_led           ; 2.5 V        ; 0 in              ; 0 H/in                  ; 0 F/in                  ; short         ; -                   ; open           ; open             ; open   ; 0 in             ; 0 H/in                 ; 0 F/in                 ; short        ; open          ; open            ; open  ; 0 V                 ; -                  ; n/a           ; n/a             ; n/a         ;
; felicita_led         ; 2.5 V        ; 0 in              ; 0 H/in                  ; 0 F/in                  ; short         ; -                   ; open           ; open             ; open   ; 0 in             ; 0 H/in                 ; 0 F/in                 ; short        ; open          ; open            ; open  ; 0 V                 ; -                  ; n/a           ; n/a             ; n/a         ;
; display_base_dec[0]  ; 2.5 V        ; 0 in              ; 0 H/in                  ; 0 F/in                  ; short         ; -                   ; open           ; open             ; open   ; 0 in             ; 0 H/in                 ; 0 F/in                 ; short        ; open          ; open            ; open  ; 0 V                 ; -                  ; n/a           ; n/a             ; n/a         ;
; display_base_dec[1]  ; 2.5 V        ; 0 in              ; 0 H/in                  ; 0 F/in                  ; short         ; -                   ; open           ; open             ; open   ; 0 in             ; 0 H/in                 ; 0 F/in                 ; short        ; open          ; open            ; open  ; 0 V                 ; -                  ; n/a           ; n/a             ; n/a         ;
; display_base_dec[2]  ; 2.5 V        ; 0 in              ; 0 H/in                  ; 0 F/in                  ; short         ; -                   ; open           ; open             ; open   ; 0 in             ; 0 H/in                 ; 0 F/in                 ; short        ; open          ; open            ; open  ; 0 V                 ; -                  ; n/a           ; n/a             ; n/a         ;
; display_base_dec[3]  ; 2.5 V        ; 0 in              ; 0 H/in                  ; 0 F/in                  ; short         ; -                   ; open           ; open             ; open   ; 0 in             ; 0 H/in                 ; 0 F/in                 ; short        ; open          ; open            ; open  ; 0 V                 ; -                  ; n/a           ; n/a             ; n/a         ;
; display_base_dec[4]  ; 2.5 V        ; 0 in              ; 0 H/in                  ; 0 F/in                  ; short         ; -                   ; open           ; open             ; open   ; 0 in             ; 0 H/in                 ; 0 F/in                 ; short        ; open          ; open            ; open  ; 0 V                 ; -                  ; n/a           ; n/a             ; n/a         ;
; display_base_dec[5]  ; 2.5 V        ; 0 in              ; 0 H/in                  ; 0 F/in                  ; short         ; -                   ; open           ; open             ; open   ; 0 in             ; 0 H/in                 ; 0 F/in                 ; short        ; open          ; open            ; open  ; 0 V                 ; -                  ; n/a           ; n/a             ; n/a         ;
; display_base_dec[6]  ; 2.5 V        ; 0 in              ; 0 H/in                  ; 0 F/in                  ; short         ; -                   ; open           ; open             ; open   ; 0 in             ; 0 H/in                 ; 0 F/in                 ; short        ; open          ; open            ; open  ; 0 V                 ; -                  ; n/a           ; n/a             ; n/a         ;
; display_base_uni[0]  ; 2.5 V        ; 0 in              ; 0 H/in                  ; 0 F/in                  ; short         ; -                   ; open           ; open             ; open   ; 0 in             ; 0 H/in                 ; 0 F/in                 ; short        ; open          ; open            ; open  ; 0 V                 ; -                  ; n/a           ; n/a             ; n/a         ;
; display_base_uni[1]  ; 2.5 V        ; 0 in              ; 0 H/in                  ; 0 F/in                  ; short         ; -                   ; open           ; open             ; open   ; 0 in             ; 0 H/in                 ; 0 F/in                 ; short        ; open          ; open            ; open  ; 0 V                 ; -                  ; n/a           ; n/a             ; n/a         ;
; display_base_uni[2]  ; 2.5 V        ; 0 in              ; 0 H/in                  ; 0 F/in                  ; short         ; -                   ; open           ; open             ; open   ; 0 in             ; 0 H/in                 ; 0 F/in                 ; short        ; open          ; open            ; open  ; 0 V                 ; -                  ; n/a           ; n/a             ; n/a         ;
; display_base_uni[3]  ; 2.5 V        ; 0 in              ; 0 H/in                  ; 0 F/in                  ; short         ; -                   ; open           ; open             ; open   ; 0 in             ; 0 H/in                 ; 0 F/in                 ; short        ; open          ; open            ; open  ; 0 V                 ; -                  ; n/a           ; n/a             ; n/a         ;
; display_base_uni[4]  ; 2.5 V        ; 0 in              ; 0 H/in                  ; 0 F/in                  ; short         ; -                   ; open           ; open             ; open   ; 0 in             ; 0 H/in                 ; 0 F/in                 ; short        ; open          ; open            ; open  ; 0 V                 ; -                  ; n/a           ; n/a             ; n/a         ;
; display_base_uni[5]  ; 2.5 V        ; 0 in              ; 0 H/in                  ; 0 F/in                  ; short         ; -                   ; open           ; open             ; open   ; 0 in             ; 0 H/in                 ; 0 F/in                 ; short        ; open          ; open            ; open  ; 0 V                 ; -                  ; n/a           ; n/a             ; n/a         ;
; display_base_uni[6]  ; 2.5 V        ; 0 in              ; 0 H/in                  ; 0 F/in                  ; short         ; -                   ; open           ; open             ; open   ; 0 in             ; 0 H/in                 ; 0 F/in                 ; short        ; open          ; open            ; open  ; 0 V                 ; -                  ; n/a           ; n/a             ; n/a         ;
; display_extra_dec[0] ; 2.5 V        ; 0 in              ; 0 H/in                  ; 0 F/in                  ; short         ; -                   ; open           ; open             ; open   ; 0 in             ; 0 H/in                 ; 0 F/in                 ; short        ; open          ; open            ; open  ; 0 V                 ; -                  ; n/a           ; n/a             ; n/a         ;
; display_extra_dec[1] ; 2.5 V        ; 0 in              ; 0 H/in                  ; 0 F/in                  ; short         ; -                   ; open           ; open             ; open   ; 0 in             ; 0 H/in                 ; 0 F/in                 ; short        ; open          ; open            ; open  ; 0 V                 ; -                  ; n/a           ; n/a             ; n/a         ;
; display_extra_dec[2] ; 2.5 V        ; 0 in              ; 0 H/in                  ; 0 F/in                  ; short         ; -                   ; open           ; open             ; open   ; 0 in             ; 0 H/in                 ; 0 F/in                 ; short        ; open          ; open            ; open  ; 0 V                 ; -                  ; n/a           ; n/a             ; n/a         ;
; display_extra_dec[3] ; 2.5 V        ; 0 in              ; 0 H/in                  ; 0 F/in                  ; short         ; -                   ; open           ; open             ; open   ; 0 in             ; 0 H/in                 ; 0 F/in                 ; short        ; open          ; open            ; open  ; 0 V                 ; -                  ; n/a           ; n/a             ; n/a         ;
; display_extra_dec[4] ; 2.5 V        ; 0 in              ; 0 H/in                  ; 0 F/in                  ; short         ; -                   ; open           ; open             ; open   ; 0 in             ; 0 H/in                 ; 0 F/in                 ; short        ; open          ; open            ; open  ; 0 V                 ; -                  ; n/a           ; n/a             ; n/a         ;
; display_extra_dec[5] ; 2.5 V        ; 0 in              ; 0 H/in                  ; 0 F/in                  ; short         ; -                   ; open           ; open             ; open   ; 0 in             ; 0 H/in                 ; 0 F/in                 ; short        ; open          ; open            ; open  ; 0 V                 ; -                  ; n/a           ; n/a             ; n/a         ;
; display_extra_dec[6] ; 2.5 V        ; 0 in              ; 0 H/in                  ; 0 F/in                  ; short         ; -                   ; open           ; open             ; open   ; 0 in             ; 0 H/in                 ; 0 F/in                 ; short        ; open          ; open            ; open  ; 0 V                 ; -                  ; n/a           ; n/a             ; n/a         ;
; display_extra_uni[0] ; 2.5 V        ; 0 in              ; 0 H/in                  ; 0 F/in                  ; short         ; -                   ; open           ; open             ; open   ; 0 in             ; 0 H/in                 ; 0 F/in                 ; short        ; open          ; open            ; open  ; 0 V                 ; -                  ; n/a           ; n/a             ; n/a         ;
; display_extra_uni[1] ; 2.5 V        ; 0 in              ; 0 H/in                  ; 0 F/in                  ; short         ; -                   ; open           ; open             ; open   ; 0 in             ; 0 H/in                 ; 0 F/in                 ; short        ; open          ; open            ; open  ; 0 V                 ; -                  ; n/a           ; n/a             ; n/a         ;
; display_extra_uni[2] ; 2.5 V        ; 0 in              ; 0 H/in                  ; 0 F/in                  ; short         ; -                   ; open           ; open             ; open   ; 0 in             ; 0 H/in                 ; 0 F/in                 ; short        ; open          ; open            ; open  ; 0 V                 ; -                  ; n/a           ; n/a             ; n/a         ;
; display_extra_uni[3] ; 2.5 V        ; 0 in              ; 0 H/in                  ; 0 F/in                  ; short         ; -                   ; open           ; open             ; open   ; 0 in             ; 0 H/in                 ; 0 F/in                 ; short        ; open          ; open            ; open  ; 0 V                 ; -                  ; n/a           ; n/a             ; n/a         ;
; display_extra_uni[4] ; 2.5 V        ; 0 in              ; 0 H/in                  ; 0 F/in                  ; short         ; -                   ; open           ; open             ; open   ; 0 in             ; 0 H/in                 ; 0 F/in                 ; short        ; open          ; open            ; open  ; 0 V                 ; -                  ; n/a           ; n/a             ; n/a         ;
; display_extra_uni[5] ; 2.5 V        ; 0 in              ; 0 H/in                  ; 0 F/in                  ; short         ; -                   ; open           ; open             ; open   ; 0 in             ; 0 H/in                 ; 0 F/in                 ; short        ; open          ; open            ; open  ; 0 V                 ; -                  ; n/a           ; n/a             ; n/a         ;
; display_extra_uni[6] ; 2.5 V        ; 0 in              ; 0 H/in                  ; 0 F/in                  ; short         ; -                   ; open           ; open             ; open   ; 0 in             ; 0 H/in                 ; 0 F/in                 ; short        ; open          ; open            ; open  ; 0 V                 ; -                  ; n/a           ; n/a             ; n/a         ;
; ~ALTERA_DCLK~        ; 2.5 V        ; 0 in              ; 0 H/in                  ; 0 F/in                  ; short         ; -                   ; open           ; open             ; open   ; 0 in             ; 0 H/in                 ; 0 F/in                 ; short        ; open          ; open            ; open  ; 0 V                 ; -                  ; n/a           ; n/a             ; n/a         ;
; ~ALTERA_nCEO~        ; 2.5 V        ; 0 in              ; 0 H/in                  ; 0 F/in                  ; short         ; -                   ; open           ; open             ; open   ; 0 in             ; 0 H/in                 ; 0 F/in                 ; short        ; open          ; open            ; open  ; 0 V                 ; -                  ; n/a           ; n/a             ; n/a         ;
+----------------------+--------------+-------------------+-------------------------+-------------------------+---------------+---------------------+----------------+------------------+--------+------------------+------------------------+------------------------+--------------+---------------+-----------------+-------+---------------------+--------------------+---------------+-----------------+-------------+


+----------------------------------------------------------------------------+
; Input Transition Times                                                     ;
+-------------------------+--------------+-----------------+-----------------+
; Pin                     ; I/O Standard ; 10-90 Rise Time ; 90-10 Fall Time ;
+-------------------------+--------------+-----------------+-----------------+
; reset                   ; 2.5 V        ; 2000 ps         ; 2000 ps         ;
; sensor_persona          ; 2.5 V        ; 2000 ps         ; 2000 ps         ;
; clk_50mhz               ; 2.5 V        ; 2000 ps         ; 2000 ps         ;
; ~ALTERA_ASDO_DATA1~     ; 2.5 V        ; 2000 ps         ; 2000 ps         ;
; ~ALTERA_FLASH_nCE_nCSO~ ; 2.5 V        ; 2000 ps         ; 2000 ps         ;
; ~ALTERA_DATA0~          ; 2.5 V        ; 2000 ps         ; 2000 ps         ;
+-------------------------+--------------+-----------------+-----------------+


+---------------------------------------------------------------------------------------------------------------------------------------------------------------------------------------------------------------------------------------------------------------------------------------------------------------------------------------------------------------------------------------------------------------------------------------------------------------------------------------------------------------------------------------------------------------------------------------------------------------------------------------------------------------------------------------------------+
; Slow Corner Signal Integrity Metrics                                                                                                                                                                                                                                                                                                                                                                                                                                                                                                                                                                                                                                                              ;
+----------------------+--------------+---------------------+---------------------+------------------------------+------------------------------+---------------------+---------------------+--------------------------------------+--------------------------------------+-----------------------------+-----------------------------+----------------------------+----------------------------+-----------------------------+-----------------------------+--------------------+--------------------+-------------------------------------+-------------------------------------+----------------------------+----------------------------+---------------------------+---------------------------+
; Pin                  ; I/O Standard ; Board Delay on Rise ; Board Delay on Fall ; Steady State Voh at FPGA Pin ; Steady State Vol at FPGA Pin ; Voh Max at FPGA Pin ; Vol Min at FPGA Pin ; Ringback Voltage on Rise at FPGA Pin ; Ringback Voltage on Fall at FPGA Pin ; 10-90 Rise Time at FPGA Pin ; 90-10 Fall Time at FPGA Pin ; Monotonic Rise at FPGA Pin ; Monotonic Fall at FPGA Pin ; Steady State Voh at Far-end ; Steady State Vol at Far-end ; Voh Max at Far-end ; Vol Min at Far-end ; Ringback Voltage on Rise at Far-end ; Ringback Voltage on Fall at Far-end ; 10-90 Rise Time at Far-end ; 90-10 Fall Time at Far-end ; Monotonic Rise at Far-end ; Monotonic Fall at Far-end ;
+----------------------+--------------+---------------------+---------------------+------------------------------+------------------------------+---------------------+---------------------+--------------------------------------+--------------------------------------+-----------------------------+-----------------------------+----------------------------+----------------------------+-----------------------------+-----------------------------+--------------------+--------------------+-------------------------------------+-------------------------------------+----------------------------+----------------------------+---------------------------+---------------------------+
; alarma_led           ; 2.5 V        ; 0 s                 ; 0 s                 ; 2.32 V                       ; 7.25e-07 V                   ; 2.35 V              ; -0.0111 V           ; 0.113 V                              ; 0.035 V                              ; 7.76e-10 s                  ; 8.04e-10 s                  ; Yes                        ; Yes                        ; 2.32 V                      ; 7.25e-07 V                  ; 2.35 V             ; -0.0111 V          ; 0.113 V                             ; 0.035 V                             ; 7.76e-10 s                 ; 8.04e-10 s                 ; Yes                       ; Yes                       ;
; felicita_led         ; 2.5 V        ; 0 s                 ; 0 s                 ; 2.32 V                       ; 7.25e-07 V                   ; 2.35 V              ; -0.0111 V           ; 0.113 V                              ; 0.035 V                              ; 7.76e-10 s                  ; 8.04e-10 s                  ; Yes                        ; Yes                        ; 2.32 V                      ; 7.25e-07 V                  ; 2.35 V             ; -0.0111 V          ; 0.113 V                             ; 0.035 V                             ; 7.76e-10 s                 ; 8.04e-10 s                 ; Yes                       ; Yes                       ;
; display_base_dec[0]  ; 2.5 V        ; 0 s                 ; 0 s                 ; 2.32 V                       ; 1.08e-06 V                   ; 2.33 V              ; -0.00341 V          ; 0.17 V                               ; 0.084 V                              ; 3.33e-09 s                  ; 3.24e-09 s                  ; Yes                        ; Yes                        ; 2.32 V                      ; 1.08e-06 V                  ; 2.33 V             ; -0.00341 V         ; 0.17 V                              ; 0.084 V                             ; 3.33e-09 s                 ; 3.24e-09 s                 ; Yes                       ; Yes                       ;
; display_base_dec[1]  ; 2.5 V        ; 0 s                 ; 0 s                 ; 2.32 V                       ; 7.25e-07 V                   ; 2.35 V              ; -0.0111 V           ; 0.113 V                              ; 0.035 V                              ; 7.76e-10 s                  ; 8.04e-10 s                  ; Yes                        ; Yes                        ; 2.32 V                      ; 7.25e-07 V                  ; 2.35 V             ; -0.0111 V          ; 0.113 V                             ; 0.035 V                             ; 7.76e-10 s                 ; 8.04e-10 s                 ; Yes                       ; Yes                       ;
; display_base_dec[2]  ; 2.5 V        ; 0 s                 ; 0 s                 ; 2.32 V                       ; 7.25e-07 V                   ; 2.35 V              ; -0.0111 V           ; 0.113 V                              ; 0.035 V                              ; 7.76e-10 s                  ; 8.04e-10 s                  ; Yes                        ; Yes                        ; 2.32 V                      ; 7.25e-07 V                  ; 2.35 V             ; -0.0111 V          ; 0.113 V                             ; 0.035 V                             ; 7.76e-10 s                 ; 8.04e-10 s                 ; Yes                       ; Yes                       ;
; display_base_dec[3]  ; 2.5 V        ; 0 s                 ; 0 s                 ; 2.32 V                       ; 7.25e-07 V                   ; 2.35 V              ; -0.0111 V           ; 0.113 V                              ; 0.035 V                              ; 7.76e-10 s                  ; 8.04e-10 s                  ; Yes                        ; Yes                        ; 2.32 V                      ; 7.25e-07 V                  ; 2.35 V             ; -0.0111 V          ; 0.113 V                             ; 0.035 V                             ; 7.76e-10 s                 ; 8.04e-10 s                 ; Yes                       ; Yes                       ;
; display_base_dec[4]  ; 2.5 V        ; 0 s                 ; 0 s                 ; 2.32 V                       ; 7.25e-07 V                   ; 2.35 V              ; -0.0111 V           ; 0.113 V                              ; 0.035 V                              ; 7.76e-10 s                  ; 8.04e-10 s                  ; Yes                        ; Yes                        ; 2.32 V                      ; 7.25e-07 V                  ; 2.35 V             ; -0.0111 V          ; 0.113 V                             ; 0.035 V                             ; 7.76e-10 s                 ; 8.04e-10 s                 ; Yes                       ; Yes                       ;
; display_base_dec[5]  ; 2.5 V        ; 0 s                 ; 0 s                 ; 2.32 V                       ; 7.25e-07 V                   ; 2.35 V              ; -0.0111 V           ; 0.113 V                              ; 0.035 V                              ; 7.76e-10 s                  ; 8.04e-10 s                  ; Yes                        ; Yes                        ; 2.32 V                      ; 7.25e-07 V                  ; 2.35 V             ; -0.0111 V          ; 0.113 V                             ; 0.035 V                             ; 7.76e-10 s                 ; 8.04e-10 s                 ; Yes                       ; Yes                       ;
; display_base_dec[6]  ; 2.5 V        ; 0 s                 ; 0 s                 ; 2.32 V                       ; 7.25e-07 V                   ; 2.35 V              ; -0.0111 V           ; 0.113 V                              ; 0.035 V                              ; 7.76e-10 s                  ; 8.04e-10 s                  ; Yes                        ; Yes                        ; 2.32 V                      ; 7.25e-07 V                  ; 2.35 V             ; -0.0111 V          ; 0.113 V                             ; 0.035 V                             ; 7.76e-10 s                 ; 8.04e-10 s                 ; Yes                       ; Yes                       ;
; display_base_uni[0]  ; 2.5 V        ; 0 s                 ; 0 s                 ; 2.32 V                       ; 7.25e-07 V                   ; 2.35 V              ; -0.0111 V           ; 0.113 V                              ; 0.035 V                              ; 7.76e-10 s                  ; 8.04e-10 s                  ; Yes                        ; Yes                        ; 2.32 V                      ; 7.25e-07 V                  ; 2.35 V             ; -0.0111 V          ; 0.113 V                             ; 0.035 V                             ; 7.76e-10 s                 ; 8.04e-10 s                 ; Yes                       ; Yes                       ;
; display_base_uni[1]  ; 2.5 V        ; 0 s                 ; 0 s                 ; 2.32 V                       ; 7.25e-07 V                   ; 2.35 V              ; -0.0111 V           ; 0.113 V                              ; 0.035 V                              ; 7.76e-10 s                  ; 8.04e-10 s                  ; Yes                        ; Yes                        ; 2.32 V                      ; 7.25e-07 V                  ; 2.35 V             ; -0.0111 V          ; 0.113 V                             ; 0.035 V                             ; 7.76e-10 s                 ; 8.04e-10 s                 ; Yes                       ; Yes                       ;
; display_base_uni[2]  ; 2.5 V        ; 0 s                 ; 0 s                 ; 2.32 V                       ; 1.08e-06 V                   ; 2.36 V              ; -0.0113 V           ; 0.122 V                              ; 0.022 V                              ; 4.5e-10 s                   ; 4.45e-10 s                  ; Yes                        ; Yes                        ; 2.32 V                      ; 1.08e-06 V                  ; 2.36 V             ; -0.0113 V          ; 0.122 V                             ; 0.022 V                             ; 4.5e-10 s                  ; 4.45e-10 s                 ; Yes                       ; Yes                       ;
; display_base_uni[3]  ; 2.5 V        ; 0 s                 ; 0 s                 ; 2.32 V                       ; 1.08e-06 V                   ; 2.36 V              ; -0.0113 V           ; 0.122 V                              ; 0.022 V                              ; 4.5e-10 s                   ; 4.45e-10 s                  ; Yes                        ; Yes                        ; 2.32 V                      ; 1.08e-06 V                  ; 2.36 V             ; -0.0113 V          ; 0.122 V                             ; 0.022 V                             ; 4.5e-10 s                  ; 4.45e-10 s                 ; Yes                       ; Yes                       ;
; display_base_uni[4]  ; 2.5 V        ; 0 s                 ; 0 s                 ; 2.32 V                       ; 1.08e-06 V                   ; 2.36 V              ; -0.0113 V           ; 0.122 V                              ; 0.022 V                              ; 4.5e-10 s                   ; 4.45e-10 s                  ; Yes                        ; Yes                        ; 2.32 V                      ; 1.08e-06 V                  ; 2.36 V             ; -0.0113 V          ; 0.122 V                             ; 0.022 V                             ; 4.5e-10 s                  ; 4.45e-10 s                 ; Yes                       ; Yes                       ;
; display_base_uni[5]  ; 2.5 V        ; 0 s                 ; 0 s                 ; 2.32 V                       ; 7.25e-07 V                   ; 2.35 V              ; -0.0111 V           ; 0.113 V                              ; 0.035 V                              ; 7.76e-10 s                  ; 8.04e-10 s                  ; Yes                        ; Yes                        ; 2.32 V                      ; 7.25e-07 V                  ; 2.35 V             ; -0.0111 V          ; 0.113 V                             ; 0.035 V                             ; 7.76e-10 s                 ; 8.04e-10 s                 ; Yes                       ; Yes                       ;
; display_base_uni[6]  ; 2.5 V        ; 0 s                 ; 0 s                 ; 2.32 V                       ; 1.08e-06 V                   ; 2.36 V              ; -0.0113 V           ; 0.122 V                              ; 0.022 V                              ; 4.5e-10 s                   ; 4.45e-10 s                  ; Yes                        ; Yes                        ; 2.32 V                      ; 1.08e-06 V                  ; 2.36 V             ; -0.0113 V          ; 0.122 V                             ; 0.022 V                             ; 4.5e-10 s                  ; 4.45e-10 s                 ; Yes                       ; Yes                       ;
; display_extra_dec[0] ; 2.5 V        ; 0 s                 ; 0 s                 ; 2.32 V                       ; 7.25e-07 V                   ; 2.35 V              ; -0.0111 V           ; 0.113 V                              ; 0.035 V                              ; 7.76e-10 s                  ; 8.04e-10 s                  ; Yes                        ; Yes                        ; 2.32 V                      ; 7.25e-07 V                  ; 2.35 V             ; -0.0111 V          ; 0.113 V                             ; 0.035 V                             ; 7.76e-10 s                 ; 8.04e-10 s                 ; Yes                       ; Yes                       ;
; display_extra_dec[1] ; 2.5 V        ; 0 s                 ; 0 s                 ; 2.32 V                       ; 7.25e-07 V                   ; 2.35 V              ; -0.0111 V           ; 0.113 V                              ; 0.035 V                              ; 7.76e-10 s                  ; 8.04e-10 s                  ; Yes                        ; Yes                        ; 2.32 V                      ; 7.25e-07 V                  ; 2.35 V             ; -0.0111 V          ; 0.113 V                             ; 0.035 V                             ; 7.76e-10 s                 ; 8.04e-10 s                 ; Yes                       ; Yes                       ;
; display_extra_dec[2] ; 2.5 V        ; 0 s                 ; 0 s                 ; 2.32 V                       ; 7.25e-07 V                   ; 2.36 V              ; -0.00946 V          ; 0.111 V                              ; 0.027 V                              ; 6.46e-10 s                  ; 6.2e-10 s                   ; Yes                        ; Yes                        ; 2.32 V                      ; 7.25e-07 V                  ; 2.36 V             ; -0.00946 V         ; 0.111 V                             ; 0.027 V                             ; 6.46e-10 s                 ; 6.2e-10 s                  ; Yes                       ; Yes                       ;
; display_extra_dec[3] ; 2.5 V        ; 0 s                 ; 0 s                 ; 2.32 V                       ; 7.25e-07 V                   ; 2.35 V              ; -0.0111 V           ; 0.113 V                              ; 0.035 V                              ; 7.76e-10 s                  ; 8.04e-10 s                  ; Yes                        ; Yes                        ; 2.32 V                      ; 7.25e-07 V                  ; 2.35 V             ; -0.0111 V          ; 0.113 V                             ; 0.035 V                             ; 7.76e-10 s                 ; 8.04e-10 s                 ; Yes                       ; Yes                       ;
; display_extra_dec[4] ; 2.5 V        ; 0 s                 ; 0 s                 ; 2.32 V                       ; 7.25e-07 V                   ; 2.35 V              ; -0.0111 V           ; 0.113 V                              ; 0.035 V                              ; 7.76e-10 s                  ; 8.04e-10 s                  ; Yes                        ; Yes                        ; 2.32 V                      ; 7.25e-07 V                  ; 2.35 V             ; -0.0111 V          ; 0.113 V                             ; 0.035 V                             ; 7.76e-10 s                 ; 8.04e-10 s                 ; Yes                       ; Yes                       ;
; display_extra_dec[5] ; 2.5 V        ; 0 s                 ; 0 s                 ; 2.32 V                       ; 7.25e-07 V                   ; 2.35 V              ; -0.0111 V           ; 0.113 V                              ; 0.035 V                              ; 7.76e-10 s                  ; 8.04e-10 s                  ; Yes                        ; Yes                        ; 2.32 V                      ; 7.25e-07 V                  ; 2.35 V             ; -0.0111 V          ; 0.113 V                             ; 0.035 V                             ; 7.76e-10 s                 ; 8.04e-10 s                 ; Yes                       ; Yes                       ;
; display_extra_dec[6] ; 2.5 V        ; 0 s                 ; 0 s                 ; 2.32 V                       ; 7.25e-07 V                   ; 2.35 V              ; -0.0111 V           ; 0.113 V                              ; 0.035 V                              ; 7.76e-10 s                  ; 8.04e-10 s                  ; Yes                        ; Yes                        ; 2.32 V                      ; 7.25e-07 V                  ; 2.35 V             ; -0.0111 V          ; 0.113 V                             ; 0.035 V                             ; 7.76e-10 s                 ; 8.04e-10 s                 ; Yes                       ; Yes                       ;
; display_extra_uni[0] ; 2.5 V        ; 0 s                 ; 0 s                 ; 2.32 V                       ; 7.25e-07 V                   ; 2.35 V              ; -0.0111 V           ; 0.113 V                              ; 0.035 V                              ; 7.76e-10 s                  ; 8.04e-10 s                  ; Yes                        ; Yes                        ; 2.32 V                      ; 7.25e-07 V                  ; 2.35 V             ; -0.0111 V          ; 0.113 V                             ; 0.035 V                             ; 7.76e-10 s                 ; 8.04e-10 s                 ; Yes                       ; Yes                       ;
; display_extra_uni[1] ; 2.5 V        ; 0 s                 ; 0 s                 ; 2.32 V                       ; 7.25e-07 V                   ; 2.35 V              ; -0.0111 V           ; 0.113 V                              ; 0.035 V                              ; 7.76e-10 s                  ; 8.04e-10 s                  ; Yes                        ; Yes                        ; 2.32 V                      ; 7.25e-07 V                  ; 2.35 V             ; -0.0111 V          ; 0.113 V                             ; 0.035 V                             ; 7.76e-10 s                 ; 8.04e-10 s                 ; Yes                       ; Yes                       ;
; display_extra_uni[2] ; 2.5 V        ; 0 s                 ; 0 s                 ; 2.32 V                       ; 7.25e-07 V                   ; 2.35 V              ; -0.0111 V           ; 0.113 V                              ; 0.035 V                              ; 7.76e-10 s                  ; 8.04e-10 s                  ; Yes                        ; Yes                        ; 2.32 V                      ; 7.25e-07 V                  ; 2.35 V             ; -0.0111 V          ; 0.113 V                             ; 0.035 V                             ; 7.76e-10 s                 ; 8.04e-10 s                 ; Yes                       ; Yes                       ;
; display_extra_uni[3] ; 2.5 V        ; 0 s                 ; 0 s                 ; 2.32 V                       ; 7.25e-07 V                   ; 2.35 V              ; -0.0111 V           ; 0.113 V                              ; 0.035 V                              ; 7.76e-10 s                  ; 8.04e-10 s                  ; Yes                        ; Yes                        ; 2.32 V                      ; 7.25e-07 V                  ; 2.35 V             ; -0.0111 V          ; 0.113 V                             ; 0.035 V                             ; 7.76e-10 s                 ; 8.04e-10 s                 ; Yes                       ; Yes                       ;
; display_extra_uni[4] ; 2.5 V        ; 0 s                 ; 0 s                 ; 2.32 V                       ; 7.25e-07 V                   ; 2.35 V              ; -0.0111 V           ; 0.113 V                              ; 0.035 V                              ; 7.76e-10 s                  ; 8.04e-10 s                  ; Yes                        ; Yes                        ; 2.32 V                      ; 7.25e-07 V                  ; 2.35 V             ; -0.0111 V          ; 0.113 V                             ; 0.035 V                             ; 7.76e-10 s                 ; 8.04e-10 s                 ; Yes                       ; Yes                       ;
; display_extra_uni[5] ; 2.5 V        ; 0 s                 ; 0 s                 ; 2.32 V                       ; 7.25e-07 V                   ; 2.35 V              ; -0.0111 V           ; 0.113 V                              ; 0.035 V                              ; 7.76e-10 s                  ; 8.04e-10 s                  ; Yes                        ; Yes                        ; 2.32 V                      ; 7.25e-07 V                  ; 2.35 V             ; -0.0111 V          ; 0.113 V                             ; 0.035 V                             ; 7.76e-10 s                 ; 8.04e-10 s                 ; Yes                       ; Yes                       ;
; display_extra_uni[6] ; 2.5 V        ; 0 s                 ; 0 s                 ; 2.32 V                       ; 7.25e-07 V                   ; 2.35 V              ; -0.0111 V           ; 0.113 V                              ; 0.035 V                              ; 7.76e-10 s                  ; 8.04e-10 s                  ; Yes                        ; Yes                        ; 2.32 V                      ; 7.25e-07 V                  ; 2.35 V             ; -0.0111 V          ; 0.113 V                             ; 0.035 V                             ; 7.76e-10 s                 ; 8.04e-10 s                 ; Yes                       ; Yes                       ;
; ~ALTERA_DCLK~        ; 2.5 V        ; 0 s                 ; 0 s                 ; 2.32 V                       ; 5.68e-07 V                   ; 2.35 V              ; -0.0132 V           ; 0.2 V                                ; 0.027 V                              ; 5.26e-10 s                  ; 4.81e-10 s                  ; Yes                        ; Yes                        ; 2.32 V                      ; 5.68e-07 V                  ; 2.35 V             ; -0.0132 V          ; 0.2 V                               ; 0.027 V                             ; 5.26e-10 s                 ; 4.81e-10 s                 ; Yes                       ; Yes                       ;
; ~ALTERA_nCEO~        ; 2.5 V        ; 0 s                 ; 0 s                 ; 2.32 V                       ; 9.36e-07 V                   ; 2.35 V              ; -0.00444 V          ; 0.18 V                               ; 0.019 V                              ; 7.23e-10 s                  ; 9.82e-10 s                  ; Yes                        ; Yes                        ; 2.32 V                      ; 9.36e-07 V                  ; 2.35 V             ; -0.00444 V         ; 0.18 V                              ; 0.019 V                             ; 7.23e-10 s                 ; 9.82e-10 s                 ; Yes                       ; Yes                       ;
+----------------------+--------------+---------------------+---------------------+------------------------------+------------------------------+---------------------+---------------------+--------------------------------------+--------------------------------------+-----------------------------+-----------------------------+----------------------------+----------------------------+-----------------------------+-----------------------------+--------------------+--------------------+-------------------------------------+-------------------------------------+----------------------------+----------------------------+---------------------------+---------------------------+


+---------------------------------------------------------------------------------------------------------------------------------------------------------------------------------------------------------------------------------------------------------------------------------------------------------------------------------------------------------------------------------------------------------------------------------------------------------------------------------------------------------------------------------------------------------------------------------------------------------------------------------------------------------------------------------------------------+
; Fast Corner Signal Integrity Metrics                                                                                                                                                                                                                                                                                                                                                                                                                                                                                                                                                                                                                                                              ;
+----------------------+--------------+---------------------+---------------------+------------------------------+------------------------------+---------------------+---------------------+--------------------------------------+--------------------------------------+-----------------------------+-----------------------------+----------------------------+----------------------------+-----------------------------+-----------------------------+--------------------+--------------------+-------------------------------------+-------------------------------------+----------------------------+----------------------------+---------------------------+---------------------------+
; Pin                  ; I/O Standard ; Board Delay on Rise ; Board Delay on Fall ; Steady State Voh at FPGA Pin ; Steady State Vol at FPGA Pin ; Voh Max at FPGA Pin ; Vol Min at FPGA Pin ; Ringback Voltage on Rise at FPGA Pin ; Ringback Voltage on Fall at FPGA Pin ; 10-90 Rise Time at FPGA Pin ; 90-10 Fall Time at FPGA Pin ; Monotonic Rise at FPGA Pin ; Monotonic Fall at FPGA Pin ; Steady State Voh at Far-end ; Steady State Vol at Far-end ; Voh Max at Far-end ; Vol Min at Far-end ; Ringback Voltage on Rise at Far-end ; Ringback Voltage on Fall at Far-end ; 10-90 Rise Time at Far-end ; 90-10 Fall Time at Far-end ; Monotonic Rise at Far-end ; Monotonic Fall at Far-end ;
+----------------------+--------------+---------------------+---------------------+------------------------------+------------------------------+---------------------+---------------------+--------------------------------------+--------------------------------------+-----------------------------+-----------------------------+----------------------------+----------------------------+-----------------------------+-----------------------------+--------------------+--------------------+-------------------------------------+-------------------------------------+----------------------------+----------------------------+---------------------------+---------------------------+
; alarma_led           ; 2.5 V        ; 0 s                 ; 0 s                 ; 2.62 V                       ; 2.78e-08 V                   ; 2.71 V              ; -0.0349 V           ; 0.253 V                              ; 0.069 V                              ; 4.96e-10 s                  ; 5.19e-10 s                  ; No                         ; Yes                        ; 2.62 V                      ; 2.78e-08 V                  ; 2.71 V             ; -0.0349 V          ; 0.253 V                             ; 0.069 V                             ; 4.96e-10 s                 ; 5.19e-10 s                 ; No                        ; Yes                       ;
; felicita_led         ; 2.5 V        ; 0 s                 ; 0 s                 ; 2.62 V                       ; 2.78e-08 V                   ; 2.71 V              ; -0.0349 V           ; 0.253 V                              ; 0.069 V                              ; 4.96e-10 s                  ; 5.19e-10 s                  ; No                         ; Yes                        ; 2.62 V                      ; 2.78e-08 V                  ; 2.71 V             ; -0.0349 V          ; 0.253 V                             ; 0.069 V                             ; 4.96e-10 s                 ; 5.19e-10 s                 ; No                        ; Yes                       ;
; display_base_dec[0]  ; 2.5 V        ; 0 s                 ; 0 s                 ; 2.62 V                       ; 4.11e-08 V                   ; 2.64 V              ; -0.011 V            ; 0.212 V                              ; 0.198 V                              ; 2.38e-09 s                  ; 2.29e-09 s                  ; No                         ; Yes                        ; 2.62 V                      ; 4.11e-08 V                  ; 2.64 V             ; -0.011 V           ; 0.212 V                             ; 0.198 V                             ; 2.38e-09 s                 ; 2.29e-09 s                 ; No                        ; Yes                       ;
; display_base_dec[1]  ; 2.5 V        ; 0 s                 ; 0 s                 ; 2.62 V                       ; 2.78e-08 V                   ; 2.71 V              ; -0.0349 V           ; 0.253 V                              ; 0.069 V                              ; 4.96e-10 s                  ; 5.19e-10 s                  ; No                         ; Yes                        ; 2.62 V                      ; 2.78e-08 V                  ; 2.71 V             ; -0.0349 V          ; 0.253 V                             ; 0.069 V                             ; 4.96e-10 s                 ; 5.19e-10 s                 ; No                        ; Yes                       ;
; display_base_dec[2]  ; 2.5 V        ; 0 s                 ; 0 s                 ; 2.62 V                       ; 2.78e-08 V                   ; 2.71 V              ; -0.0349 V           ; 0.253 V                              ; 0.069 V                              ; 4.96e-10 s                  ; 5.19e-10 s                  ; No                         ; Yes                        ; 2.62 V                      ; 2.78e-08 V                  ; 2.71 V             ; -0.0349 V          ; 0.253 V                             ; 0.069 V                             ; 4.96e-10 s                 ; 5.19e-10 s                 ; No                        ; Yes                       ;
; display_base_dec[3]  ; 2.5 V        ; 0 s                 ; 0 s                 ; 2.62 V                       ; 2.78e-08 V                   ; 2.71 V              ; -0.0349 V           ; 0.253 V                              ; 0.069 V                              ; 4.96e-10 s                  ; 5.19e-10 s                  ; No                         ; Yes                        ; 2.62 V                      ; 2.78e-08 V                  ; 2.71 V             ; -0.0349 V          ; 0.253 V                             ; 0.069 V                             ; 4.96e-10 s                 ; 5.19e-10 s                 ; No                        ; Yes                       ;
; display_base_dec[4]  ; 2.5 V        ; 0 s                 ; 0 s                 ; 2.62 V                       ; 2.78e-08 V                   ; 2.71 V              ; -0.0349 V           ; 0.253 V                              ; 0.069 V                              ; 4.96e-10 s                  ; 5.19e-10 s                  ; No                         ; Yes                        ; 2.62 V                      ; 2.78e-08 V                  ; 2.71 V             ; -0.0349 V          ; 0.253 V                             ; 0.069 V                             ; 4.96e-10 s                 ; 5.19e-10 s                 ; No                        ; Yes                       ;
; display_base_dec[5]  ; 2.5 V        ; 0 s                 ; 0 s                 ; 2.62 V                       ; 2.78e-08 V                   ; 2.71 V              ; -0.0349 V           ; 0.253 V                              ; 0.069 V                              ; 4.96e-10 s                  ; 5.19e-10 s                  ; No                         ; Yes                        ; 2.62 V                      ; 2.78e-08 V                  ; 2.71 V             ; -0.0349 V          ; 0.253 V                             ; 0.069 V                             ; 4.96e-10 s                 ; 5.19e-10 s                 ; No                        ; Yes                       ;
; display_base_dec[6]  ; 2.5 V        ; 0 s                 ; 0 s                 ; 2.62 V                       ; 2.78e-08 V                   ; 2.71 V              ; -0.0349 V           ; 0.253 V                              ; 0.069 V                              ; 4.96e-10 s                  ; 5.19e-10 s                  ; No                         ; Yes                        ; 2.62 V                      ; 2.78e-08 V                  ; 2.71 V             ; -0.0349 V          ; 0.253 V                             ; 0.069 V                             ; 4.96e-10 s                 ; 5.19e-10 s                 ; No                        ; Yes                       ;
; display_base_uni[0]  ; 2.5 V        ; 0 s                 ; 0 s                 ; 2.62 V                       ; 2.78e-08 V                   ; 2.71 V              ; -0.0349 V           ; 0.253 V                              ; 0.069 V                              ; 4.96e-10 s                  ; 5.19e-10 s                  ; No                         ; Yes                        ; 2.62 V                      ; 2.78e-08 V                  ; 2.71 V             ; -0.0349 V          ; 0.253 V                             ; 0.069 V                             ; 4.96e-10 s                 ; 5.19e-10 s                 ; No                        ; Yes                       ;
; display_base_uni[1]  ; 2.5 V        ; 0 s                 ; 0 s                 ; 2.62 V                       ; 2.78e-08 V                   ; 2.71 V              ; -0.0349 V           ; 0.253 V                              ; 0.069 V                              ; 4.96e-10 s                  ; 5.19e-10 s                  ; No                         ; Yes                        ; 2.62 V                      ; 2.78e-08 V                  ; 2.71 V             ; -0.0349 V          ; 0.253 V                             ; 0.069 V                             ; 4.96e-10 s                 ; 5.19e-10 s                 ; No                        ; Yes                       ;
; display_base_uni[2]  ; 2.5 V        ; 0 s                 ; 0 s                 ; 2.62 V                       ; 4.11e-08 V                   ; 2.73 V              ; -0.0566 V           ; 0.191 V                              ; 0.12 V                               ; 2.69e-10 s                  ; 2.76e-10 s                  ; Yes                        ; Yes                        ; 2.62 V                      ; 4.11e-08 V                  ; 2.73 V             ; -0.0566 V          ; 0.191 V                             ; 0.12 V                              ; 2.69e-10 s                 ; 2.76e-10 s                 ; Yes                       ; Yes                       ;
; display_base_uni[3]  ; 2.5 V        ; 0 s                 ; 0 s                 ; 2.62 V                       ; 4.11e-08 V                   ; 2.73 V              ; -0.0566 V           ; 0.191 V                              ; 0.12 V                               ; 2.69e-10 s                  ; 2.76e-10 s                  ; Yes                        ; Yes                        ; 2.62 V                      ; 4.11e-08 V                  ; 2.73 V             ; -0.0566 V          ; 0.191 V                             ; 0.12 V                              ; 2.69e-10 s                 ; 2.76e-10 s                 ; Yes                       ; Yes                       ;
; display_base_uni[4]  ; 2.5 V        ; 0 s                 ; 0 s                 ; 2.62 V                       ; 4.11e-08 V                   ; 2.73 V              ; -0.0566 V           ; 0.191 V                              ; 0.12 V                               ; 2.69e-10 s                  ; 2.76e-10 s                  ; Yes                        ; Yes                        ; 2.62 V                      ; 4.11e-08 V                  ; 2.73 V             ; -0.0566 V          ; 0.191 V                             ; 0.12 V                              ; 2.69e-10 s                 ; 2.76e-10 s                 ; Yes                       ; Yes                       ;
; display_base_uni[5]  ; 2.5 V        ; 0 s                 ; 0 s                 ; 2.62 V                       ; 2.78e-08 V                   ; 2.71 V              ; -0.0349 V           ; 0.253 V                              ; 0.069 V                              ; 4.96e-10 s                  ; 5.19e-10 s                  ; No                         ; Yes                        ; 2.62 V                      ; 2.78e-08 V                  ; 2.71 V             ; -0.0349 V          ; 0.253 V                             ; 0.069 V                             ; 4.96e-10 s                 ; 5.19e-10 s                 ; No                        ; Yes                       ;
; display_base_uni[6]  ; 2.5 V        ; 0 s                 ; 0 s                 ; 2.62 V                       ; 4.11e-08 V                   ; 2.73 V              ; -0.0566 V           ; 0.191 V                              ; 0.12 V                               ; 2.69e-10 s                  ; 2.76e-10 s                  ; Yes                        ; Yes                        ; 2.62 V                      ; 4.11e-08 V                  ; 2.73 V             ; -0.0566 V          ; 0.191 V                             ; 0.12 V                              ; 2.69e-10 s                 ; 2.76e-10 s                 ; Yes                       ; Yes                       ;
; display_extra_dec[0] ; 2.5 V        ; 0 s                 ; 0 s                 ; 2.62 V                       ; 2.78e-08 V                   ; 2.71 V              ; -0.0349 V           ; 0.253 V                              ; 0.069 V                              ; 4.96e-10 s                  ; 5.19e-10 s                  ; No                         ; Yes                        ; 2.62 V                      ; 2.78e-08 V                  ; 2.71 V             ; -0.0349 V          ; 0.253 V                             ; 0.069 V                             ; 4.96e-10 s                 ; 5.19e-10 s                 ; No                        ; Yes                       ;
; display_extra_dec[1] ; 2.5 V        ; 0 s                 ; 0 s                 ; 2.62 V                       ; 2.78e-08 V                   ; 2.71 V              ; -0.0349 V           ; 0.253 V                              ; 0.069 V                              ; 4.96e-10 s                  ; 5.19e-10 s                  ; No                         ; Yes                        ; 2.62 V                      ; 2.78e-08 V                  ; 2.71 V             ; -0.0349 V          ; 0.253 V                             ; 0.069 V                             ; 4.96e-10 s                 ; 5.19e-10 s                 ; No                        ; Yes                       ;
; display_extra_dec[2] ; 2.5 V        ; 0 s                 ; 0 s                 ; 2.62 V                       ; 2.78e-08 V                   ; 2.72 V              ; -0.0408 V           ; 0.163 V                              ; 0.075 V                              ; 4.51e-10 s                  ; 4.33e-10 s                  ; No                         ; Yes                        ; 2.62 V                      ; 2.78e-08 V                  ; 2.72 V             ; -0.0408 V          ; 0.163 V                             ; 0.075 V                             ; 4.51e-10 s                 ; 4.33e-10 s                 ; No                        ; Yes                       ;
; display_extra_dec[3] ; 2.5 V        ; 0 s                 ; 0 s                 ; 2.62 V                       ; 2.78e-08 V                   ; 2.71 V              ; -0.0349 V           ; 0.253 V                              ; 0.069 V                              ; 4.96e-10 s                  ; 5.19e-10 s                  ; No                         ; Yes                        ; 2.62 V                      ; 2.78e-08 V                  ; 2.71 V             ; -0.0349 V          ; 0.253 V                             ; 0.069 V                             ; 4.96e-10 s                 ; 5.19e-10 s                 ; No                        ; Yes                       ;
; display_extra_dec[4] ; 2.5 V        ; 0 s                 ; 0 s                 ; 2.62 V                       ; 2.78e-08 V                   ; 2.71 V              ; -0.0349 V           ; 0.253 V                              ; 0.069 V                              ; 4.96e-10 s                  ; 5.19e-10 s                  ; No                         ; Yes                        ; 2.62 V                      ; 2.78e-08 V                  ; 2.71 V             ; -0.0349 V          ; 0.253 V                             ; 0.069 V                             ; 4.96e-10 s                 ; 5.19e-10 s                 ; No                        ; Yes                       ;
; display_extra_dec[5] ; 2.5 V        ; 0 s                 ; 0 s                 ; 2.62 V                       ; 2.78e-08 V                   ; 2.71 V              ; -0.0349 V           ; 0.253 V                              ; 0.069 V                              ; 4.96e-10 s                  ; 5.19e-10 s                  ; No                         ; Yes                        ; 2.62 V                      ; 2.78e-08 V                  ; 2.71 V             ; -0.0349 V          ; 0.253 V                             ; 0.069 V                             ; 4.96e-10 s                 ; 5.19e-10 s                 ; No                        ; Yes                       ;
; display_extra_dec[6] ; 2.5 V        ; 0 s                 ; 0 s                 ; 2.62 V                       ; 2.78e-08 V                   ; 2.71 V              ; -0.0349 V           ; 0.253 V                              ; 0.069 V                              ; 4.96e-10 s                  ; 5.19e-10 s                  ; No                         ; Yes                        ; 2.62 V                      ; 2.78e-08 V                  ; 2.71 V             ; -0.0349 V          ; 0.253 V                             ; 0.069 V                             ; 4.96e-10 s                 ; 5.19e-10 s                 ; No                        ; Yes                       ;
; display_extra_uni[0] ; 2.5 V        ; 0 s                 ; 0 s                 ; 2.62 V                       ; 2.78e-08 V                   ; 2.71 V              ; -0.0349 V           ; 0.253 V                              ; 0.069 V                              ; 4.96e-10 s                  ; 5.19e-10 s                  ; No                         ; Yes                        ; 2.62 V                      ; 2.78e-08 V                  ; 2.71 V             ; -0.0349 V          ; 0.253 V                             ; 0.069 V                             ; 4.96e-10 s                 ; 5.19e-10 s                 ; No                        ; Yes                       ;
; display_extra_uni[1] ; 2.5 V        ; 0 s                 ; 0 s                 ; 2.62 V                       ; 2.78e-08 V                   ; 2.71 V              ; -0.0349 V           ; 0.253 V                              ; 0.069 V                              ; 4.96e-10 s                  ; 5.19e-10 s                  ; No                         ; Yes                        ; 2.62 V                      ; 2.78e-08 V                  ; 2.71 V             ; -0.0349 V          ; 0.253 V                             ; 0.069 V                             ; 4.96e-10 s                 ; 5.19e-10 s                 ; No                        ; Yes                       ;
; display_extra_uni[2] ; 2.5 V        ; 0 s                 ; 0 s                 ; 2.62 V                       ; 2.78e-08 V                   ; 2.71 V              ; -0.0349 V           ; 0.253 V                              ; 0.069 V                              ; 4.96e-10 s                  ; 5.19e-10 s                  ; No                         ; Yes                        ; 2.62 V                      ; 2.78e-08 V                  ; 2.71 V             ; -0.0349 V          ; 0.253 V                             ; 0.069 V                             ; 4.96e-10 s                 ; 5.19e-10 s                 ; No                        ; Yes                       ;
; display_extra_uni[3] ; 2.5 V        ; 0 s                 ; 0 s                 ; 2.62 V                       ; 2.78e-08 V                   ; 2.71 V              ; -0.0349 V           ; 0.253 V                              ; 0.069 V                              ; 4.96e-10 s                  ; 5.19e-10 s                  ; No                         ; Yes                        ; 2.62 V                      ; 2.78e-08 V                  ; 2.71 V             ; -0.0349 V          ; 0.253 V                             ; 0.069 V                             ; 4.96e-10 s                 ; 5.19e-10 s                 ; No                        ; Yes                       ;
; display_extra_uni[4] ; 2.5 V        ; 0 s                 ; 0 s                 ; 2.62 V                       ; 2.78e-08 V                   ; 2.71 V              ; -0.0349 V           ; 0.253 V                              ; 0.069 V                              ; 4.96e-10 s                  ; 5.19e-10 s                  ; No                         ; Yes                        ; 2.62 V                      ; 2.78e-08 V                  ; 2.71 V             ; -0.0349 V          ; 0.253 V                             ; 0.069 V                             ; 4.96e-10 s                 ; 5.19e-10 s                 ; No                        ; Yes                       ;
; display_extra_uni[5] ; 2.5 V        ; 0 s                 ; 0 s                 ; 2.62 V                       ; 2.78e-08 V                   ; 2.71 V              ; -0.0349 V           ; 0.253 V                              ; 0.069 V                              ; 4.96e-10 s                  ; 5.19e-10 s                  ; No                         ; Yes                        ; 2.62 V                      ; 2.78e-08 V                  ; 2.71 V             ; -0.0349 V          ; 0.253 V                             ; 0.069 V                             ; 4.96e-10 s                 ; 5.19e-10 s                 ; No                        ; Yes                       ;
; display_extra_uni[6] ; 2.5 V        ; 0 s                 ; 0 s                 ; 2.62 V                       ; 2.78e-08 V                   ; 2.71 V              ; -0.0349 V           ; 0.253 V                              ; 0.069 V                              ; 4.96e-10 s                  ; 5.19e-10 s                  ; No                         ; Yes                        ; 2.62 V                      ; 2.78e-08 V                  ; 2.71 V             ; -0.0349 V          ; 0.253 V                             ; 0.069 V                             ; 4.96e-10 s                 ; 5.19e-10 s                 ; No                        ; Yes                       ;
; ~ALTERA_DCLK~        ; 2.5 V        ; 0 s                 ; 0 s                 ; 2.62 V                       ; 2.22e-08 V                   ; 2.72 V              ; -0.0747 V           ; 0.28 V                               ; 0.169 V                              ; 3.1e-10 s                   ; 3.01e-10 s                  ; No                         ; Yes                        ; 2.62 V                      ; 2.22e-08 V                  ; 2.72 V             ; -0.0747 V          ; 0.28 V                              ; 0.169 V                             ; 3.1e-10 s                  ; 3.01e-10 s                 ; No                        ; Yes                       ;
; ~ALTERA_nCEO~        ; 2.5 V        ; 0 s                 ; 0 s                 ; 2.62 V                       ; 3.53e-08 V                   ; 2.7 V               ; -0.0212 V           ; 0.204 V                              ; 0.049 V                              ; 4.85e-10 s                  ; 6.73e-10 s                  ; No                         ; Yes                        ; 2.62 V                      ; 3.53e-08 V                  ; 2.7 V              ; -0.0212 V          ; 0.204 V                             ; 0.049 V                             ; 4.85e-10 s                 ; 6.73e-10 s                 ; No                        ; Yes                       ;
+----------------------+--------------+---------------------+---------------------+------------------------------+------------------------------+---------------------+---------------------+--------------------------------------+--------------------------------------+-----------------------------+-----------------------------+----------------------------+----------------------------+-----------------------------+-----------------------------+--------------------+--------------------+-------------------------------------+-------------------------------------+----------------------------+----------------------------+---------------------------+---------------------------+


+-----------------------------------------------------------------------+
; Setup Transfers                                                       ;
+-------------+-------------+----------+----------+----------+----------+
; From Clock  ; To Clock    ; RR Paths ; FR Paths ; RF Paths ; FF Paths ;
+-------------+-------------+----------+----------+----------+----------+
; clk_1hz_int ; clk_1hz_int ; 229      ; 0        ; 0        ; 0        ;
; clk_1hz_int ; clk_50mhz   ; 1        ; 1        ; 0        ; 0        ;
; clk_50mhz   ; clk_50mhz   ; 675      ; 0        ; 0        ; 0        ;
+-------------+-------------+----------+----------+----------+----------+
Entries labeled "false path" only account for clock-to-clock false paths and not path-based false paths. As a result, actual path counts may be lower than reported.


+-----------------------------------------------------------------------+
; Hold Transfers                                                        ;
+-------------+-------------+----------+----------+----------+----------+
; From Clock  ; To Clock    ; RR Paths ; FR Paths ; RF Paths ; FF Paths ;
+-------------+-------------+----------+----------+----------+----------+
; clk_1hz_int ; clk_1hz_int ; 229      ; 0        ; 0        ; 0        ;
; clk_1hz_int ; clk_50mhz   ; 1        ; 1        ; 0        ; 0        ;
; clk_50mhz   ; clk_50mhz   ; 675      ; 0        ; 0        ; 0        ;
+-------------+-------------+----------+----------+----------+----------+
Entries labeled "false path" only account for clock-to-clock false paths and not path-based false paths. As a result, actual path counts may be lower than reported.


---------------
; Report TCCS ;
---------------
No dedicated SERDES Transmitter circuitry present in device or used in design


---------------
; Report RSKM ;
---------------
No dedicated SERDES Receiver circuitry present in device or used in design


+------------------------------------------------+
; Unconstrained Paths                            ;
+---------------------------------+-------+------+
; Property                        ; Setup ; Hold ;
+---------------------------------+-------+------+
; Illegal Clocks                  ; 0     ; 0    ;
; Unconstrained Clocks            ; 0     ; 0    ;
; Unconstrained Input Ports       ; 2     ; 2    ;
; Unconstrained Input Port Paths  ; 41    ; 41   ;
; Unconstrained Output Ports      ; 30    ; 30   ;
; Unconstrained Output Port Paths ; 102   ; 102  ;
+---------------------------------+-------+------+


+------------------------------------+
; TimeQuest Timing Analyzer Messages ;
+------------------------------------+
Info: *******************************************************************
Info: Running Quartus II 64-Bit TimeQuest Timing Analyzer
    Info: Version 13.0.0 Build 156 04/24/2013 SJ Web Edition
    Info: Processing started: Tue Sep 22 07:34:36 2026
Info: Command: quartus_sta temporizador -c temporizador
Info: qsta_default_script.tcl version: #1
Warning (20028): Parallel compilation is not licensed and has been disabled
Info (21077): Low junction temperature is 0 degrees C
Info (21077): High junction temperature is 85 degrees C
Critical Warning (332012): Synopsys Design Constraints File file not found: 'temporizador.sdc'. A Synopsys Design Constraints File is required by the TimeQuest Timing Analyzer to get proper timing constraints. Without it, the Compiler will not properly optimize the design.
Info (332142): No user constrained base clocks found in the design. Calling "derive_clocks -period 1.0"
Info (332105): Deriving Clocks
    Info (332105): create_clock -period 1.000 -name clk_50mhz clk_50mhz
    Info (332105): create_clock -period 1.000 -name clk_1hz_int clk_1hz_int
Info (332143): No user constrained clock uncertainty found in the design. Calling "derive_clock_uncertainty"
Info (332123): Deriving Clock Uncertainty. Please refer to report_sdc in TimeQuest to see clock uncertainties.
Info: Found TIMEQUEST_REPORT_SCRIPT_INCLUDE_DEFAULT_ANALYSIS = ON
Info: Analyzing Slow 1200mV 85C Model
Critical Warning (332148): Timing requirements not met
    Info (11105): For recommendations on closing timing, run Report Timing Closure Recommendations in the TimeQuest Timing Analyzer.
Info (332146): Worst-case setup slack is -2.840
    Info (332119):     Slack End Point TNS Clock 
    Info (332119): ========= ============= =====================
    Info (332119):    -2.840       -42.001 clk_50mhz 
    Info (332119):    -1.671       -22.775 clk_1hz_int 
Info (332146): Worst-case hold slack is -0.126
    Info (332119):     Slack End Point TNS Clock 
    Info (332119): ========= ============= =====================
    Info (332119):    -0.126        -0.126 clk_50mhz 
    Info (332119):     0.343         0.000 clk_1hz_int 
Info (332140): No Recovery paths to report
Info (332140): No Removal paths to report
Info (332146): Worst-case minimum pulse width slack is -3.000
    Info (332119):     Slack End Point TNS Clock 
    Info (332119): ========= ============= =====================
    Info (332119):    -3.000       -29.000 clk_50mhz 
    Info (332119):    -1.000       -21.000 clk_1hz_int 
Info: Analyzing Slow 1200mV 0C Model
Info (334003): Started post-fitting delay annotation
Info (334004): Delay annotation completed successfully
Info (332123): Deriving Clock Uncertainty. Please refer to report_sdc in TimeQuest to see clock uncertainties.
Critical Warning (332148): Timing requirements not met
    Info (11105): For recommendations on closing timing, run Report Timing Closure Recommendations in the TimeQuest Timing Analyzer.
Info (332146): Worst-case setup slack is -2.472
    Info (332119):     Slack End Point TNS Clock 
    Info (332119): ========= ============= =====================
    Info (332119):    -2.472       -34.925 clk_50mhz 
    Info (332119):    -1.402       -18.283 clk_1hz_int 
Info (332146): Worst-case hold slack is -0.157
    Info (332119):     Slack End Point TNS Clock 
    Info (332119): ========= ============= =====================
    Info (332119):    -0.157        -0.157 clk_50mhz 
    Info (332119):     0.298         0.000 clk_1hz_int 
Info (332140): No Recovery paths to report
Info (332140): No Removal paths to report
Info (332146): Worst-case minimum pulse width slack is -3.000
    Info (332119):     Slack End Point TNS Clock 
    Info (332119): ========= ============= =====================
    Info (332119):    -3.000       -29.000 clk_50mhz 
    Info (332119):    -1.000       -21.000 clk_1hz_int 
Info: Analyzing Fast 1200mV 0C Model
Info (332123): Deriving Clock Uncertainty. Please refer to report_sdc in TimeQuest to see clock uncertainties.
Critical Warning (332148): Timing requirements not met
    Info (11105): For recommendations on closing timing, run Report Timing Closure Recommendations in the TimeQuest Timing Analyzer.
Info (332146): Worst-case setup slack is -1.142
    Info (332119):     Slack End Point TNS Clock 
    Info (332119): ========= ============= =====================
    Info (332119):    -1.142       -12.402 clk_50mhz 
    Info (332119):    -0.476        -4.463 clk_1hz_int 
Info (332146): Worst-case hold slack is -0.176
    Info (332119):     Slack End Point TNS Clock 
    Info (332119): ========= ============= =====================
    Info (332119):    -0.176        -0.176 clk_50mhz 
    Info (332119):     0.178         0.000 clk_1hz_int 
Info (332140): No Recovery paths to report
Info (332140): No Removal paths to report
Info (332146): Worst-case minimum pulse width slack is -3.000
    Info (332119):     Slack End Point TNS Clock 
    Info (332119): ========= ============= =====================
    Info (332119):    -3.000       -30.508 clk_50mhz 
    Info (332119):    -1.000       -21.000 clk_1hz_int 
Info (332102): Design is not fully constrained for setup requirements
Info (332102): Design is not fully constrained for hold requirements
Info: Quartus II 64-Bit TimeQuest Timing Analyzer was successful. 0 errors, 5 warnings
    Info: Peak virtual memory: 4587 megabytes
    Info: Processing ended: Tue Sep 22 07:34:37 2026
    Info: Elapsed time: 00:00:01
    Info: Total CPU time (on all processors): 00:00:02


