TimeQuest Timing Analyzer report for topmultiboton
Tue Sep 22 14:48:34 2026
Quartus II 64-Bit Version 13.0.0 Build 156 04/24/2013 SJ Web Edition


---------------------
; Table of Contents ;
---------------------
  1. Legal Notice
  2. TimeQuest Timing Analyzer Summary
  3. Parallel Compilation
  4. Clocks
  5. Slow 1200mV 85C Model Fmax Summary
  6. Timing Closure Recommendations
  7. Slow 1200mV 85C Model Setup Summary
  8. Slow 1200mV 85C Model Hold Summary
  9. Slow 1200mV 85C Model Recovery Summary
 10. Slow 1200mV 85C Model Removal Summary
 11. Slow 1200mV 85C Model Minimum Pulse Width Summary
 12. Slow 1200mV 85C Model Setup: 'clk'
 13. Slow 1200mV 85C Model Hold: 'clk'
 14. Slow 1200mV 85C Model Minimum Pulse Width: 'clk'
 15. Setup Times
 16. Hold Times
 17. Clock to Output Times
 18. Minimum Clock to Output Times
 19. Slow 1200mV 85C Model Metastability Report
 20. Slow 1200mV 0C Model Fmax Summary
 21. Slow 1200mV 0C Model Setup Summary
 22. Slow 1200mV 0C Model Hold Summary
 23. Slow 1200mV 0C Model Recovery Summary
 24. Slow 1200mV 0C Model Removal Summary
 25. Slow 1200mV 0C Model Minimum Pulse Width Summary
 26. Slow 1200mV 0C Model Setup: 'clk'
 27. Slow 1200mV 0C Model Hold: 'clk'
 28. Slow 1200mV 0C Model Minimum Pulse Width: 'clk'
 29. Setup Times
 30. Hold Times
 31. Clock to Output Times
 32. Minimum Clock to Output Times
 33. Slow 1200mV 0C Model Metastability Report
 34. Fast 1200mV 0C Model Setup Summary
 35. Fast 1200mV 0C Model Hold Summary
 36. Fast 1200mV 0C Model Recovery Summary
 37. Fast 1200mV 0C Model Removal Summary
 38. Fast 1200mV 0C Model Minimum Pulse Width Summary
 39. Fast 1200mV 0C Model Setup: 'clk'
 40. Fast 1200mV 0C Model Hold: 'clk'
 41. Fast 1200mV 0C Model Minimum Pulse Width: 'clk'
 42. Setup Times
 43. Hold Times
 44. Clock to Output Times
 45. Minimum Clock to Output Times
 46. Fast 1200mV 0C Model Metastability Report
 47. Multicorner Timing Analysis Summary
 48. Setup Times
 49. Hold Times
 50. Clock to Output Times
 51. Minimum Clock to Output Times
 52. Board Trace Model Assignments
 53. Input Transition Times
 54. Slow Corner Signal Integrity Metrics
 55. Fast Corner Signal Integrity Metrics
 56. Setup Transfers
 57. Hold Transfers
 58. Report TCCS
 59. Report RSKM
 60. Unconstrained Paths
 61. TimeQuest Timing Analyzer Messages



----------------
; Legal Notice ;
----------------
Copyright (C) 1991-2013 Altera Corporation
Your use of Altera Corporation's design tools, logic functions 
and other software and tools, and its AMPP partner logic 
functions, and any output files from any of the foregoing 
(including device programming or simulation files), and any 
associated documentation or information are expressly subject 
to the terms and conditions of the Altera Program License 
Subscription Agreement, Altera MegaCore Function License 
Agreement, or other applicable license agreement, including, 
without limitation, that your use is for the sole purpose of 
programming logic devices manufactured by Altera and sold by 
Altera or its authorized distributors.  Please refer to the 
applicable agreement for further details.



+-------------------------------------------------------------------------+
; TimeQuest Timing Analyzer Summary                                       ;
+--------------------+----------------------------------------------------+
; Quartus II Version ; Version 13.0.0 Build 156 04/24/2013 SJ Web Edition ;
; Revision Name      ; topmultiboton                                      ;
; Device Family      ; Cyclone III                                        ;
; Device Name        ; EP3C16F484C6                                       ;
; Timing Models      ; Final                                              ;
; Delay Model        ; Combined                                           ;
; Rise/Fall Delays   ; Enabled                                            ;
+--------------------+----------------------------------------------------+


Parallel compilation was disabled, but you have multiple processors available. Enable parallel compilation to reduce compilation time.
+-------------------------------------+
; Parallel Compilation                ;
+----------------------------+--------+
; Processors                 ; Number ;
+----------------------------+--------+
; Number detected on machine ; 12     ;
; Maximum allowed            ; 1      ;
+----------------------------+--------+


+---------------------------------------------------------------------------------------------------------------------------------------------------------------------------------+
; Clocks                                                                                                                                                                          ;
+------------+------+--------+------------+-------+-------+------------+-----------+-------------+-------+--------+-----------+------------+----------+--------+--------+---------+
; Clock Name ; Type ; Period ; Frequency  ; Rise  ; Fall  ; Duty Cycle ; Divide by ; Multiply by ; Phase ; Offset ; Edge List ; Edge Shift ; Inverted ; Master ; Source ; Targets ;
+------------+------+--------+------------+-------+-------+------------+-----------+-------------+-------+--------+-----------+------------+----------+--------+--------+---------+
; clk        ; Base ; 1.000  ; 1000.0 MHz ; 0.000 ; 0.500 ;            ;           ;             ;       ;        ;           ;            ;          ;        ;        ; { clk } ;
+------------+------+--------+------------+-------+-------+------------+-----------+-------------+-------+--------+-----------+------------+----------+--------+--------+---------+


+-----------------------------------------------------------------------------------------------------------+
; Slow 1200mV 85C Model Fmax Summary                                                                        ;
+------------+-----------------+------------+---------------------------------------------------------------+
; Fmax       ; Restricted Fmax ; Clock Name ; Note                                                          ;
+------------+-----------------+------------+---------------------------------------------------------------+
; 321.96 MHz ; 250.0 MHz       ; clk        ; limit due to minimum period restriction (max I/O toggle rate) ;
+------------+-----------------+------------+---------------------------------------------------------------+
This panel reports FMAX for every clock in the design, regardless of the user-specified clock periods.  FMAX is only computed for paths where the source and destination registers or ports are driven by the same clock.  Paths of different clocks, including generated clocks, are ignored.  For paths between a clock and its inversion, FMAX is computed as if the rising and falling edges are scaled along with FMAX, such that the duty cycle (in terms of a percentage) is maintained. Altera recommends that you always use clock constraints and other slack reports for sign-off analysis.


----------------------------------
; Timing Closure Recommendations ;
----------------------------------
HTML report is unavailable in plain text report export.


+-------------------------------------+
; Slow 1200mV 85C Model Setup Summary ;
+-------+--------+--------------------+
; Clock ; Slack  ; End Point TNS      ;
+-------+--------+--------------------+
; clk   ; -2.106 ; -57.552            ;
+-------+--------+--------------------+


+------------------------------------+
; Slow 1200mV 85C Model Hold Summary ;
+-------+-------+--------------------+
; Clock ; Slack ; End Point TNS      ;
+-------+-------+--------------------+
; clk   ; 0.358 ; 0.000              ;
+-------+-------+--------------------+


------------------------------------------
; Slow 1200mV 85C Model Recovery Summary ;
------------------------------------------
No paths to report.


-----------------------------------------
; Slow 1200mV 85C Model Removal Summary ;
-----------------------------------------
No paths to report.


+---------------------------------------------------+
; Slow 1200mV 85C Model Minimum Pulse Width Summary ;
+-------+--------+----------------------------------+
; Clock ; Slack  ; End Point TNS                    ;
+-------+--------+----------------------------------+
; clk   ; -3.000 ; -43.000                          ;
+-------+--------+----------------------------------+


+---------------------------------------------------------------------------------------------------------------------------------+
; Slow 1200mV 85C Model Setup: 'clk'                                                                                              ;
+--------+------------------------+-------------------------+--------------+-------------+--------------+------------+------------+
; Slack  ; From Node              ; To Node                 ; Launch Clock ; Latch Clock ; Relationship ; Clock Skew ; Data Delay ;
+--------+------------------------+-------------------------+--------------+-------------+--------------+------------+------------+
; -2.106 ; cont_clk[12]           ; cont_clk[7]             ; clk          ; clk         ; 1.000        ; -0.061     ; 3.040      ;
; -2.104 ; cont_clk[12]           ; cont_clk[12]            ; clk          ; clk         ; 1.000        ; -0.061     ; 3.038      ;
; -2.096 ; cont_clk[10]           ; cont_clk[12]            ; clk          ; clk         ; 1.000        ; -0.061     ; 3.030      ;
; -2.096 ; cont_clk[10]           ; cont_clk[7]             ; clk          ; clk         ; 1.000        ; -0.061     ; 3.030      ;
; -2.031 ; cont_clk[9]            ; cont_clk[12]            ; clk          ; clk         ; 1.000        ; -0.061     ; 2.965      ;
; -2.031 ; cont_clk[9]            ; cont_clk[7]             ; clk          ; clk         ; 1.000        ; -0.061     ; 2.965      ;
; -2.022 ; cont_clk[1]            ; cont_clk[7]             ; clk          ; clk         ; 1.000        ; -0.061     ; 2.956      ;
; -2.020 ; cont_clk[1]            ; cont_clk[12]            ; clk          ; clk         ; 1.000        ; -0.061     ; 2.954      ;
; -2.003 ; cont_clk[15]           ; cont_clk[7]             ; clk          ; clk         ; 1.000        ; -0.425     ; 2.573      ;
; -2.001 ; cont_clk[15]           ; cont_clk[12]            ; clk          ; clk         ; 1.000        ; -0.425     ; 2.571      ;
; -1.989 ; cont_clk[14]           ; cont_clk[7]             ; clk          ; clk         ; 1.000        ; -0.425     ; 2.559      ;
; -1.987 ; cont_clk[14]           ; cont_clk[12]            ; clk          ; clk         ; 1.000        ; -0.425     ; 2.557      ;
; -1.973 ; cont_clk[0]            ; cont_clk[25]            ; clk          ; clk         ; 1.000        ; 0.289      ; 3.257      ;
; -1.971 ; cont_clk[1]            ; cont_clk[25]            ; clk          ; clk         ; 1.000        ; 0.289      ; 3.255      ;
; -1.968 ; cont_clk[0]            ; cont_clk[23]            ; clk          ; clk         ; 1.000        ; 0.289      ; 3.252      ;
; -1.968 ; cont_clk[1]            ; cont_clk[23]            ; clk          ; clk         ; 1.000        ; 0.289      ; 3.252      ;
; -1.925 ; control2:CEREBRO|su[2] ; control2:CEREBRO|sd[0]  ; clk          ; clk         ; 1.000        ; -0.061     ; 2.859      ;
; -1.925 ; control2:CEREBRO|su[2] ; control2:CEREBRO|sd[1]  ; clk          ; clk         ; 1.000        ; -0.061     ; 2.859      ;
; -1.925 ; control2:CEREBRO|su[2] ; control2:CEREBRO|sd[2]  ; clk          ; clk         ; 1.000        ; -0.061     ; 2.859      ;
; -1.925 ; control2:CEREBRO|su[2] ; control2:CEREBRO|sd[3]  ; clk          ; clk         ; 1.000        ; -0.061     ; 2.859      ;
; -1.911 ; cont_clk[8]            ; cont_clk[12]            ; clk          ; clk         ; 1.000        ; -0.061     ; 2.845      ;
; -1.911 ; cont_clk[8]            ; cont_clk[7]             ; clk          ; clk         ; 1.000        ; -0.061     ; 2.845      ;
; -1.901 ; cont_clk[7]            ; cont_clk[12]            ; clk          ; clk         ; 1.000        ; -0.061     ; 2.835      ;
; -1.901 ; cont_clk[7]            ; cont_clk[7]             ; clk          ; clk         ; 1.000        ; -0.061     ; 2.835      ;
; -1.889 ; cont_clk[2]            ; cont_clk[7]             ; clk          ; clk         ; 1.000        ; -0.061     ; 2.823      ;
; -1.887 ; cont_clk[2]            ; cont_clk[12]            ; clk          ; clk         ; 1.000        ; -0.061     ; 2.821      ;
; -1.869 ; cont_clk[12]           ; cont_clk[17]            ; clk          ; clk         ; 1.000        ; -0.061     ; 2.803      ;
; -1.858 ; cont_clk[5]            ; cont_clk[7]             ; clk          ; clk         ; 1.000        ; -0.061     ; 2.792      ;
; -1.858 ; cont_clk[2]            ; cont_clk[25]            ; clk          ; clk         ; 1.000        ; 0.289      ; 3.142      ;
; -1.856 ; cont_clk[5]            ; cont_clk[12]            ; clk          ; clk         ; 1.000        ; -0.061     ; 2.790      ;
; -1.854 ; cont_clk[13]           ; cont_clk[7]             ; clk          ; clk         ; 1.000        ; -0.425     ; 2.424      ;
; -1.853 ; cont_clk[3]            ; cont_clk[25]            ; clk          ; clk         ; 1.000        ; 0.289      ; 3.137      ;
; -1.853 ; cont_clk[2]            ; cont_clk[23]            ; clk          ; clk         ; 1.000        ; 0.289      ; 3.137      ;
; -1.852 ; cont_clk[13]           ; cont_clk[12]            ; clk          ; clk         ; 1.000        ; -0.425     ; 2.422      ;
; -1.850 ; cont_clk[3]            ; cont_clk[23]            ; clk          ; clk         ; 1.000        ; 0.289      ; 3.134      ;
; -1.849 ; cont_clk[10]           ; cont_clk[17]            ; clk          ; clk         ; 1.000        ; -0.061     ; 2.783      ;
; -1.837 ; cont_clk[0]            ; cont_clk[17]            ; clk          ; clk         ; 1.000        ; -0.061     ; 2.771      ;
; -1.837 ; cont_clk[1]            ; cont_clk[17]            ; clk          ; clk         ; 1.000        ; -0.061     ; 2.771      ;
; -1.818 ; cont_clk[3]            ; cont_clk[7]             ; clk          ; clk         ; 1.000        ; -0.061     ; 2.752      ;
; -1.816 ; cont_clk[3]            ; cont_clk[12]            ; clk          ; clk         ; 1.000        ; -0.061     ; 2.750      ;
; -1.793 ; cont_clk[4]            ; cont_clk[7]             ; clk          ; clk         ; 1.000        ; -0.061     ; 2.727      ;
; -1.791 ; cont_clk[4]            ; cont_clk[12]            ; clk          ; clk         ; 1.000        ; -0.061     ; 2.725      ;
; -1.791 ; cont_clk[9]            ; cont_clk[17]            ; clk          ; clk         ; 1.000        ; -0.061     ; 2.725      ;
; -1.788 ; cont_clk[13]           ; cont_clk[25]            ; clk          ; clk         ; 1.000        ; -0.075     ; 2.708      ;
; -1.785 ; cont_clk[13]           ; cont_clk[23]            ; clk          ; clk         ; 1.000        ; -0.075     ; 2.705      ;
; -1.784 ; control2:CEREBRO|su[0] ; control2:CEREBRO|sd[0]  ; clk          ; clk         ; 1.000        ; -0.061     ; 2.718      ;
; -1.784 ; control2:CEREBRO|su[0] ; control2:CEREBRO|sd[1]  ; clk          ; clk         ; 1.000        ; -0.061     ; 2.718      ;
; -1.784 ; control2:CEREBRO|su[0] ; control2:CEREBRO|sd[2]  ; clk          ; clk         ; 1.000        ; -0.061     ; 2.718      ;
; -1.784 ; control2:CEREBRO|su[0] ; control2:CEREBRO|sd[3]  ; clk          ; clk         ; 1.000        ; -0.061     ; 2.718      ;
; -1.781 ; cont_clk[12]           ; en_1hz_int              ; clk          ; clk         ; 1.000        ; -0.060     ; 2.716      ;
; -1.781 ; cont_clk[11]           ; cont_clk[12]            ; clk          ; clk         ; 1.000        ; -0.061     ; 2.715      ;
; -1.781 ; cont_clk[11]           ; cont_clk[7]             ; clk          ; clk         ; 1.000        ; -0.061     ; 2.715      ;
; -1.766 ; cont_clk[0]            ; cont_clk[19]            ; clk          ; clk         ; 1.000        ; 0.289      ; 3.050      ;
; -1.766 ; cont_clk[12]           ; cont_clk[22]            ; clk          ; clk         ; 1.000        ; 0.288      ; 3.049      ;
; -1.766 ; en_1hz_int             ; control2:CEREBRO|su[0]  ; clk          ; clk         ; 1.000        ; -0.059     ; 2.702      ;
; -1.766 ; en_1hz_int             ; control2:CEREBRO|su[1]  ; clk          ; clk         ; 1.000        ; -0.059     ; 2.702      ;
; -1.766 ; en_1hz_int             ; control2:CEREBRO|su[2]  ; clk          ; clk         ; 1.000        ; -0.059     ; 2.702      ;
; -1.766 ; en_1hz_int             ; control2:CEREBRO|su[3]  ; clk          ; clk         ; 1.000        ; -0.059     ; 2.702      ;
; -1.766 ; cont_clk[15]           ; cont_clk[17]            ; clk          ; clk         ; 1.000        ; -0.425     ; 2.336      ;
; -1.766 ; cont_clk[1]            ; cont_clk[19]            ; clk          ; clk         ; 1.000        ; 0.289      ; 3.050      ;
; -1.752 ; cont_clk[14]           ; cont_clk[17]            ; clk          ; clk         ; 1.000        ; -0.425     ; 2.322      ;
; -1.746 ; cont_clk[4]            ; cont_clk[25]            ; clk          ; clk         ; 1.000        ; 0.289      ; 3.030      ;
; -1.741 ; cont_clk[4]            ; cont_clk[23]            ; clk          ; clk         ; 1.000        ; 0.289      ; 3.025      ;
; -1.739 ; cont_clk[10]           ; cont_clk[22]            ; clk          ; clk         ; 1.000        ; 0.288      ; 3.022      ;
; -1.737 ; control2:CEREBRO|su[2] ; control2:CEREBRO|min[1] ; clk          ; clk         ; 1.000        ; -0.058     ; 2.674      ;
; -1.737 ; control2:CEREBRO|su[2] ; control2:CEREBRO|min[2] ; clk          ; clk         ; 1.000        ; -0.058     ; 2.674      ;
; -1.736 ; control2:CEREBRO|su[2] ; control2:CEREBRO|min[3] ; clk          ; clk         ; 1.000        ; -0.058     ; 2.673      ;
; -1.736 ; control2:CEREBRO|su[2] ; control2:CEREBRO|min[0] ; clk          ; clk         ; 1.000        ; -0.058     ; 2.673      ;
; -1.735 ; cont_clk[10]           ; en_1hz_int              ; clk          ; clk         ; 1.000        ; -0.060     ; 2.670      ;
; -1.732 ; cont_clk[5]            ; cont_clk[25]            ; clk          ; clk         ; 1.000        ; 0.289      ; 3.016      ;
; -1.729 ; cont_clk[5]            ; cont_clk[23]            ; clk          ; clk         ; 1.000        ; 0.289      ; 3.013      ;
; -1.725 ; cont_clk[1]            ; cont_clk[20]            ; clk          ; clk         ; 1.000        ; 0.288      ; 3.008      ;
; -1.722 ; cont_clk[2]            ; cont_clk[17]            ; clk          ; clk         ; 1.000        ; -0.061     ; 2.656      ;
; -1.719 ; cont_clk[3]            ; cont_clk[17]            ; clk          ; clk         ; 1.000        ; -0.061     ; 2.653      ;
; -1.717 ; cont_clk[0]            ; cont_clk[21]            ; clk          ; clk         ; 1.000        ; 0.289      ; 3.001      ;
; -1.713 ; cont_clk[1]            ; cont_clk[21]            ; clk          ; clk         ; 1.000        ; 0.289      ; 2.997      ;
; -1.708 ; control2:CEREBRO|su[1] ; control2:CEREBRO|sd[0]  ; clk          ; clk         ; 1.000        ; -0.061     ; 2.642      ;
; -1.708 ; control2:CEREBRO|su[1] ; control2:CEREBRO|sd[1]  ; clk          ; clk         ; 1.000        ; -0.061     ; 2.642      ;
; -1.708 ; control2:CEREBRO|su[1] ; control2:CEREBRO|sd[2]  ; clk          ; clk         ; 1.000        ; -0.061     ; 2.642      ;
; -1.708 ; control2:CEREBRO|su[1] ; control2:CEREBRO|sd[3]  ; clk          ; clk         ; 1.000        ; -0.061     ; 2.642      ;
; -1.705 ; cont_clk[22]           ; cont_clk[7]             ; clk          ; clk         ; 1.000        ; -0.425     ; 2.275      ;
; -1.703 ; cont_clk[22]           ; cont_clk[12]            ; clk          ; clk         ; 1.000        ; -0.425     ; 2.273      ;
; -1.703 ; cont_clk[9]            ; en_1hz_int              ; clk          ; clk         ; 1.000        ; -0.060     ; 2.638      ;
; -1.702 ; cont_clk[1]            ; cont_clk[22]            ; clk          ; clk         ; 1.000        ; 0.288      ; 2.985      ;
; -1.697 ; cont_clk[1]            ; en_1hz_int              ; clk          ; clk         ; 1.000        ; -0.060     ; 2.632      ;
; -1.688 ; cont_clk[9]            ; cont_clk[22]            ; clk          ; clk         ; 1.000        ; 0.288      ; 2.971      ;
; -1.687 ; cont_clk[12]           ; cont_clk[25]            ; clk          ; clk         ; 1.000        ; 0.289      ; 2.971      ;
; -1.686 ; cont_clk[12]           ; cont_clk[14]            ; clk          ; clk         ; 1.000        ; 0.289      ; 2.970      ;
; -1.682 ; cont_clk[12]           ; cont_clk[15]            ; clk          ; clk         ; 1.000        ; 0.289      ; 2.966      ;
; -1.682 ; cont_clk[12]           ; cont_clk[21]            ; clk          ; clk         ; 1.000        ; 0.289      ; 2.966      ;
; -1.678 ; cont_clk[15]           ; en_1hz_int              ; clk          ; clk         ; 1.000        ; -0.424     ; 2.249      ;
; -1.675 ; cont_clk[14]           ; cont_clk[25]            ; clk          ; clk         ; 1.000        ; -0.075     ; 2.595      ;
; -1.670 ; cont_clk[14]           ; cont_clk[23]            ; clk          ; clk         ; 1.000        ; -0.075     ; 2.590      ;
; -1.664 ; cont_clk[8]            ; cont_clk[17]            ; clk          ; clk         ; 1.000        ; -0.061     ; 2.598      ;
; -1.664 ; cont_clk[14]           ; en_1hz_int              ; clk          ; clk         ; 1.000        ; -0.424     ; 2.235      ;
; -1.663 ; cont_clk[15]           ; cont_clk[22]            ; clk          ; clk         ; 1.000        ; -0.076     ; 2.582      ;
; -1.658 ; cont_clk[19]           ; cont_clk[7]             ; clk          ; clk         ; 1.000        ; -0.425     ; 2.228      ;
; -1.656 ; cont_clk[19]           ; cont_clk[12]            ; clk          ; clk         ; 1.000        ; -0.425     ; 2.226      ;
; -1.654 ; cont_clk[13]           ; cont_clk[17]            ; clk          ; clk         ; 1.000        ; -0.425     ; 2.224      ;
; -1.654 ; cont_clk[7]            ; cont_clk[17]            ; clk          ; clk         ; 1.000        ; -0.061     ; 2.588      ;
+--------+------------------------+-------------------------+--------------+-------------+--------------+------------+------------+


+---------------------------------------------------------------------------------------------------------------------------------------+
; Slow 1200mV 85C Model Hold: 'clk'                                                                                                     ;
+-------+----------------------------+----------------------------+--------------+-------------+--------------+------------+------------+
; Slack ; From Node                  ; To Node                    ; Launch Clock ; Latch Clock ; Relationship ; Clock Skew ; Data Delay ;
+-------+----------------------------+----------------------------+--------------+-------------+--------------+------------+------------+
; 0.358 ; control2:CEREBRO|min[1]    ; control2:CEREBRO|min[1]    ; clk          ; clk         ; 0.000        ; 0.062      ; 0.577      ;
; 0.358 ; control2:CEREBRO|min[2]    ; control2:CEREBRO|min[2]    ; clk          ; clk         ; 0.000        ; 0.062      ; 0.577      ;
; 0.358 ; control2:CEREBRO|min[3]    ; control2:CEREBRO|min[3]    ; clk          ; clk         ; 0.000        ; 0.062      ; 0.577      ;
; 0.358 ; control2:CEREBRO|min[0]    ; control2:CEREBRO|min[0]    ; clk          ; clk         ; 0.000        ; 0.062      ; 0.577      ;
; 0.359 ; control2:CEREBRO|corriendo ; control2:CEREBRO|corriendo ; clk          ; clk         ; 0.000        ; 0.061      ; 0.577      ;
; 0.359 ; control2:CEREBRO|su[1]     ; control2:CEREBRO|su[1]     ; clk          ; clk         ; 0.000        ; 0.061      ; 0.577      ;
; 0.359 ; control2:CEREBRO|sd[1]     ; control2:CEREBRO|sd[1]     ; clk          ; clk         ; 0.000        ; 0.061      ; 0.577      ;
; 0.362 ; control2:CEREBRO|su[0]     ; control2:CEREBRO|su[0]     ; clk          ; clk         ; 0.000        ; 0.061      ; 0.580      ;
; 0.362 ; control2:CEREBRO|sd[0]     ; control2:CEREBRO|sd[0]     ; clk          ; clk         ; 0.000        ; 0.061      ; 0.580      ;
; 0.427 ; control2:CEREBRO|sd[0]     ; control2:CEREBRO|sd[1]     ; clk          ; clk         ; 0.000        ; 0.061      ; 0.645      ;
; 0.436 ; control2:CEREBRO|su[0]     ; control2:CEREBRO|su[1]     ; clk          ; clk         ; 0.000        ; 0.061      ; 0.654      ;
; 0.556 ; cont_clk[24]               ; cont_clk[24]               ; clk          ; clk         ; 0.000        ; 0.076      ; 0.789      ;
; 0.558 ; cont_clk[8]                ; cont_clk[8]                ; clk          ; clk         ; 0.000        ; 0.061      ; 0.776      ;
; 0.560 ; cont_clk[5]                ; cont_clk[5]                ; clk          ; clk         ; 0.000        ; 0.061      ; 0.778      ;
; 0.562 ; cont_clk[6]                ; cont_clk[6]                ; clk          ; clk         ; 0.000        ; 0.061      ; 0.780      ;
; 0.570 ; cont_clk[3]                ; cont_clk[3]                ; clk          ; clk         ; 0.000        ; 0.061      ; 0.788      ;
; 0.570 ; cont_clk[10]               ; cont_clk[10]               ; clk          ; clk         ; 0.000        ; 0.061      ; 0.788      ;
; 0.570 ; cont_clk[16]               ; cont_clk[16]               ; clk          ; clk         ; 0.000        ; 0.061      ; 0.788      ;
; 0.571 ; cont_clk[2]                ; cont_clk[2]                ; clk          ; clk         ; 0.000        ; 0.061      ; 0.789      ;
; 0.571 ; cont_clk[9]                ; cont_clk[9]                ; clk          ; clk         ; 0.000        ; 0.061      ; 0.789      ;
; 0.571 ; cont_clk[11]               ; cont_clk[11]               ; clk          ; clk         ; 0.000        ; 0.061      ; 0.789      ;
; 0.571 ; cont_clk[18]               ; cont_clk[18]               ; clk          ; clk         ; 0.000        ; 0.061      ; 0.789      ;
; 0.572 ; cont_clk[1]                ; cont_clk[1]                ; clk          ; clk         ; 0.000        ; 0.061      ; 0.790      ;
; 0.574 ; cont_clk[4]                ; cont_clk[4]                ; clk          ; clk         ; 0.000        ; 0.061      ; 0.792      ;
; 0.588 ; cont_clk[0]                ; cont_clk[0]                ; clk          ; clk         ; 0.000        ; 0.061      ; 0.806      ;
; 0.668 ; control2:CEREBRO|min[0]    ; control2:CEREBRO|min[1]    ; clk          ; clk         ; 0.000        ; 0.062      ; 0.887      ;
; 0.721 ; cont_clk[18]               ; cont_clk[24]               ; clk          ; clk         ; 0.000        ; 0.425      ; 1.303      ;
; 0.768 ; control2:CEREBRO|sd[0]     ; control2:CEREBRO|sd[3]     ; clk          ; clk         ; 0.000        ; 0.061      ; 0.986      ;
; 0.770 ; control2:CEREBRO|sd[0]     ; control2:CEREBRO|sd[2]     ; clk          ; clk         ; 0.000        ; 0.061      ; 0.988      ;
; 0.818 ; cont_clk[17]               ; cont_clk[24]               ; clk          ; clk         ; 0.000        ; 0.425      ; 1.400      ;
; 0.832 ; cont_clk[16]               ; cont_clk[24]               ; clk          ; clk         ; 0.000        ; 0.425      ; 1.414      ;
; 0.834 ; cont_clk[5]                ; cont_clk[6]                ; clk          ; clk         ; 0.000        ; 0.061      ; 1.052      ;
; 0.845 ; cont_clk[9]                ; cont_clk[10]               ; clk          ; clk         ; 0.000        ; 0.061      ; 1.063      ;
; 0.845 ; cont_clk[3]                ; cont_clk[4]                ; clk          ; clk         ; 0.000        ; 0.061      ; 1.063      ;
; 0.846 ; cont_clk[1]                ; cont_clk[2]                ; clk          ; clk         ; 0.000        ; 0.061      ; 1.064      ;
; 0.846 ; cont_clk[17]               ; cont_clk[18]               ; clk          ; clk         ; 0.000        ; 0.061      ; 1.064      ;
; 0.846 ; cont_clk[8]                ; cont_clk[9]                ; clk          ; clk         ; 0.000        ; 0.061      ; 1.064      ;
; 0.846 ; cont_clk[22]               ; cont_clk[24]               ; clk          ; clk         ; 0.000        ; 0.076      ; 1.079      ;
; 0.848 ; cont_clk[22]               ; cont_clk[22]               ; clk          ; clk         ; 0.000        ; 0.076      ; 1.081      ;
; 0.848 ; cont_clk[7]                ; cont_clk[8]                ; clk          ; clk         ; 0.000        ; 0.061      ; 1.066      ;
; 0.848 ; cont_clk[8]                ; cont_clk[10]               ; clk          ; clk         ; 0.000        ; 0.061      ; 1.066      ;
; 0.851 ; cont_clk[6]                ; cont_clk[8]                ; clk          ; clk         ; 0.000        ; 0.061      ; 1.069      ;
; 0.858 ; cont_clk[10]               ; cont_clk[11]               ; clk          ; clk         ; 0.000        ; 0.061      ; 1.076      ;
; 0.858 ; cont_clk[0]                ; cont_clk[1]                ; clk          ; clk         ; 0.000        ; 0.061      ; 1.076      ;
; 0.859 ; cont_clk[2]                ; cont_clk[3]                ; clk          ; clk         ; 0.000        ; 0.061      ; 1.077      ;
; 0.860 ; cont_clk[0]                ; cont_clk[2]                ; clk          ; clk         ; 0.000        ; 0.061      ; 1.078      ;
; 0.860 ; cont_clk[16]               ; cont_clk[18]               ; clk          ; clk         ; 0.000        ; 0.061      ; 1.078      ;
; 0.861 ; cont_clk[4]                ; cont_clk[5]                ; clk          ; clk         ; 0.000        ; 0.061      ; 1.079      ;
; 0.861 ; cont_clk[2]                ; cont_clk[4]                ; clk          ; clk         ; 0.000        ; 0.061      ; 1.079      ;
; 0.863 ; cont_clk[4]                ; cont_clk[6]                ; clk          ; clk         ; 0.000        ; 0.061      ; 1.081      ;
; 0.868 ; control2:CEREBRO|sd[3]     ; control2:CEREBRO|sd[3]     ; clk          ; clk         ; 0.000        ; 0.061      ; 1.086      ;
; 0.870 ; control2:CEREBRO|sd[3]     ; control2:CEREBRO|sd[2]     ; clk          ; clk         ; 0.000        ; 0.061      ; 1.088      ;
; 0.876 ; control2:CEREBRO|su[3]     ; control2:CEREBRO|su[2]     ; clk          ; clk         ; 0.000        ; 0.061      ; 1.094      ;
; 0.879 ; control2:CEREBRO|su[3]     ; control2:CEREBRO|su[3]     ; clk          ; clk         ; 0.000        ; 0.061      ; 1.097      ;
; 0.896 ; cont_clk[18]               ; cont_clk[20]               ; clk          ; clk         ; 0.000        ; 0.425      ; 1.478      ;
; 0.901 ; cont_clk[18]               ; cont_clk[22]               ; clk          ; clk         ; 0.000        ; 0.425      ; 1.483      ;
; 0.913 ; control2:CEREBRO|su[0]     ; control2:CEREBRO|su[2]     ; clk          ; clk         ; 0.000        ; 0.061      ; 1.131      ;
; 0.934 ; cont_clk[12]               ; cont_clk[14]               ; clk          ; clk         ; 0.000        ; 0.425      ; 1.516      ;
; 0.946 ; cont_clk[5]                ; cont_clk[8]                ; clk          ; clk         ; 0.000        ; 0.061      ; 1.164      ;
; 0.951 ; control2:CEREBRO|min[0]    ; control2:CEREBRO|min[3]    ; clk          ; clk         ; 0.000        ; 0.062      ; 1.170      ;
; 0.952 ; control2:CEREBRO|min[0]    ; control2:CEREBRO|min[2]    ; clk          ; clk         ; 0.000        ; 0.062      ; 1.171      ;
; 0.955 ; cont_clk[9]                ; cont_clk[11]               ; clk          ; clk         ; 0.000        ; 0.061      ; 1.173      ;
; 0.955 ; cont_clk[3]                ; cont_clk[5]                ; clk          ; clk         ; 0.000        ; 0.061      ; 1.173      ;
; 0.956 ; cont_clk[1]                ; cont_clk[3]                ; clk          ; clk         ; 0.000        ; 0.061      ; 1.174      ;
; 0.957 ; cont_clk[3]                ; cont_clk[6]                ; clk          ; clk         ; 0.000        ; 0.061      ; 1.175      ;
; 0.958 ; cont_clk[25]               ; cont_clk[25]               ; clk          ; clk         ; 0.000        ; 0.075      ; 1.190      ;
; 0.958 ; cont_clk[7]                ; cont_clk[9]                ; clk          ; clk         ; 0.000        ; 0.061      ; 1.176      ;
; 0.958 ; cont_clk[1]                ; cont_clk[4]                ; clk          ; clk         ; 0.000        ; 0.061      ; 1.176      ;
; 0.958 ; cont_clk[8]                ; cont_clk[11]               ; clk          ; clk         ; 0.000        ; 0.061      ; 1.176      ;
; 0.959 ; cont_clk[23]               ; cont_clk[24]               ; clk          ; clk         ; 0.000        ; 0.075      ; 1.191      ;
; 0.959 ; cont_clk[20]               ; cont_clk[20]               ; clk          ; clk         ; 0.000        ; 0.076      ; 1.192      ;
; 0.960 ; cont_clk[7]                ; cont_clk[10]               ; clk          ; clk         ; 0.000        ; 0.061      ; 1.178      ;
; 0.961 ; cont_clk[20]               ; cont_clk[24]               ; clk          ; clk         ; 0.000        ; 0.076      ; 1.194      ;
; 0.961 ; cont_clk[6]                ; cont_clk[9]                ; clk          ; clk         ; 0.000        ; 0.061      ; 1.179      ;
; 0.963 ; cont_clk[6]                ; cont_clk[10]               ; clk          ; clk         ; 0.000        ; 0.061      ; 1.181      ;
; 0.965 ; control2:CEREBRO|sd[2]     ; control2:CEREBRO|sd[3]     ; clk          ; clk         ; 0.000        ; 0.061      ; 1.183      ;
; 0.967 ; control2:CEREBRO|sd[2]     ; control2:CEREBRO|sd[2]     ; clk          ; clk         ; 0.000        ; 0.061      ; 1.185      ;
; 0.970 ; cont_clk[0]                ; cont_clk[3]                ; clk          ; clk         ; 0.000        ; 0.061      ; 1.188      ;
; 0.971 ; cont_clk[17]               ; cont_clk[17]               ; clk          ; clk         ; 0.000        ; 0.061      ; 1.189      ;
; 0.971 ; cont_clk[2]                ; cont_clk[5]                ; clk          ; clk         ; 0.000        ; 0.061      ; 1.189      ;
; 0.972 ; cont_clk[0]                ; cont_clk[4]                ; clk          ; clk         ; 0.000        ; 0.061      ; 1.190      ;
; 0.973 ; cont_clk[2]                ; cont_clk[6]                ; clk          ; clk         ; 0.000        ; 0.061      ; 1.191      ;
; 0.975 ; cont_clk[12]               ; cont_clk[12]               ; clk          ; clk         ; 0.000        ; 0.061      ; 1.193      ;
; 0.975 ; cont_clk[4]                ; cont_clk[8]                ; clk          ; clk         ; 0.000        ; 0.061      ; 1.193      ;
; 0.977 ; cont_clk[12]               ; cont_clk[16]               ; clk          ; clk         ; 0.000        ; 0.061      ; 1.195      ;
; 0.978 ; control2:CEREBRO|su[3]     ; control2:CEREBRO|su[1]     ; clk          ; clk         ; 0.000        ; 0.061      ; 1.196      ;
; 0.981 ; control2:CEREBRO|su[1]     ; control2:CEREBRO|su[2]     ; clk          ; clk         ; 0.000        ; 0.061      ; 1.199      ;
; 0.993 ; cont_clk[17]               ; cont_clk[20]               ; clk          ; clk         ; 0.000        ; 0.425      ; 1.575      ;
; 0.998 ; cont_clk[17]               ; cont_clk[22]               ; clk          ; clk         ; 0.000        ; 0.425      ; 1.580      ;
; 1.007 ; cont_clk[16]               ; cont_clk[20]               ; clk          ; clk         ; 0.000        ; 0.425      ; 1.589      ;
; 1.012 ; cont_clk[16]               ; cont_clk[22]               ; clk          ; clk         ; 0.000        ; 0.425      ; 1.594      ;
; 1.015 ; control2:CEREBRO|sd[1]     ; control2:CEREBRO|sd[3]     ; clk          ; clk         ; 0.000        ; 0.061      ; 1.233      ;
; 1.017 ; control2:CEREBRO|sd[1]     ; control2:CEREBRO|sd[2]     ; clk          ; clk         ; 0.000        ; 0.061      ; 1.235      ;
; 1.020 ; control2:CEREBRO|su[1]     ; control2:CEREBRO|su[3]     ; clk          ; clk         ; 0.000        ; 0.061      ; 1.238      ;
; 1.026 ; cont_clk[11]               ; cont_clk[14]               ; clk          ; clk         ; 0.000        ; 0.425      ; 1.608      ;
; 1.031 ; cont_clk[18]               ; cont_clk[21]               ; clk          ; clk         ; 0.000        ; 0.425      ; 1.613      ;
; 1.041 ; cont_clk[10]               ; cont_clk[14]               ; clk          ; clk         ; 0.000        ; 0.425      ; 1.623      ;
; 1.054 ; control2:CEREBRO|min[1]    ; control2:CEREBRO|min[2]    ; clk          ; clk         ; 0.000        ; 0.062      ; 1.273      ;
; 1.056 ; cont_clk[5]                ; cont_clk[9]                ; clk          ; clk         ; 0.000        ; 0.061      ; 1.274      ;
; 1.058 ; cont_clk[5]                ; cont_clk[10]               ; clk          ; clk         ; 0.000        ; 0.061      ; 1.276      ;
+-------+----------------------------+----------------------------+--------------+-------------+--------------+------------+------------+


+------------------------------------------------------------------------------------------------------------+
; Slow 1200mV 85C Model Minimum Pulse Width: 'clk'                                                           ;
+--------+--------------+----------------+-----------------+-------+------------+----------------------------+
; Slack  ; Actual Width ; Required Width ; Type            ; Clock ; Clock Edge ; Target                     ;
+--------+--------------+----------------+-----------------+-------+------------+----------------------------+
; -3.000 ; 1.000        ; 4.000          ; Port Rate       ; clk   ; Rise       ; clk                        ;
; -1.000 ; 1.000        ; 2.000          ; Min Period      ; clk   ; Rise       ; cont_clk[0]                ;
; -1.000 ; 1.000        ; 2.000          ; Min Period      ; clk   ; Rise       ; cont_clk[10]               ;
; -1.000 ; 1.000        ; 2.000          ; Min Period      ; clk   ; Rise       ; cont_clk[11]               ;
; -1.000 ; 1.000        ; 2.000          ; Min Period      ; clk   ; Rise       ; cont_clk[12]               ;
; -1.000 ; 1.000        ; 2.000          ; Min Period      ; clk   ; Rise       ; cont_clk[13]               ;
; -1.000 ; 1.000        ; 2.000          ; Min Period      ; clk   ; Rise       ; cont_clk[14]               ;
; -1.000 ; 1.000        ; 2.000          ; Min Period      ; clk   ; Rise       ; cont_clk[15]               ;
; -1.000 ; 1.000        ; 2.000          ; Min Period      ; clk   ; Rise       ; cont_clk[16]               ;
; -1.000 ; 1.000        ; 2.000          ; Min Period      ; clk   ; Rise       ; cont_clk[17]               ;
; -1.000 ; 1.000        ; 2.000          ; Min Period      ; clk   ; Rise       ; cont_clk[18]               ;
; -1.000 ; 1.000        ; 2.000          ; Min Period      ; clk   ; Rise       ; cont_clk[19]               ;
; -1.000 ; 1.000        ; 2.000          ; Min Period      ; clk   ; Rise       ; cont_clk[1]                ;
; -1.000 ; 1.000        ; 2.000          ; Min Period      ; clk   ; Rise       ; cont_clk[20]               ;
; -1.000 ; 1.000        ; 2.000          ; Min Period      ; clk   ; Rise       ; cont_clk[21]               ;
; -1.000 ; 1.000        ; 2.000          ; Min Period      ; clk   ; Rise       ; cont_clk[22]               ;
; -1.000 ; 1.000        ; 2.000          ; Min Period      ; clk   ; Rise       ; cont_clk[23]               ;
; -1.000 ; 1.000        ; 2.000          ; Min Period      ; clk   ; Rise       ; cont_clk[24]               ;
; -1.000 ; 1.000        ; 2.000          ; Min Period      ; clk   ; Rise       ; cont_clk[25]               ;
; -1.000 ; 1.000        ; 2.000          ; Min Period      ; clk   ; Rise       ; cont_clk[2]                ;
; -1.000 ; 1.000        ; 2.000          ; Min Period      ; clk   ; Rise       ; cont_clk[3]                ;
; -1.000 ; 1.000        ; 2.000          ; Min Period      ; clk   ; Rise       ; cont_clk[4]                ;
; -1.000 ; 1.000        ; 2.000          ; Min Period      ; clk   ; Rise       ; cont_clk[5]                ;
; -1.000 ; 1.000        ; 2.000          ; Min Period      ; clk   ; Rise       ; cont_clk[6]                ;
; -1.000 ; 1.000        ; 2.000          ; Min Period      ; clk   ; Rise       ; cont_clk[7]                ;
; -1.000 ; 1.000        ; 2.000          ; Min Period      ; clk   ; Rise       ; cont_clk[8]                ;
; -1.000 ; 1.000        ; 2.000          ; Min Period      ; clk   ; Rise       ; cont_clk[9]                ;
; -1.000 ; 1.000        ; 2.000          ; Min Period      ; clk   ; Rise       ; control2:CEREBRO|corriendo ;
; -1.000 ; 1.000        ; 2.000          ; Min Period      ; clk   ; Rise       ; control2:CEREBRO|min[0]    ;
; -1.000 ; 1.000        ; 2.000          ; Min Period      ; clk   ; Rise       ; control2:CEREBRO|min[1]    ;
; -1.000 ; 1.000        ; 2.000          ; Min Period      ; clk   ; Rise       ; control2:CEREBRO|min[2]    ;
; -1.000 ; 1.000        ; 2.000          ; Min Period      ; clk   ; Rise       ; control2:CEREBRO|min[3]    ;
; -1.000 ; 1.000        ; 2.000          ; Min Period      ; clk   ; Rise       ; control2:CEREBRO|sd[0]     ;
; -1.000 ; 1.000        ; 2.000          ; Min Period      ; clk   ; Rise       ; control2:CEREBRO|sd[1]     ;
; -1.000 ; 1.000        ; 2.000          ; Min Period      ; clk   ; Rise       ; control2:CEREBRO|sd[2]     ;
; -1.000 ; 1.000        ; 2.000          ; Min Period      ; clk   ; Rise       ; control2:CEREBRO|sd[3]     ;
; -1.000 ; 1.000        ; 2.000          ; Min Period      ; clk   ; Rise       ; control2:CEREBRO|su[0]     ;
; -1.000 ; 1.000        ; 2.000          ; Min Period      ; clk   ; Rise       ; control2:CEREBRO|su[1]     ;
; -1.000 ; 1.000        ; 2.000          ; Min Period      ; clk   ; Rise       ; control2:CEREBRO|su[2]     ;
; -1.000 ; 1.000        ; 2.000          ; Min Period      ; clk   ; Rise       ; control2:CEREBRO|su[3]     ;
; -1.000 ; 1.000        ; 2.000          ; Min Period      ; clk   ; Rise       ; en_1hz_int                 ;
; 0.165  ; 0.349        ; 0.184          ; Low Pulse Width ; clk   ; Rise       ; cont_clk[13]               ;
; 0.165  ; 0.349        ; 0.184          ; Low Pulse Width ; clk   ; Rise       ; cont_clk[14]               ;
; 0.165  ; 0.349        ; 0.184          ; Low Pulse Width ; clk   ; Rise       ; cont_clk[15]               ;
; 0.165  ; 0.349        ; 0.184          ; Low Pulse Width ; clk   ; Rise       ; cont_clk[19]               ;
; 0.165  ; 0.349        ; 0.184          ; Low Pulse Width ; clk   ; Rise       ; cont_clk[20]               ;
; 0.165  ; 0.349        ; 0.184          ; Low Pulse Width ; clk   ; Rise       ; cont_clk[21]               ;
; 0.165  ; 0.349        ; 0.184          ; Low Pulse Width ; clk   ; Rise       ; cont_clk[22]               ;
; 0.165  ; 0.349        ; 0.184          ; Low Pulse Width ; clk   ; Rise       ; cont_clk[23]               ;
; 0.165  ; 0.349        ; 0.184          ; Low Pulse Width ; clk   ; Rise       ; cont_clk[24]               ;
; 0.165  ; 0.349        ; 0.184          ; Low Pulse Width ; clk   ; Rise       ; cont_clk[25]               ;
; 0.185  ; 0.369        ; 0.184          ; Low Pulse Width ; clk   ; Rise       ; cont_clk[0]                ;
; 0.185  ; 0.369        ; 0.184          ; Low Pulse Width ; clk   ; Rise       ; cont_clk[10]               ;
; 0.185  ; 0.369        ; 0.184          ; Low Pulse Width ; clk   ; Rise       ; cont_clk[11]               ;
; 0.185  ; 0.369        ; 0.184          ; Low Pulse Width ; clk   ; Rise       ; cont_clk[12]               ;
; 0.185  ; 0.369        ; 0.184          ; Low Pulse Width ; clk   ; Rise       ; cont_clk[16]               ;
; 0.185  ; 0.369        ; 0.184          ; Low Pulse Width ; clk   ; Rise       ; cont_clk[17]               ;
; 0.185  ; 0.369        ; 0.184          ; Low Pulse Width ; clk   ; Rise       ; cont_clk[18]               ;
; 0.185  ; 0.369        ; 0.184          ; Low Pulse Width ; clk   ; Rise       ; cont_clk[1]                ;
; 0.185  ; 0.369        ; 0.184          ; Low Pulse Width ; clk   ; Rise       ; cont_clk[2]                ;
; 0.185  ; 0.369        ; 0.184          ; Low Pulse Width ; clk   ; Rise       ; cont_clk[3]                ;
; 0.185  ; 0.369        ; 0.184          ; Low Pulse Width ; clk   ; Rise       ; cont_clk[4]                ;
; 0.185  ; 0.369        ; 0.184          ; Low Pulse Width ; clk   ; Rise       ; cont_clk[5]                ;
; 0.185  ; 0.369        ; 0.184          ; Low Pulse Width ; clk   ; Rise       ; cont_clk[6]                ;
; 0.185  ; 0.369        ; 0.184          ; Low Pulse Width ; clk   ; Rise       ; cont_clk[7]                ;
; 0.185  ; 0.369        ; 0.184          ; Low Pulse Width ; clk   ; Rise       ; cont_clk[8]                ;
; 0.185  ; 0.369        ; 0.184          ; Low Pulse Width ; clk   ; Rise       ; cont_clk[9]                ;
; 0.185  ; 0.369        ; 0.184          ; Low Pulse Width ; clk   ; Rise       ; en_1hz_int                 ;
; 0.186  ; 0.370        ; 0.184          ; Low Pulse Width ; clk   ; Rise       ; control2:CEREBRO|corriendo ;
; 0.186  ; 0.370        ; 0.184          ; Low Pulse Width ; clk   ; Rise       ; control2:CEREBRO|min[0]    ;
; 0.186  ; 0.370        ; 0.184          ; Low Pulse Width ; clk   ; Rise       ; control2:CEREBRO|min[1]    ;
; 0.186  ; 0.370        ; 0.184          ; Low Pulse Width ; clk   ; Rise       ; control2:CEREBRO|min[2]    ;
; 0.186  ; 0.370        ; 0.184          ; Low Pulse Width ; clk   ; Rise       ; control2:CEREBRO|min[3]    ;
; 0.186  ; 0.370        ; 0.184          ; Low Pulse Width ; clk   ; Rise       ; control2:CEREBRO|sd[0]     ;
; 0.186  ; 0.370        ; 0.184          ; Low Pulse Width ; clk   ; Rise       ; control2:CEREBRO|sd[1]     ;
; 0.186  ; 0.370        ; 0.184          ; Low Pulse Width ; clk   ; Rise       ; control2:CEREBRO|sd[2]     ;
; 0.186  ; 0.370        ; 0.184          ; Low Pulse Width ; clk   ; Rise       ; control2:CEREBRO|sd[3]     ;
; 0.186  ; 0.370        ; 0.184          ; Low Pulse Width ; clk   ; Rise       ; control2:CEREBRO|su[0]     ;
; 0.186  ; 0.370        ; 0.184          ; Low Pulse Width ; clk   ; Rise       ; control2:CEREBRO|su[1]     ;
; 0.186  ; 0.370        ; 0.184          ; Low Pulse Width ; clk   ; Rise       ; control2:CEREBRO|su[2]     ;
; 0.186  ; 0.370        ; 0.184          ; Low Pulse Width ; clk   ; Rise       ; control2:CEREBRO|su[3]     ;
; 0.327  ; 0.327        ; 0.000          ; Low Pulse Width ; clk   ; Rise       ; cont_clk[13]|clk           ;
; 0.327  ; 0.327        ; 0.000          ; Low Pulse Width ; clk   ; Rise       ; cont_clk[14]|clk           ;
; 0.327  ; 0.327        ; 0.000          ; Low Pulse Width ; clk   ; Rise       ; cont_clk[15]|clk           ;
; 0.327  ; 0.327        ; 0.000          ; Low Pulse Width ; clk   ; Rise       ; cont_clk[19]|clk           ;
; 0.327  ; 0.327        ; 0.000          ; Low Pulse Width ; clk   ; Rise       ; cont_clk[20]|clk           ;
; 0.327  ; 0.327        ; 0.000          ; Low Pulse Width ; clk   ; Rise       ; cont_clk[21]|clk           ;
; 0.327  ; 0.327        ; 0.000          ; Low Pulse Width ; clk   ; Rise       ; cont_clk[22]|clk           ;
; 0.327  ; 0.327        ; 0.000          ; Low Pulse Width ; clk   ; Rise       ; cont_clk[23]|clk           ;
; 0.327  ; 0.327        ; 0.000          ; Low Pulse Width ; clk   ; Rise       ; cont_clk[24]|clk           ;
; 0.327  ; 0.327        ; 0.000          ; Low Pulse Width ; clk   ; Rise       ; cont_clk[25]|clk           ;
; 0.339  ; 0.339        ; 0.000          ; Low Pulse Width ; clk   ; Rise       ; clk~input|o                ;
; 0.347  ; 0.347        ; 0.000          ; Low Pulse Width ; clk   ; Rise       ; CEREBRO|min[0]|clk         ;
; 0.347  ; 0.347        ; 0.000          ; Low Pulse Width ; clk   ; Rise       ; CEREBRO|min[1]|clk         ;
; 0.347  ; 0.347        ; 0.000          ; Low Pulse Width ; clk   ; Rise       ; CEREBRO|min[2]|clk         ;
; 0.347  ; 0.347        ; 0.000          ; Low Pulse Width ; clk   ; Rise       ; CEREBRO|min[3]|clk         ;
; 0.347  ; 0.347        ; 0.000          ; Low Pulse Width ; clk   ; Rise       ; cont_clk[0]|clk            ;
; 0.347  ; 0.347        ; 0.000          ; Low Pulse Width ; clk   ; Rise       ; cont_clk[10]|clk           ;
; 0.347  ; 0.347        ; 0.000          ; Low Pulse Width ; clk   ; Rise       ; cont_clk[11]|clk           ;
; 0.347  ; 0.347        ; 0.000          ; Low Pulse Width ; clk   ; Rise       ; cont_clk[12]|clk           ;
+--------+--------------+----------------+-----------------+-------+------------+----------------------------+


+-----------------------------------------------------------------------+
; Setup Times                                                           ;
+-----------+------------+-------+-------+------------+-----------------+
; Data Port ; Clock Port ; Rise  ; Fall  ; Clock Edge ; Clock Reference ;
+-----------+------------+-------+-------+------------+-----------------+
; reset     ; clk        ; 2.421 ; 2.883 ; Rise       ; clk             ;
; start     ; clk        ; 1.601 ; 2.007 ; Rise       ; clk             ;
; stop      ; clk        ; 1.331 ; 1.730 ; Rise       ; clk             ;
+-----------+------------+-------+-------+------------+-----------------+


+-------------------------------------------------------------------------+
; Hold Times                                                              ;
+-----------+------------+--------+--------+------------+-----------------+
; Data Port ; Clock Port ; Rise   ; Fall   ; Clock Edge ; Clock Reference ;
+-----------+------------+--------+--------+------------+-----------------+
; reset     ; clk        ; -1.120 ; -1.544 ; Rise       ; clk             ;
; start     ; clk        ; -1.221 ; -1.625 ; Rise       ; clk             ;
; stop      ; clk        ; -0.971 ; -1.349 ; Rise       ; clk             ;
+-----------+------------+--------+--------+------------+-----------------+


+---------------------------------------------------------------------------+
; Clock to Output Times                                                     ;
+---------------+------------+-------+-------+------------+-----------------+
; Data Port     ; Clock Port ; Rise  ; Fall  ; Clock Edge ; Clock Reference ;
+---------------+------------+-------+-------+------------+-----------------+
; disp_min[*]   ; clk        ; 7.254 ; 7.125 ; Rise       ; clk             ;
;  disp_min[0]  ; clk        ; 6.195 ; 6.140 ; Rise       ; clk             ;
;  disp_min[1]  ; clk        ; 5.864 ; 5.969 ; Rise       ; clk             ;
;  disp_min[2]  ; clk        ; 6.296 ; 6.190 ; Rise       ; clk             ;
;  disp_min[3]  ; clk        ; 6.272 ; 6.237 ; Rise       ; clk             ;
;  disp_min[4]  ; clk        ; 5.831 ; 5.953 ; Rise       ; clk             ;
;  disp_min[5]  ; clk        ; 6.258 ; 6.221 ; Rise       ; clk             ;
;  disp_min[6]  ; clk        ; 7.254 ; 7.125 ; Rise       ; clk             ;
; disp_secd[*]  ; clk        ; 6.273 ; 6.254 ; Rise       ; clk             ;
;  disp_secd[0] ; clk        ; 5.987 ; 5.947 ; Rise       ; clk             ;
;  disp_secd[1] ; clk        ; 5.942 ; 6.037 ; Rise       ; clk             ;
;  disp_secd[2] ; clk        ; 6.154 ; 6.028 ; Rise       ; clk             ;
;  disp_secd[3] ; clk        ; 6.273 ; 6.254 ; Rise       ; clk             ;
;  disp_secd[4] ; clk        ; 5.840 ; 5.958 ; Rise       ; clk             ;
;  disp_secd[5] ; clk        ; 6.272 ; 6.247 ; Rise       ; clk             ;
;  disp_secd[6] ; clk        ; 5.934 ; 5.923 ; Rise       ; clk             ;
; disp_secu[*]  ; clk        ; 7.119 ; 7.142 ; Rise       ; clk             ;
;  disp_secu[0] ; clk        ; 6.081 ; 6.051 ; Rise       ; clk             ;
;  disp_secu[1] ; clk        ; 6.022 ; 6.102 ; Rise       ; clk             ;
;  disp_secu[2] ; clk        ; 7.119 ; 7.142 ; Rise       ; clk             ;
;  disp_secu[3] ; clk        ; 5.986 ; 5.926 ; Rise       ; clk             ;
;  disp_secu[4] ; clk        ; 5.982 ; 6.065 ; Rise       ; clk             ;
;  disp_secu[5] ; clk        ; 6.447 ; 6.367 ; Rise       ; clk             ;
;  disp_secu[6] ; clk        ; 6.067 ; 6.063 ; Rise       ; clk             ;
+---------------+------------+-------+-------+------------+-----------------+


+---------------------------------------------------------------------------+
; Minimum Clock to Output Times                                             ;
+---------------+------------+-------+-------+------------+-----------------+
; Data Port     ; Clock Port ; Rise  ; Fall  ; Clock Edge ; Clock Reference ;
+---------------+------------+-------+-------+------------+-----------------+
; disp_min[*]   ; clk        ; 5.462 ; 5.492 ; Rise       ; clk             ;
;  disp_min[0]  ; clk        ; 5.682 ; 5.649 ; Rise       ; clk             ;
;  disp_min[1]  ; clk        ; 5.510 ; 5.492 ; Rise       ; clk             ;
;  disp_min[2]  ; clk        ; 5.885 ; 5.781 ; Rise       ; clk             ;
;  disp_min[3]  ; clk        ; 5.757 ; 5.744 ; Rise       ; clk             ;
;  disp_min[4]  ; clk        ; 5.462 ; 5.531 ; Rise       ; clk             ;
;  disp_min[5]  ; clk        ; 5.740 ; 5.786 ; Rise       ; clk             ;
;  disp_min[6]  ; clk        ; 6.762 ; 6.740 ; Rise       ; clk             ;
; disp_secd[*]  ; clk        ; 5.442 ; 5.465 ; Rise       ; clk             ;
;  disp_secd[0] ; clk        ; 5.484 ; 5.465 ; Rise       ; clk             ;
;  disp_secd[1] ; clk        ; 5.584 ; 5.555 ; Rise       ; clk             ;
;  disp_secd[2] ; clk        ; 5.747 ; 5.623 ; Rise       ; clk             ;
;  disp_secd[3] ; clk        ; 5.755 ; 5.756 ; Rise       ; clk             ;
;  disp_secd[4] ; clk        ; 5.471 ; 5.533 ; Rise       ; clk             ;
;  disp_secd[5] ; clk        ; 5.760 ; 5.821 ; Rise       ; clk             ;
;  disp_secd[6] ; clk        ; 5.442 ; 5.542 ; Rise       ; clk             ;
; disp_secu[*]  ; clk        ; 5.422 ; 5.297 ; Rise       ; clk             ;
;  disp_secu[0] ; clk        ; 5.519 ; 5.423 ; Rise       ; clk             ;
;  disp_secu[1] ; clk        ; 5.691 ; 5.669 ; Rise       ; clk             ;
;  disp_secu[2] ; clk        ; 6.773 ; 6.778 ; Rise       ; clk             ;
;  disp_secu[3] ; clk        ; 5.422 ; 5.297 ; Rise       ; clk             ;
;  disp_secu[4] ; clk        ; 5.639 ; 5.688 ; Rise       ; clk             ;
;  disp_secu[5] ; clk        ; 5.871 ; 5.788 ; Rise       ; clk             ;
;  disp_secu[6] ; clk        ; 5.484 ; 5.434 ; Rise       ; clk             ;
+---------------+------------+-------+-------+------------+-----------------+


----------------------------------------------
; Slow 1200mV 85C Model Metastability Report ;
----------------------------------------------
No synchronizer chains to report.


+-----------------------------------------------------------------------------------------------------------+
; Slow 1200mV 0C Model Fmax Summary                                                                         ;
+------------+-----------------+------------+---------------------------------------------------------------+
; Fmax       ; Restricted Fmax ; Clock Name ; Note                                                          ;
+------------+-----------------+------------+---------------------------------------------------------------+
; 357.02 MHz ; 250.0 MHz       ; clk        ; limit due to minimum period restriction (max I/O toggle rate) ;
+------------+-----------------+------------+---------------------------------------------------------------+
This panel reports FMAX for every clock in the design, regardless of the user-specified clock periods.  FMAX is only computed for paths where the source and destination registers or ports are driven by the same clock.  Paths of different clocks, including generated clocks, are ignored.  For paths between a clock and its inversion, FMAX is computed as if the rising and falling edges are scaled along with FMAX, such that the duty cycle (in terms of a percentage) is maintained. Altera recommends that you always use clock constraints and other slack reports for sign-off analysis.


+------------------------------------+
; Slow 1200mV 0C Model Setup Summary ;
+-------+--------+-------------------+
; Clock ; Slack  ; End Point TNS     ;
+-------+--------+-------------------+
; clk   ; -1.801 ; -46.969           ;
+-------+--------+-------------------+


+-----------------------------------+
; Slow 1200mV 0C Model Hold Summary ;
+-------+-------+-------------------+
; Clock ; Slack ; End Point TNS     ;
+-------+-------+-------------------+
; clk   ; 0.312 ; 0.000             ;
+-------+-------+-------------------+


-----------------------------------------
; Slow 1200mV 0C Model Recovery Summary ;
-----------------------------------------
No paths to report.


----------------------------------------
; Slow 1200mV 0C Model Removal Summary ;
----------------------------------------
No paths to report.


+--------------------------------------------------+
; Slow 1200mV 0C Model Minimum Pulse Width Summary ;
+-------+--------+---------------------------------+
; Clock ; Slack  ; End Point TNS                   ;
+-------+--------+---------------------------------+
; clk   ; -3.000 ; -43.000                         ;
+-------+--------+---------------------------------+


+---------------------------------------------------------------------------------------------------------------------------------+
; Slow 1200mV 0C Model Setup: 'clk'                                                                                               ;
+--------+------------------------+-------------------------+--------------+-------------+--------------+------------+------------+
; Slack  ; From Node              ; To Node                 ; Launch Clock ; Latch Clock ; Relationship ; Clock Skew ; Data Delay ;
+--------+------------------------+-------------------------+--------------+-------------+--------------+------------+------------+
; -1.801 ; cont_clk[10]           ; cont_clk[7]             ; clk          ; clk         ; 1.000        ; -0.054     ; 2.742      ;
; -1.800 ; cont_clk[10]           ; cont_clk[12]            ; clk          ; clk         ; 1.000        ; -0.054     ; 2.741      ;
; -1.768 ; cont_clk[12]           ; cont_clk[7]             ; clk          ; clk         ; 1.000        ; -0.054     ; 2.709      ;
; -1.766 ; cont_clk[12]           ; cont_clk[12]            ; clk          ; clk         ; 1.000        ; -0.054     ; 2.707      ;
; -1.756 ; cont_clk[9]            ; cont_clk[7]             ; clk          ; clk         ; 1.000        ; -0.054     ; 2.697      ;
; -1.755 ; cont_clk[9]            ; cont_clk[12]            ; clk          ; clk         ; 1.000        ; -0.054     ; 2.696      ;
; -1.689 ; cont_clk[1]            ; cont_clk[7]             ; clk          ; clk         ; 1.000        ; -0.054     ; 2.630      ;
; -1.689 ; cont_clk[15]           ; cont_clk[7]             ; clk          ; clk         ; 1.000        ; -0.386     ; 2.298      ;
; -1.687 ; cont_clk[1]            ; cont_clk[12]            ; clk          ; clk         ; 1.000        ; -0.054     ; 2.628      ;
; -1.687 ; cont_clk[15]           ; cont_clk[12]            ; clk          ; clk         ; 1.000        ; -0.386     ; 2.296      ;
; -1.675 ; cont_clk[14]           ; cont_clk[7]             ; clk          ; clk         ; 1.000        ; -0.386     ; 2.284      ;
; -1.673 ; cont_clk[14]           ; cont_clk[12]            ; clk          ; clk         ; 1.000        ; -0.386     ; 2.282      ;
; -1.656 ; cont_clk[8]            ; cont_clk[7]             ; clk          ; clk         ; 1.000        ; -0.054     ; 2.597      ;
; -1.655 ; cont_clk[8]            ; cont_clk[12]            ; clk          ; clk         ; 1.000        ; -0.054     ; 2.596      ;
; -1.648 ; cont_clk[7]            ; cont_clk[7]             ; clk          ; clk         ; 1.000        ; -0.054     ; 2.589      ;
; -1.647 ; cont_clk[7]            ; cont_clk[12]            ; clk          ; clk         ; 1.000        ; -0.054     ; 2.588      ;
; -1.633 ; control2:CEREBRO|su[2] ; control2:CEREBRO|sd[0]  ; clk          ; clk         ; 1.000        ; -0.055     ; 2.573      ;
; -1.633 ; control2:CEREBRO|su[2] ; control2:CEREBRO|sd[1]  ; clk          ; clk         ; 1.000        ; -0.055     ; 2.573      ;
; -1.633 ; control2:CEREBRO|su[2] ; control2:CEREBRO|sd[2]  ; clk          ; clk         ; 1.000        ; -0.055     ; 2.573      ;
; -1.633 ; control2:CEREBRO|su[2] ; control2:CEREBRO|sd[3]  ; clk          ; clk         ; 1.000        ; -0.055     ; 2.573      ;
; -1.621 ; cont_clk[0]            ; cont_clk[25]            ; clk          ; clk         ; 1.000        ; 0.264      ; 2.880      ;
; -1.599 ; cont_clk[0]            ; cont_clk[23]            ; clk          ; clk         ; 1.000        ; 0.264      ; 2.858      ;
; -1.586 ; cont_clk[1]            ; cont_clk[23]            ; clk          ; clk         ; 1.000        ; 0.264      ; 2.845      ;
; -1.582 ; cont_clk[1]            ; cont_clk[25]            ; clk          ; clk         ; 1.000        ; 0.264      ; 2.841      ;
; -1.571 ; cont_clk[10]           ; cont_clk[17]            ; clk          ; clk         ; 1.000        ; -0.054     ; 2.512      ;
; -1.569 ; cont_clk[2]            ; cont_clk[7]             ; clk          ; clk         ; 1.000        ; -0.054     ; 2.510      ;
; -1.567 ; cont_clk[2]            ; cont_clk[12]            ; clk          ; clk         ; 1.000        ; -0.054     ; 2.508      ;
; -1.561 ; cont_clk[13]           ; cont_clk[7]             ; clk          ; clk         ; 1.000        ; -0.386     ; 2.170      ;
; -1.560 ; cont_clk[5]            ; cont_clk[7]             ; clk          ; clk         ; 1.000        ; -0.054     ; 2.501      ;
; -1.559 ; cont_clk[13]           ; cont_clk[12]            ; clk          ; clk         ; 1.000        ; -0.386     ; 2.168      ;
; -1.559 ; cont_clk[5]            ; cont_clk[12]            ; clk          ; clk         ; 1.000        ; -0.054     ; 2.500      ;
; -1.557 ; cont_clk[12]           ; cont_clk[17]            ; clk          ; clk         ; 1.000        ; -0.054     ; 2.498      ;
; -1.526 ; cont_clk[11]           ; cont_clk[7]             ; clk          ; clk         ; 1.000        ; -0.054     ; 2.467      ;
; -1.526 ; cont_clk[9]            ; cont_clk[17]            ; clk          ; clk         ; 1.000        ; -0.054     ; 2.467      ;
; -1.526 ; control2:CEREBRO|su[0] ; control2:CEREBRO|sd[0]  ; clk          ; clk         ; 1.000        ; -0.055     ; 2.466      ;
; -1.526 ; control2:CEREBRO|su[0] ; control2:CEREBRO|sd[1]  ; clk          ; clk         ; 1.000        ; -0.055     ; 2.466      ;
; -1.526 ; control2:CEREBRO|su[0] ; control2:CEREBRO|sd[2]  ; clk          ; clk         ; 1.000        ; -0.055     ; 2.466      ;
; -1.526 ; control2:CEREBRO|su[0] ; control2:CEREBRO|sd[3]  ; clk          ; clk         ; 1.000        ; -0.055     ; 2.466      ;
; -1.525 ; cont_clk[11]           ; cont_clk[12]            ; clk          ; clk         ; 1.000        ; -0.054     ; 2.466      ;
; -1.521 ; cont_clk[2]            ; cont_clk[25]            ; clk          ; clk         ; 1.000        ; 0.264      ; 2.780      ;
; -1.510 ; cont_clk[3]            ; cont_clk[7]             ; clk          ; clk         ; 1.000        ; -0.054     ; 2.451      ;
; -1.508 ; cont_clk[3]            ; cont_clk[12]            ; clk          ; clk         ; 1.000        ; -0.054     ; 2.449      ;
; -1.500 ; cont_clk[4]            ; cont_clk[7]             ; clk          ; clk         ; 1.000        ; -0.054     ; 2.441      ;
; -1.499 ; cont_clk[4]            ; cont_clk[12]            ; clk          ; clk         ; 1.000        ; -0.054     ; 2.440      ;
; -1.499 ; cont_clk[2]            ; cont_clk[23]            ; clk          ; clk         ; 1.000        ; 0.264      ; 2.758      ;
; -1.497 ; cont_clk[0]            ; cont_clk[17]            ; clk          ; clk         ; 1.000        ; -0.054     ; 2.438      ;
; -1.492 ; cont_clk[1]            ; cont_clk[17]            ; clk          ; clk         ; 1.000        ; -0.054     ; 2.433      ;
; -1.487 ; en_1hz_int             ; control2:CEREBRO|su[0]  ; clk          ; clk         ; 1.000        ; -0.052     ; 2.430      ;
; -1.487 ; en_1hz_int             ; control2:CEREBRO|su[1]  ; clk          ; clk         ; 1.000        ; -0.052     ; 2.430      ;
; -1.487 ; en_1hz_int             ; control2:CEREBRO|su[2]  ; clk          ; clk         ; 1.000        ; -0.052     ; 2.430      ;
; -1.487 ; en_1hz_int             ; control2:CEREBRO|su[3]  ; clk          ; clk         ; 1.000        ; -0.052     ; 2.430      ;
; -1.484 ; cont_clk[3]            ; cont_clk[23]            ; clk          ; clk         ; 1.000        ; 0.264      ; 2.743      ;
; -1.480 ; cont_clk[3]            ; cont_clk[25]            ; clk          ; clk         ; 1.000        ; 0.264      ; 2.739      ;
; -1.478 ; cont_clk[15]           ; cont_clk[17]            ; clk          ; clk         ; 1.000        ; -0.386     ; 2.087      ;
; -1.468 ; cont_clk[12]           ; en_1hz_int              ; clk          ; clk         ; 1.000        ; -0.053     ; 2.410      ;
; -1.467 ; cont_clk[10]           ; cont_clk[22]            ; clk          ; clk         ; 1.000        ; 0.264      ; 2.726      ;
; -1.464 ; cont_clk[10]           ; en_1hz_int              ; clk          ; clk         ; 1.000        ; -0.053     ; 2.406      ;
; -1.464 ; cont_clk[14]           ; cont_clk[17]            ; clk          ; clk         ; 1.000        ; -0.386     ; 2.073      ;
; -1.453 ; cont_clk[12]           ; cont_clk[22]            ; clk          ; clk         ; 1.000        ; 0.264      ; 2.712      ;
; -1.451 ; cont_clk[13]           ; cont_clk[23]            ; clk          ; clk         ; 1.000        ; -0.068     ; 2.378      ;
; -1.448 ; control2:CEREBRO|su[2] ; control2:CEREBRO|min[1] ; clk          ; clk         ; 1.000        ; -0.053     ; 2.390      ;
; -1.448 ; control2:CEREBRO|su[2] ; control2:CEREBRO|min[2] ; clk          ; clk         ; 1.000        ; -0.053     ; 2.390      ;
; -1.447 ; control2:CEREBRO|su[2] ; control2:CEREBRO|min[3] ; clk          ; clk         ; 1.000        ; -0.053     ; 2.389      ;
; -1.447 ; cont_clk[13]           ; cont_clk[25]            ; clk          ; clk         ; 1.000        ; -0.068     ; 2.374      ;
; -1.446 ; control2:CEREBRO|su[2] ; control2:CEREBRO|min[0] ; clk          ; clk         ; 1.000        ; -0.053     ; 2.388      ;
; -1.440 ; control2:CEREBRO|su[1] ; control2:CEREBRO|sd[0]  ; clk          ; clk         ; 1.000        ; -0.055     ; 2.380      ;
; -1.440 ; control2:CEREBRO|su[1] ; control2:CEREBRO|sd[1]  ; clk          ; clk         ; 1.000        ; -0.055     ; 2.380      ;
; -1.440 ; control2:CEREBRO|su[1] ; control2:CEREBRO|sd[2]  ; clk          ; clk         ; 1.000        ; -0.055     ; 2.380      ;
; -1.440 ; control2:CEREBRO|su[1] ; control2:CEREBRO|sd[3]  ; clk          ; clk         ; 1.000        ; -0.055     ; 2.380      ;
; -1.433 ; cont_clk[9]            ; en_1hz_int              ; clk          ; clk         ; 1.000        ; -0.053     ; 2.375      ;
; -1.428 ; cont_clk[0]            ; cont_clk[19]            ; clk          ; clk         ; 1.000        ; 0.264      ; 2.687      ;
; -1.426 ; cont_clk[8]            ; cont_clk[17]            ; clk          ; clk         ; 1.000        ; -0.054     ; 2.367      ;
; -1.425 ; cont_clk[4]            ; cont_clk[25]            ; clk          ; clk         ; 1.000        ; 0.264      ; 2.684      ;
; -1.422 ; cont_clk[9]            ; cont_clk[22]            ; clk          ; clk         ; 1.000        ; 0.264      ; 2.681      ;
; -1.420 ; cont_clk[22]           ; cont_clk[7]             ; clk          ; clk         ; 1.000        ; -0.385     ; 2.030      ;
; -1.418 ; cont_clk[22]           ; cont_clk[12]            ; clk          ; clk         ; 1.000        ; -0.385     ; 2.028      ;
; -1.418 ; cont_clk[7]            ; cont_clk[17]            ; clk          ; clk         ; 1.000        ; -0.054     ; 2.359      ;
; -1.413 ; cont_clk[1]            ; cont_clk[19]            ; clk          ; clk         ; 1.000        ; 0.264      ; 2.672      ;
; -1.403 ; cont_clk[4]            ; cont_clk[23]            ; clk          ; clk         ; 1.000        ; 0.264      ; 2.662      ;
; -1.400 ; cont_clk[0]            ; cont_clk[21]            ; clk          ; clk         ; 1.000        ; 0.264      ; 2.659      ;
; -1.399 ; cont_clk[14]           ; cont_clk[25]            ; clk          ; clk         ; 1.000        ; -0.068     ; 2.326      ;
; -1.397 ; cont_clk[2]            ; cont_clk[17]            ; clk          ; clk         ; 1.000        ; -0.054     ; 2.338      ;
; -1.390 ; cont_clk[3]            ; cont_clk[17]            ; clk          ; clk         ; 1.000        ; -0.054     ; 2.331      ;
; -1.389 ; cont_clk[1]            ; en_1hz_int              ; clk          ; clk         ; 1.000        ; -0.053     ; 2.331      ;
; -1.389 ; cont_clk[15]           ; en_1hz_int              ; clk          ; clk         ; 1.000        ; -0.385     ; 1.999      ;
; -1.383 ; cont_clk[6]            ; cont_clk[7]             ; clk          ; clk         ; 1.000        ; -0.054     ; 2.324      ;
; -1.382 ; cont_clk[6]            ; cont_clk[12]            ; clk          ; clk         ; 1.000        ; -0.054     ; 2.323      ;
; -1.381 ; cont_clk[12]           ; cont_clk[14]            ; clk          ; clk         ; 1.000        ; 0.264      ; 2.640      ;
; -1.381 ; cont_clk[1]            ; cont_clk[20]            ; clk          ; clk         ; 1.000        ; 0.264      ; 2.640      ;
; -1.381 ; cont_clk[12]           ; cont_clk[25]            ; clk          ; clk         ; 1.000        ; 0.264      ; 2.640      ;
; -1.379 ; cont_clk[19]           ; cont_clk[7]             ; clk          ; clk         ; 1.000        ; -0.386     ; 1.988      ;
; -1.379 ; cont_clk[5]            ; cont_clk[23]            ; clk          ; clk         ; 1.000        ; 0.264      ; 2.638      ;
; -1.377 ; cont_clk[12]           ; cont_clk[15]            ; clk          ; clk         ; 1.000        ; 0.264      ; 2.636      ;
; -1.377 ; cont_clk[19]           ; cont_clk[12]            ; clk          ; clk         ; 1.000        ; -0.386     ; 1.986      ;
; -1.377 ; cont_clk[14]           ; cont_clk[23]            ; clk          ; clk         ; 1.000        ; -0.068     ; 2.304      ;
; -1.376 ; cont_clk[12]           ; cont_clk[21]            ; clk          ; clk         ; 1.000        ; 0.264      ; 2.635      ;
; -1.375 ; cont_clk[5]            ; cont_clk[25]            ; clk          ; clk         ; 1.000        ; 0.264      ; 2.634      ;
; -1.375 ; cont_clk[14]           ; en_1hz_int              ; clk          ; clk         ; 1.000        ; -0.385     ; 1.985      ;
; -1.374 ; cont_clk[1]            ; cont_clk[22]            ; clk          ; clk         ; 1.000        ; 0.264      ; 2.633      ;
; -1.374 ; cont_clk[15]           ; cont_clk[22]            ; clk          ; clk         ; 1.000        ; -0.068     ; 2.301      ;
+--------+------------------------+-------------------------+--------------+-------------+--------------+------------+------------+


+---------------------------------------------------------------------------------------------------------------------------------------+
; Slow 1200mV 0C Model Hold: 'clk'                                                                                                      ;
+-------+----------------------------+----------------------------+--------------+-------------+--------------+------------+------------+
; Slack ; From Node                  ; To Node                    ; Launch Clock ; Latch Clock ; Relationship ; Clock Skew ; Data Delay ;
+-------+----------------------------+----------------------------+--------------+-------------+--------------+------------+------------+
; 0.312 ; control2:CEREBRO|corriendo ; control2:CEREBRO|corriendo ; clk          ; clk         ; 0.000        ; 0.055      ; 0.511      ;
; 0.312 ; control2:CEREBRO|su[1]     ; control2:CEREBRO|su[1]     ; clk          ; clk         ; 0.000        ; 0.055      ; 0.511      ;
; 0.312 ; control2:CEREBRO|sd[1]     ; control2:CEREBRO|sd[1]     ; clk          ; clk         ; 0.000        ; 0.055      ; 0.511      ;
; 0.312 ; control2:CEREBRO|min[1]    ; control2:CEREBRO|min[1]    ; clk          ; clk         ; 0.000        ; 0.055      ; 0.511      ;
; 0.312 ; control2:CEREBRO|min[2]    ; control2:CEREBRO|min[2]    ; clk          ; clk         ; 0.000        ; 0.055      ; 0.511      ;
; 0.312 ; control2:CEREBRO|min[3]    ; control2:CEREBRO|min[3]    ; clk          ; clk         ; 0.000        ; 0.055      ; 0.511      ;
; 0.312 ; control2:CEREBRO|min[0]    ; control2:CEREBRO|min[0]    ; clk          ; clk         ; 0.000        ; 0.055      ; 0.511      ;
; 0.320 ; control2:CEREBRO|su[0]     ; control2:CEREBRO|su[0]     ; clk          ; clk         ; 0.000        ; 0.055      ; 0.519      ;
; 0.320 ; control2:CEREBRO|sd[0]     ; control2:CEREBRO|sd[0]     ; clk          ; clk         ; 0.000        ; 0.055      ; 0.519      ;
; 0.378 ; control2:CEREBRO|sd[0]     ; control2:CEREBRO|sd[1]     ; clk          ; clk         ; 0.000        ; 0.055      ; 0.577      ;
; 0.380 ; control2:CEREBRO|su[0]     ; control2:CEREBRO|su[1]     ; clk          ; clk         ; 0.000        ; 0.055      ; 0.579      ;
; 0.500 ; cont_clk[24]               ; cont_clk[24]               ; clk          ; clk         ; 0.000        ; 0.067      ; 0.711      ;
; 0.502 ; cont_clk[8]                ; cont_clk[8]                ; clk          ; clk         ; 0.000        ; 0.054      ; 0.700      ;
; 0.503 ; cont_clk[5]                ; cont_clk[5]                ; clk          ; clk         ; 0.000        ; 0.054      ; 0.701      ;
; 0.506 ; cont_clk[6]                ; cont_clk[6]                ; clk          ; clk         ; 0.000        ; 0.054      ; 0.704      ;
; 0.512 ; cont_clk[3]                ; cont_clk[3]                ; clk          ; clk         ; 0.000        ; 0.054      ; 0.710      ;
; 0.512 ; cont_clk[10]               ; cont_clk[10]               ; clk          ; clk         ; 0.000        ; 0.054      ; 0.710      ;
; 0.512 ; cont_clk[16]               ; cont_clk[16]               ; clk          ; clk         ; 0.000        ; 0.054      ; 0.710      ;
; 0.513 ; cont_clk[2]                ; cont_clk[2]                ; clk          ; clk         ; 0.000        ; 0.054      ; 0.711      ;
; 0.513 ; cont_clk[11]               ; cont_clk[11]               ; clk          ; clk         ; 0.000        ; 0.054      ; 0.711      ;
; 0.513 ; cont_clk[18]               ; cont_clk[18]               ; clk          ; clk         ; 0.000        ; 0.054      ; 0.711      ;
; 0.514 ; cont_clk[1]                ; cont_clk[1]                ; clk          ; clk         ; 0.000        ; 0.054      ; 0.712      ;
; 0.514 ; cont_clk[9]                ; cont_clk[9]                ; clk          ; clk         ; 0.000        ; 0.054      ; 0.712      ;
; 0.517 ; cont_clk[4]                ; cont_clk[4]                ; clk          ; clk         ; 0.000        ; 0.054      ; 0.715      ;
; 0.527 ; cont_clk[0]                ; cont_clk[0]                ; clk          ; clk         ; 0.000        ; 0.054      ; 0.725      ;
; 0.598 ; control2:CEREBRO|min[0]    ; control2:CEREBRO|min[1]    ; clk          ; clk         ; 0.000        ; 0.055      ; 0.797      ;
; 0.630 ; cont_clk[18]               ; cont_clk[24]               ; clk          ; clk         ; 0.000        ; 0.385      ; 1.159      ;
; 0.690 ; control2:CEREBRO|sd[0]     ; control2:CEREBRO|sd[3]     ; clk          ; clk         ; 0.000        ; 0.055      ; 0.889      ;
; 0.692 ; control2:CEREBRO|sd[0]     ; control2:CEREBRO|sd[2]     ; clk          ; clk         ; 0.000        ; 0.055      ; 0.891      ;
; 0.714 ; cont_clk[17]               ; cont_clk[24]               ; clk          ; clk         ; 0.000        ; 0.385      ; 1.243      ;
; 0.725 ; cont_clk[16]               ; cont_clk[24]               ; clk          ; clk         ; 0.000        ; 0.385      ; 1.254      ;
; 0.748 ; cont_clk[5]                ; cont_clk[6]                ; clk          ; clk         ; 0.000        ; 0.054      ; 0.946      ;
; 0.751 ; cont_clk[8]                ; cont_clk[9]                ; clk          ; clk         ; 0.000        ; 0.054      ; 0.949      ;
; 0.756 ; cont_clk[3]                ; cont_clk[4]                ; clk          ; clk         ; 0.000        ; 0.054      ; 0.954      ;
; 0.756 ; cont_clk[22]               ; cont_clk[24]               ; clk          ; clk         ; 0.000        ; 0.067      ; 0.967      ;
; 0.757 ; cont_clk[17]               ; cont_clk[18]               ; clk          ; clk         ; 0.000        ; 0.054      ; 0.955      ;
; 0.758 ; cont_clk[8]                ; cont_clk[10]               ; clk          ; clk         ; 0.000        ; 0.054      ; 0.956      ;
; 0.759 ; cont_clk[1]                ; cont_clk[2]                ; clk          ; clk         ; 0.000        ; 0.054      ; 0.957      ;
; 0.759 ; cont_clk[9]                ; cont_clk[10]               ; clk          ; clk         ; 0.000        ; 0.054      ; 0.957      ;
; 0.761 ; cont_clk[7]                ; cont_clk[8]                ; clk          ; clk         ; 0.000        ; 0.054      ; 0.959      ;
; 0.761 ; cont_clk[10]               ; cont_clk[11]               ; clk          ; clk         ; 0.000        ; 0.054      ; 0.959      ;
; 0.761 ; cont_clk[0]                ; cont_clk[1]                ; clk          ; clk         ; 0.000        ; 0.054      ; 0.959      ;
; 0.762 ; cont_clk[2]                ; cont_clk[3]                ; clk          ; clk         ; 0.000        ; 0.054      ; 0.960      ;
; 0.762 ; cont_clk[6]                ; cont_clk[8]                ; clk          ; clk         ; 0.000        ; 0.054      ; 0.960      ;
; 0.766 ; cont_clk[4]                ; cont_clk[5]                ; clk          ; clk         ; 0.000        ; 0.054      ; 0.964      ;
; 0.767 ; cont_clk[22]               ; cont_clk[22]               ; clk          ; clk         ; 0.000        ; 0.067      ; 0.978      ;
; 0.768 ; cont_clk[16]               ; cont_clk[18]               ; clk          ; clk         ; 0.000        ; 0.054      ; 0.966      ;
; 0.768 ; cont_clk[0]                ; cont_clk[2]                ; clk          ; clk         ; 0.000        ; 0.054      ; 0.966      ;
; 0.769 ; cont_clk[2]                ; cont_clk[4]                ; clk          ; clk         ; 0.000        ; 0.054      ; 0.967      ;
; 0.773 ; cont_clk[4]                ; cont_clk[6]                ; clk          ; clk         ; 0.000        ; 0.054      ; 0.971      ;
; 0.774 ; control2:CEREBRO|sd[3]     ; control2:CEREBRO|sd[3]     ; clk          ; clk         ; 0.000        ; 0.055      ; 0.973      ;
; 0.776 ; control2:CEREBRO|sd[3]     ; control2:CEREBRO|sd[2]     ; clk          ; clk         ; 0.000        ; 0.055      ; 0.975      ;
; 0.786 ; control2:CEREBRO|su[3]     ; control2:CEREBRO|su[2]     ; clk          ; clk         ; 0.000        ; 0.055      ; 0.985      ;
; 0.796 ; control2:CEREBRO|su[3]     ; control2:CEREBRO|su[3]     ; clk          ; clk         ; 0.000        ; 0.055      ; 0.995      ;
; 0.800 ; cont_clk[18]               ; cont_clk[20]               ; clk          ; clk         ; 0.000        ; 0.385      ; 1.329      ;
; 0.801 ; cont_clk[18]               ; cont_clk[22]               ; clk          ; clk         ; 0.000        ; 0.385      ; 1.330      ;
; 0.818 ; control2:CEREBRO|su[0]     ; control2:CEREBRO|su[2]     ; clk          ; clk         ; 0.000        ; 0.055      ; 1.017      ;
; 0.844 ; cont_clk[12]               ; cont_clk[14]               ; clk          ; clk         ; 0.000        ; 0.386      ; 1.374      ;
; 0.844 ; cont_clk[5]                ; cont_clk[8]                ; clk          ; clk         ; 0.000        ; 0.054      ; 1.042      ;
; 0.845 ; cont_clk[3]                ; cont_clk[5]                ; clk          ; clk         ; 0.000        ; 0.054      ; 1.043      ;
; 0.847 ; cont_clk[8]                ; cont_clk[11]               ; clk          ; clk         ; 0.000        ; 0.054      ; 1.045      ;
; 0.848 ; cont_clk[1]                ; cont_clk[3]                ; clk          ; clk         ; 0.000        ; 0.054      ; 1.046      ;
; 0.848 ; cont_clk[9]                ; cont_clk[11]               ; clk          ; clk         ; 0.000        ; 0.054      ; 1.046      ;
; 0.850 ; cont_clk[7]                ; cont_clk[9]                ; clk          ; clk         ; 0.000        ; 0.054      ; 1.048      ;
; 0.851 ; cont_clk[6]                ; cont_clk[9]                ; clk          ; clk         ; 0.000        ; 0.054      ; 1.049      ;
; 0.852 ; cont_clk[3]                ; cont_clk[6]                ; clk          ; clk         ; 0.000        ; 0.054      ; 1.050      ;
; 0.853 ; control2:CEREBRO|sd[2]     ; control2:CEREBRO|sd[3]     ; clk          ; clk         ; 0.000        ; 0.055      ; 1.052      ;
; 0.855 ; control2:CEREBRO|sd[2]     ; control2:CEREBRO|sd[2]     ; clk          ; clk         ; 0.000        ; 0.055      ; 1.054      ;
; 0.855 ; cont_clk[1]                ; cont_clk[4]                ; clk          ; clk         ; 0.000        ; 0.054      ; 1.053      ;
; 0.857 ; cont_clk[25]               ; cont_clk[25]               ; clk          ; clk         ; 0.000        ; 0.068      ; 1.069      ;
; 0.857 ; control2:CEREBRO|min[0]    ; control2:CEREBRO|min[3]    ; clk          ; clk         ; 0.000        ; 0.055      ; 1.056      ;
; 0.857 ; cont_clk[20]               ; cont_clk[24]               ; clk          ; clk         ; 0.000        ; 0.067      ; 1.068      ;
; 0.857 ; cont_clk[7]                ; cont_clk[10]               ; clk          ; clk         ; 0.000        ; 0.054      ; 1.055      ;
; 0.857 ; cont_clk[0]                ; cont_clk[3]                ; clk          ; clk         ; 0.000        ; 0.054      ; 1.055      ;
; 0.858 ; cont_clk[2]                ; cont_clk[5]                ; clk          ; clk         ; 0.000        ; 0.054      ; 1.056      ;
; 0.858 ; cont_clk[6]                ; cont_clk[10]               ; clk          ; clk         ; 0.000        ; 0.054      ; 1.056      ;
; 0.861 ; control2:CEREBRO|min[0]    ; control2:CEREBRO|min[2]    ; clk          ; clk         ; 0.000        ; 0.055      ; 1.060      ;
; 0.864 ; cont_clk[0]                ; cont_clk[4]                ; clk          ; clk         ; 0.000        ; 0.054      ; 1.062      ;
; 0.865 ; cont_clk[2]                ; cont_clk[6]                ; clk          ; clk         ; 0.000        ; 0.054      ; 1.063      ;
; 0.867 ; cont_clk[20]               ; cont_clk[20]               ; clk          ; clk         ; 0.000        ; 0.067      ; 1.078      ;
; 0.869 ; cont_clk[23]               ; cont_clk[24]               ; clk          ; clk         ; 0.000        ; 0.067      ; 1.080      ;
; 0.869 ; cont_clk[4]                ; cont_clk[8]                ; clk          ; clk         ; 0.000        ; 0.054      ; 1.067      ;
; 0.870 ; control2:CEREBRO|su[3]     ; control2:CEREBRO|su[1]     ; clk          ; clk         ; 0.000        ; 0.055      ; 1.069      ;
; 0.871 ; cont_clk[12]               ; cont_clk[16]               ; clk          ; clk         ; 0.000        ; 0.054      ; 1.069      ;
; 0.875 ; control2:CEREBRO|su[1]     ; control2:CEREBRO|su[2]     ; clk          ; clk         ; 0.000        ; 0.055      ; 1.074      ;
; 0.876 ; cont_clk[17]               ; cont_clk[17]               ; clk          ; clk         ; 0.000        ; 0.054      ; 1.074      ;
; 0.881 ; cont_clk[12]               ; cont_clk[12]               ; clk          ; clk         ; 0.000        ; 0.054      ; 1.079      ;
; 0.884 ; cont_clk[17]               ; cont_clk[20]               ; clk          ; clk         ; 0.000        ; 0.385      ; 1.413      ;
; 0.885 ; cont_clk[17]               ; cont_clk[22]               ; clk          ; clk         ; 0.000        ; 0.385      ; 1.414      ;
; 0.895 ; cont_clk[16]               ; cont_clk[20]               ; clk          ; clk         ; 0.000        ; 0.385      ; 1.424      ;
; 0.896 ; cont_clk[16]               ; cont_clk[22]               ; clk          ; clk         ; 0.000        ; 0.385      ; 1.425      ;
; 0.899 ; cont_clk[18]               ; cont_clk[21]               ; clk          ; clk         ; 0.000        ; 0.386      ; 1.429      ;
; 0.905 ; control2:CEREBRO|sd[1]     ; control2:CEREBRO|sd[3]     ; clk          ; clk         ; 0.000        ; 0.055      ; 1.104      ;
; 0.907 ; control2:CEREBRO|sd[1]     ; control2:CEREBRO|sd[2]     ; clk          ; clk         ; 0.000        ; 0.055      ; 1.106      ;
; 0.913 ; control2:CEREBRO|su[1]     ; control2:CEREBRO|su[3]     ; clk          ; clk         ; 0.000        ; 0.055      ; 1.112      ;
; 0.923 ; cont_clk[11]               ; cont_clk[14]               ; clk          ; clk         ; 0.000        ; 0.386      ; 1.453      ;
; 0.924 ; cont_clk[12]               ; cont_clk[24]               ; clk          ; clk         ; 0.000        ; 0.385      ; 1.453      ;
; 0.930 ; cont_clk[12]               ; cont_clk[15]               ; clk          ; clk         ; 0.000        ; 0.386      ; 1.460      ;
; 0.933 ; cont_clk[5]                ; cont_clk[9]                ; clk          ; clk         ; 0.000        ; 0.054      ; 1.131      ;
; 0.933 ; cont_clk[10]               ; cont_clk[14]               ; clk          ; clk         ; 0.000        ; 0.386      ; 1.463      ;
+-------+----------------------------+----------------------------+--------------+-------------+--------------+------------+------------+


+------------------------------------------------------------------------------------------------------------+
; Slow 1200mV 0C Model Minimum Pulse Width: 'clk'                                                            ;
+--------+--------------+----------------+-----------------+-------+------------+----------------------------+
; Slack  ; Actual Width ; Required Width ; Type            ; Clock ; Clock Edge ; Target                     ;
+--------+--------------+----------------+-----------------+-------+------------+----------------------------+
; -3.000 ; 1.000        ; 4.000          ; Port Rate       ; clk   ; Rise       ; clk                        ;
; -1.000 ; 1.000        ; 2.000          ; Min Period      ; clk   ; Rise       ; cont_clk[0]                ;
; -1.000 ; 1.000        ; 2.000          ; Min Period      ; clk   ; Rise       ; cont_clk[10]               ;
; -1.000 ; 1.000        ; 2.000          ; Min Period      ; clk   ; Rise       ; cont_clk[11]               ;
; -1.000 ; 1.000        ; 2.000          ; Min Period      ; clk   ; Rise       ; cont_clk[12]               ;
; -1.000 ; 1.000        ; 2.000          ; Min Period      ; clk   ; Rise       ; cont_clk[13]               ;
; -1.000 ; 1.000        ; 2.000          ; Min Period      ; clk   ; Rise       ; cont_clk[14]               ;
; -1.000 ; 1.000        ; 2.000          ; Min Period      ; clk   ; Rise       ; cont_clk[15]               ;
; -1.000 ; 1.000        ; 2.000          ; Min Period      ; clk   ; Rise       ; cont_clk[16]               ;
; -1.000 ; 1.000        ; 2.000          ; Min Period      ; clk   ; Rise       ; cont_clk[17]               ;
; -1.000 ; 1.000        ; 2.000          ; Min Period      ; clk   ; Rise       ; cont_clk[18]               ;
; -1.000 ; 1.000        ; 2.000          ; Min Period      ; clk   ; Rise       ; cont_clk[19]               ;
; -1.000 ; 1.000        ; 2.000          ; Min Period      ; clk   ; Rise       ; cont_clk[1]                ;
; -1.000 ; 1.000        ; 2.000          ; Min Period      ; clk   ; Rise       ; cont_clk[20]               ;
; -1.000 ; 1.000        ; 2.000          ; Min Period      ; clk   ; Rise       ; cont_clk[21]               ;
; -1.000 ; 1.000        ; 2.000          ; Min Period      ; clk   ; Rise       ; cont_clk[22]               ;
; -1.000 ; 1.000        ; 2.000          ; Min Period      ; clk   ; Rise       ; cont_clk[23]               ;
; -1.000 ; 1.000        ; 2.000          ; Min Period      ; clk   ; Rise       ; cont_clk[24]               ;
; -1.000 ; 1.000        ; 2.000          ; Min Period      ; clk   ; Rise       ; cont_clk[25]               ;
; -1.000 ; 1.000        ; 2.000          ; Min Period      ; clk   ; Rise       ; cont_clk[2]                ;
; -1.000 ; 1.000        ; 2.000          ; Min Period      ; clk   ; Rise       ; cont_clk[3]                ;
; -1.000 ; 1.000        ; 2.000          ; Min Period      ; clk   ; Rise       ; cont_clk[4]                ;
; -1.000 ; 1.000        ; 2.000          ; Min Period      ; clk   ; Rise       ; cont_clk[5]                ;
; -1.000 ; 1.000        ; 2.000          ; Min Period      ; clk   ; Rise       ; cont_clk[6]                ;
; -1.000 ; 1.000        ; 2.000          ; Min Period      ; clk   ; Rise       ; cont_clk[7]                ;
; -1.000 ; 1.000        ; 2.000          ; Min Period      ; clk   ; Rise       ; cont_clk[8]                ;
; -1.000 ; 1.000        ; 2.000          ; Min Period      ; clk   ; Rise       ; cont_clk[9]                ;
; -1.000 ; 1.000        ; 2.000          ; Min Period      ; clk   ; Rise       ; control2:CEREBRO|corriendo ;
; -1.000 ; 1.000        ; 2.000          ; Min Period      ; clk   ; Rise       ; control2:CEREBRO|min[0]    ;
; -1.000 ; 1.000        ; 2.000          ; Min Period      ; clk   ; Rise       ; control2:CEREBRO|min[1]    ;
; -1.000 ; 1.000        ; 2.000          ; Min Period      ; clk   ; Rise       ; control2:CEREBRO|min[2]    ;
; -1.000 ; 1.000        ; 2.000          ; Min Period      ; clk   ; Rise       ; control2:CEREBRO|min[3]    ;
; -1.000 ; 1.000        ; 2.000          ; Min Period      ; clk   ; Rise       ; control2:CEREBRO|sd[0]     ;
; -1.000 ; 1.000        ; 2.000          ; Min Period      ; clk   ; Rise       ; control2:CEREBRO|sd[1]     ;
; -1.000 ; 1.000        ; 2.000          ; Min Period      ; clk   ; Rise       ; control2:CEREBRO|sd[2]     ;
; -1.000 ; 1.000        ; 2.000          ; Min Period      ; clk   ; Rise       ; control2:CEREBRO|sd[3]     ;
; -1.000 ; 1.000        ; 2.000          ; Min Period      ; clk   ; Rise       ; control2:CEREBRO|su[0]     ;
; -1.000 ; 1.000        ; 2.000          ; Min Period      ; clk   ; Rise       ; control2:CEREBRO|su[1]     ;
; -1.000 ; 1.000        ; 2.000          ; Min Period      ; clk   ; Rise       ; control2:CEREBRO|su[2]     ;
; -1.000 ; 1.000        ; 2.000          ; Min Period      ; clk   ; Rise       ; control2:CEREBRO|su[3]     ;
; -1.000 ; 1.000        ; 2.000          ; Min Period      ; clk   ; Rise       ; en_1hz_int                 ;
; 0.176  ; 0.360        ; 0.184          ; Low Pulse Width ; clk   ; Rise       ; cont_clk[13]               ;
; 0.176  ; 0.360        ; 0.184          ; Low Pulse Width ; clk   ; Rise       ; cont_clk[14]               ;
; 0.176  ; 0.360        ; 0.184          ; Low Pulse Width ; clk   ; Rise       ; cont_clk[15]               ;
; 0.176  ; 0.360        ; 0.184          ; Low Pulse Width ; clk   ; Rise       ; cont_clk[19]               ;
; 0.176  ; 0.360        ; 0.184          ; Low Pulse Width ; clk   ; Rise       ; cont_clk[20]               ;
; 0.176  ; 0.360        ; 0.184          ; Low Pulse Width ; clk   ; Rise       ; cont_clk[21]               ;
; 0.176  ; 0.360        ; 0.184          ; Low Pulse Width ; clk   ; Rise       ; cont_clk[22]               ;
; 0.176  ; 0.360        ; 0.184          ; Low Pulse Width ; clk   ; Rise       ; cont_clk[23]               ;
; 0.176  ; 0.360        ; 0.184          ; Low Pulse Width ; clk   ; Rise       ; cont_clk[24]               ;
; 0.176  ; 0.360        ; 0.184          ; Low Pulse Width ; clk   ; Rise       ; cont_clk[25]               ;
; 0.180  ; 0.364        ; 0.184          ; Low Pulse Width ; clk   ; Rise       ; control2:CEREBRO|min[0]    ;
; 0.180  ; 0.364        ; 0.184          ; Low Pulse Width ; clk   ; Rise       ; control2:CEREBRO|min[1]    ;
; 0.180  ; 0.364        ; 0.184          ; Low Pulse Width ; clk   ; Rise       ; control2:CEREBRO|min[2]    ;
; 0.180  ; 0.364        ; 0.184          ; Low Pulse Width ; clk   ; Rise       ; control2:CEREBRO|min[3]    ;
; 0.181  ; 0.365        ; 0.184          ; Low Pulse Width ; clk   ; Rise       ; cont_clk[0]                ;
; 0.181  ; 0.365        ; 0.184          ; Low Pulse Width ; clk   ; Rise       ; cont_clk[10]               ;
; 0.181  ; 0.365        ; 0.184          ; Low Pulse Width ; clk   ; Rise       ; cont_clk[11]               ;
; 0.181  ; 0.365        ; 0.184          ; Low Pulse Width ; clk   ; Rise       ; cont_clk[12]               ;
; 0.181  ; 0.365        ; 0.184          ; Low Pulse Width ; clk   ; Rise       ; cont_clk[16]               ;
; 0.181  ; 0.365        ; 0.184          ; Low Pulse Width ; clk   ; Rise       ; cont_clk[17]               ;
; 0.181  ; 0.365        ; 0.184          ; Low Pulse Width ; clk   ; Rise       ; cont_clk[18]               ;
; 0.181  ; 0.365        ; 0.184          ; Low Pulse Width ; clk   ; Rise       ; cont_clk[1]                ;
; 0.181  ; 0.365        ; 0.184          ; Low Pulse Width ; clk   ; Rise       ; cont_clk[2]                ;
; 0.181  ; 0.365        ; 0.184          ; Low Pulse Width ; clk   ; Rise       ; cont_clk[3]                ;
; 0.181  ; 0.365        ; 0.184          ; Low Pulse Width ; clk   ; Rise       ; cont_clk[4]                ;
; 0.181  ; 0.365        ; 0.184          ; Low Pulse Width ; clk   ; Rise       ; cont_clk[5]                ;
; 0.181  ; 0.365        ; 0.184          ; Low Pulse Width ; clk   ; Rise       ; cont_clk[6]                ;
; 0.181  ; 0.365        ; 0.184          ; Low Pulse Width ; clk   ; Rise       ; cont_clk[7]                ;
; 0.181  ; 0.365        ; 0.184          ; Low Pulse Width ; clk   ; Rise       ; cont_clk[8]                ;
; 0.181  ; 0.365        ; 0.184          ; Low Pulse Width ; clk   ; Rise       ; cont_clk[9]                ;
; 0.181  ; 0.365        ; 0.184          ; Low Pulse Width ; clk   ; Rise       ; en_1hz_int                 ;
; 0.184  ; 0.368        ; 0.184          ; Low Pulse Width ; clk   ; Rise       ; control2:CEREBRO|corriendo ;
; 0.184  ; 0.368        ; 0.184          ; Low Pulse Width ; clk   ; Rise       ; control2:CEREBRO|sd[0]     ;
; 0.184  ; 0.368        ; 0.184          ; Low Pulse Width ; clk   ; Rise       ; control2:CEREBRO|sd[1]     ;
; 0.184  ; 0.368        ; 0.184          ; Low Pulse Width ; clk   ; Rise       ; control2:CEREBRO|sd[2]     ;
; 0.184  ; 0.368        ; 0.184          ; Low Pulse Width ; clk   ; Rise       ; control2:CEREBRO|sd[3]     ;
; 0.184  ; 0.368        ; 0.184          ; Low Pulse Width ; clk   ; Rise       ; control2:CEREBRO|su[0]     ;
; 0.184  ; 0.368        ; 0.184          ; Low Pulse Width ; clk   ; Rise       ; control2:CEREBRO|su[1]     ;
; 0.184  ; 0.368        ; 0.184          ; Low Pulse Width ; clk   ; Rise       ; control2:CEREBRO|su[2]     ;
; 0.184  ; 0.368        ; 0.184          ; Low Pulse Width ; clk   ; Rise       ; control2:CEREBRO|su[3]     ;
; 0.336  ; 0.336        ; 0.000          ; Low Pulse Width ; clk   ; Rise       ; cont_clk[13]|clk           ;
; 0.336  ; 0.336        ; 0.000          ; Low Pulse Width ; clk   ; Rise       ; cont_clk[14]|clk           ;
; 0.336  ; 0.336        ; 0.000          ; Low Pulse Width ; clk   ; Rise       ; cont_clk[15]|clk           ;
; 0.336  ; 0.336        ; 0.000          ; Low Pulse Width ; clk   ; Rise       ; cont_clk[19]|clk           ;
; 0.336  ; 0.336        ; 0.000          ; Low Pulse Width ; clk   ; Rise       ; cont_clk[20]|clk           ;
; 0.336  ; 0.336        ; 0.000          ; Low Pulse Width ; clk   ; Rise       ; cont_clk[21]|clk           ;
; 0.336  ; 0.336        ; 0.000          ; Low Pulse Width ; clk   ; Rise       ; cont_clk[22]|clk           ;
; 0.336  ; 0.336        ; 0.000          ; Low Pulse Width ; clk   ; Rise       ; cont_clk[23]|clk           ;
; 0.336  ; 0.336        ; 0.000          ; Low Pulse Width ; clk   ; Rise       ; cont_clk[24]|clk           ;
; 0.336  ; 0.336        ; 0.000          ; Low Pulse Width ; clk   ; Rise       ; cont_clk[25]|clk           ;
; 0.339  ; 0.339        ; 0.000          ; Low Pulse Width ; clk   ; Rise       ; clk~input|o                ;
; 0.340  ; 0.340        ; 0.000          ; Low Pulse Width ; clk   ; Rise       ; CEREBRO|min[0]|clk         ;
; 0.340  ; 0.340        ; 0.000          ; Low Pulse Width ; clk   ; Rise       ; CEREBRO|min[1]|clk         ;
; 0.340  ; 0.340        ; 0.000          ; Low Pulse Width ; clk   ; Rise       ; CEREBRO|min[2]|clk         ;
; 0.340  ; 0.340        ; 0.000          ; Low Pulse Width ; clk   ; Rise       ; CEREBRO|min[3]|clk         ;
; 0.341  ; 0.341        ; 0.000          ; Low Pulse Width ; clk   ; Rise       ; cont_clk[0]|clk            ;
; 0.341  ; 0.341        ; 0.000          ; Low Pulse Width ; clk   ; Rise       ; cont_clk[10]|clk           ;
; 0.341  ; 0.341        ; 0.000          ; Low Pulse Width ; clk   ; Rise       ; cont_clk[11]|clk           ;
; 0.341  ; 0.341        ; 0.000          ; Low Pulse Width ; clk   ; Rise       ; cont_clk[12]|clk           ;
+--------+--------------+----------------+-----------------+-------+------------+----------------------------+


+-----------------------------------------------------------------------+
; Setup Times                                                           ;
+-----------+------------+-------+-------+------------+-----------------+
; Data Port ; Clock Port ; Rise  ; Fall  ; Clock Edge ; Clock Reference ;
+-----------+------------+-------+-------+------------+-----------------+
; reset     ; clk        ; 2.087 ; 2.479 ; Rise       ; clk             ;
; start     ; clk        ; 1.339 ; 1.683 ; Rise       ; clk             ;
; stop      ; clk        ; 1.107 ; 1.447 ; Rise       ; clk             ;
+-----------+------------+-------+-------+------------+-----------------+


+-------------------------------------------------------------------------+
; Hold Times                                                              ;
+-----------+------------+--------+--------+------------+-----------------+
; Data Port ; Clock Port ; Rise   ; Fall   ; Clock Edge ; Clock Reference ;
+-----------+------------+--------+--------+------------+-----------------+
; reset     ; clk        ; -0.918 ; -1.279 ; Rise       ; clk             ;
; start     ; clk        ; -1.005 ; -1.347 ; Rise       ; clk             ;
; stop      ; clk        ; -0.789 ; -1.114 ; Rise       ; clk             ;
+-----------+------------+--------+--------+------------+-----------------+


+---------------------------------------------------------------------------+
; Clock to Output Times                                                     ;
+---------------+------------+-------+-------+------------+-----------------+
; Data Port     ; Clock Port ; Rise  ; Fall  ; Clock Edge ; Clock Reference ;
+---------------+------------+-------+-------+------------+-----------------+
; disp_min[*]   ; clk        ; 6.917 ; 6.802 ; Rise       ; clk             ;
;  disp_min[0]  ; clk        ; 5.870 ; 5.788 ; Rise       ; clk             ;
;  disp_min[1]  ; clk        ; 5.549 ; 5.635 ; Rise       ; clk             ;
;  disp_min[2]  ; clk        ; 5.946 ; 5.827 ; Rise       ; clk             ;
;  disp_min[3]  ; clk        ; 5.918 ; 5.866 ; Rise       ; clk             ;
;  disp_min[4]  ; clk        ; 5.514 ; 5.616 ; Rise       ; clk             ;
;  disp_min[5]  ; clk        ; 5.904 ; 5.856 ; Rise       ; clk             ;
;  disp_min[6]  ; clk        ; 6.917 ; 6.802 ; Rise       ; clk             ;
; disp_secd[*]  ; clk        ; 5.920 ; 5.885 ; Rise       ; clk             ;
;  disp_secd[0] ; clk        ; 5.663 ; 5.612 ; Rise       ; clk             ;
;  disp_secd[1] ; clk        ; 5.636 ; 5.691 ; Rise       ; clk             ;
;  disp_secd[2] ; clk        ; 5.833 ; 5.681 ; Rise       ; clk             ;
;  disp_secd[3] ; clk        ; 5.920 ; 5.885 ; Rise       ; clk             ;
;  disp_secd[4] ; clk        ; 5.522 ; 5.621 ; Rise       ; clk             ;
;  disp_secd[5] ; clk        ; 5.920 ; 5.881 ; Rise       ; clk             ;
;  disp_secd[6] ; clk        ; 5.601 ; 5.598 ; Rise       ; clk             ;
; disp_secu[*]  ; clk        ; 6.802 ; 6.824 ; Rise       ; clk             ;
;  disp_secu[0] ; clk        ; 5.744 ; 5.703 ; Rise       ; clk             ;
;  disp_secu[1] ; clk        ; 5.705 ; 5.748 ; Rise       ; clk             ;
;  disp_secu[2] ; clk        ; 6.802 ; 6.824 ; Rise       ; clk             ;
;  disp_secu[3] ; clk        ; 5.648 ; 5.580 ; Rise       ; clk             ;
;  disp_secu[4] ; clk        ; 5.678 ; 5.716 ; Rise       ; clk             ;
;  disp_secu[5] ; clk        ; 6.082 ; 6.008 ; Rise       ; clk             ;
;  disp_secu[6] ; clk        ; 5.719 ; 5.729 ; Rise       ; clk             ;
+---------------+------------+-------+-------+------------+-----------------+


+---------------------------------------------------------------------------+
; Minimum Clock to Output Times                                             ;
+---------------+------------+-------+-------+------------+-----------------+
; Data Port     ; Clock Port ; Rise  ; Fall  ; Clock Edge ; Clock Reference ;
+---------------+------------+-------+-------+------------+-----------------+
; disp_min[*]   ; clk        ; 5.197 ; 5.215 ; Rise       ; clk             ;
;  disp_min[0]  ; clk        ; 5.419 ; 5.358 ; Rise       ; clk             ;
;  disp_min[1]  ; clk        ; 5.244 ; 5.215 ; Rise       ; clk             ;
;  disp_min[2]  ; clk        ; 5.578 ; 5.472 ; Rise       ; clk             ;
;  disp_min[3]  ; clk        ; 5.467 ; 5.435 ; Rise       ; clk             ;
;  disp_min[4]  ; clk        ; 5.197 ; 5.242 ; Rise       ; clk             ;
;  disp_min[5]  ; clk        ; 5.453 ; 5.469 ; Rise       ; clk             ;
;  disp_min[6]  ; clk        ; 6.486 ; 6.464 ; Rise       ; clk             ;
; disp_secd[*]  ; clk        ; 5.167 ; 5.192 ; Rise       ; clk             ;
;  disp_secd[0] ; clk        ; 5.223 ; 5.192 ; Rise       ; clk             ;
;  disp_secd[1] ; clk        ; 5.323 ; 5.269 ; Rise       ; clk             ;
;  disp_secd[2] ; clk        ; 5.467 ; 5.332 ; Rise       ; clk             ;
;  disp_secd[3] ; clk        ; 5.466 ; 5.447 ; Rise       ; clk             ;
;  disp_secd[4] ; clk        ; 5.212 ; 5.246 ; Rise       ; clk             ;
;  disp_secd[5] ; clk        ; 5.475 ; 5.501 ; Rise       ; clk             ;
;  disp_secd[6] ; clk        ; 5.167 ; 5.266 ; Rise       ; clk             ;
; disp_secu[*]  ; clk        ; 5.147 ; 5.026 ; Rise       ; clk             ;
;  disp_secu[0] ; clk        ; 5.244 ; 5.151 ; Rise       ; clk             ;
;  disp_secu[1] ; clk        ; 5.407 ; 5.363 ; Rise       ; clk             ;
;  disp_secu[2] ; clk        ; 6.495 ; 6.496 ; Rise       ; clk             ;
;  disp_secu[3] ; clk        ; 5.147 ; 5.026 ; Rise       ; clk             ;
;  disp_secu[4] ; clk        ; 5.369 ; 5.386 ; Rise       ; clk             ;
;  disp_secu[5] ; clk        ; 5.571 ; 5.482 ; Rise       ; clk             ;
;  disp_secu[6] ; clk        ; 5.202 ; 5.176 ; Rise       ; clk             ;
+---------------+------------+-------+-------+------------+-----------------+


---------------------------------------------
; Slow 1200mV 0C Model Metastability Report ;
---------------------------------------------
No synchronizer chains to report.


+------------------------------------+
; Fast 1200mV 0C Model Setup Summary ;
+-------+--------+-------------------+
; Clock ; Slack  ; End Point TNS     ;
+-------+--------+-------------------+
; clk   ; -0.783 ; -16.916           ;
+-------+--------+-------------------+


+-----------------------------------+
; Fast 1200mV 0C Model Hold Summary ;
+-------+-------+-------------------+
; Clock ; Slack ; End Point TNS     ;
+-------+-------+-------------------+
; clk   ; 0.187 ; 0.000             ;
+-------+-------+-------------------+


-----------------------------------------
; Fast 1200mV 0C Model Recovery Summary ;
-----------------------------------------
No paths to report.


----------------------------------------
; Fast 1200mV 0C Model Removal Summary ;
----------------------------------------
No paths to report.


+--------------------------------------------------+
; Fast 1200mV 0C Model Minimum Pulse Width Summary ;
+-------+--------+---------------------------------+
; Clock ; Slack  ; End Point TNS                   ;
+-------+--------+---------------------------------+
; clk   ; -3.000 ; -45.516                         ;
+-------+--------+---------------------------------+


+---------------------------------------------------------------------------------------------------------------------------------+
; Fast 1200mV 0C Model Setup: 'clk'                                                                                               ;
+--------+------------------------+-------------------------+--------------+-------------+--------------+------------+------------+
; Slack  ; From Node              ; To Node                 ; Launch Clock ; Latch Clock ; Relationship ; Clock Skew ; Data Delay ;
+--------+------------------------+-------------------------+--------------+-------------+--------------+------------+------------+
; -0.783 ; cont_clk[12]           ; cont_clk[7]             ; clk          ; clk         ; 1.000        ; -0.036     ; 1.734      ;
; -0.782 ; cont_clk[12]           ; cont_clk[12]            ; clk          ; clk         ; 1.000        ; -0.036     ; 1.733      ;
; -0.737 ; cont_clk[10]           ; cont_clk[7]             ; clk          ; clk         ; 1.000        ; -0.036     ; 1.688      ;
; -0.736 ; cont_clk[10]           ; cont_clk[12]            ; clk          ; clk         ; 1.000        ; -0.036     ; 1.687      ;
; -0.727 ; cont_clk[1]            ; cont_clk[7]             ; clk          ; clk         ; 1.000        ; -0.036     ; 1.678      ;
; -0.726 ; cont_clk[1]            ; cont_clk[12]            ; clk          ; clk         ; 1.000        ; -0.036     ; 1.677      ;
; -0.710 ; cont_clk[9]            ; cont_clk[7]             ; clk          ; clk         ; 1.000        ; -0.036     ; 1.661      ;
; -0.709 ; cont_clk[1]            ; cont_clk[25]            ; clk          ; clk         ; 1.000        ; 0.154      ; 1.850      ;
; -0.709 ; cont_clk[9]            ; cont_clk[12]            ; clk          ; clk         ; 1.000        ; -0.036     ; 1.660      ;
; -0.701 ; cont_clk[1]            ; cont_clk[23]            ; clk          ; clk         ; 1.000        ; 0.154      ; 1.842      ;
; -0.699 ; cont_clk[15]           ; cont_clk[7]             ; clk          ; clk         ; 1.000        ; -0.233     ; 1.453      ;
; -0.698 ; cont_clk[15]           ; cont_clk[12]            ; clk          ; clk         ; 1.000        ; -0.233     ; 1.452      ;
; -0.696 ; cont_clk[0]            ; cont_clk[25]            ; clk          ; clk         ; 1.000        ; 0.154      ; 1.837      ;
; -0.692 ; cont_clk[14]           ; cont_clk[7]             ; clk          ; clk         ; 1.000        ; -0.233     ; 1.446      ;
; -0.691 ; cont_clk[14]           ; cont_clk[12]            ; clk          ; clk         ; 1.000        ; -0.233     ; 1.445      ;
; -0.688 ; cont_clk[0]            ; cont_clk[23]            ; clk          ; clk         ; 1.000        ; 0.154      ; 1.829      ;
; -0.672 ; control2:CEREBRO|su[2] ; control2:CEREBRO|sd[0]  ; clk          ; clk         ; 1.000        ; -0.036     ; 1.623      ;
; -0.672 ; control2:CEREBRO|su[2] ; control2:CEREBRO|sd[1]  ; clk          ; clk         ; 1.000        ; -0.036     ; 1.623      ;
; -0.672 ; control2:CEREBRO|su[2] ; control2:CEREBRO|sd[2]  ; clk          ; clk         ; 1.000        ; -0.036     ; 1.623      ;
; -0.672 ; control2:CEREBRO|su[2] ; control2:CEREBRO|sd[3]  ; clk          ; clk         ; 1.000        ; -0.036     ; 1.623      ;
; -0.653 ; cont_clk[5]            ; cont_clk[7]             ; clk          ; clk         ; 1.000        ; -0.036     ; 1.604      ;
; -0.652 ; cont_clk[5]            ; cont_clk[12]            ; clk          ; clk         ; 1.000        ; -0.036     ; 1.603      ;
; -0.651 ; cont_clk[2]            ; cont_clk[7]             ; clk          ; clk         ; 1.000        ; -0.036     ; 1.602      ;
; -0.650 ; cont_clk[2]            ; cont_clk[12]            ; clk          ; clk         ; 1.000        ; -0.036     ; 1.601      ;
; -0.639 ; cont_clk[3]            ; cont_clk[25]            ; clk          ; clk         ; 1.000        ; 0.154      ; 1.780      ;
; -0.632 ; cont_clk[7]            ; cont_clk[7]             ; clk          ; clk         ; 1.000        ; -0.036     ; 1.583      ;
; -0.631 ; cont_clk[3]            ; cont_clk[23]            ; clk          ; clk         ; 1.000        ; 0.154      ; 1.772      ;
; -0.631 ; cont_clk[7]            ; cont_clk[12]            ; clk          ; clk         ; 1.000        ; -0.036     ; 1.582      ;
; -0.628 ; cont_clk[2]            ; cont_clk[25]            ; clk          ; clk         ; 1.000        ; 0.154      ; 1.769      ;
; -0.625 ; cont_clk[12]           ; cont_clk[17]            ; clk          ; clk         ; 1.000        ; -0.035     ; 1.577      ;
; -0.622 ; cont_clk[8]            ; cont_clk[7]             ; clk          ; clk         ; 1.000        ; -0.036     ; 1.573      ;
; -0.621 ; cont_clk[8]            ; cont_clk[12]            ; clk          ; clk         ; 1.000        ; -0.036     ; 1.572      ;
; -0.620 ; cont_clk[2]            ; cont_clk[23]            ; clk          ; clk         ; 1.000        ; 0.154      ; 1.761      ;
; -0.610 ; cont_clk[13]           ; cont_clk[7]             ; clk          ; clk         ; 1.000        ; -0.233     ; 1.364      ;
; -0.609 ; cont_clk[13]           ; cont_clk[12]            ; clk          ; clk         ; 1.000        ; -0.233     ; 1.363      ;
; -0.608 ; cont_clk[1]            ; cont_clk[17]            ; clk          ; clk         ; 1.000        ; -0.035     ; 1.560      ;
; -0.605 ; cont_clk[3]            ; cont_clk[7]             ; clk          ; clk         ; 1.000        ; -0.036     ; 1.556      ;
; -0.604 ; cont_clk[3]            ; cont_clk[12]            ; clk          ; clk         ; 1.000        ; -0.036     ; 1.555      ;
; -0.600 ; en_1hz_int             ; control2:CEREBRO|su[0]  ; clk          ; clk         ; 1.000        ; -0.037     ; 1.550      ;
; -0.600 ; en_1hz_int             ; control2:CEREBRO|su[1]  ; clk          ; clk         ; 1.000        ; -0.037     ; 1.550      ;
; -0.600 ; en_1hz_int             ; control2:CEREBRO|su[2]  ; clk          ; clk         ; 1.000        ; -0.037     ; 1.550      ;
; -0.600 ; en_1hz_int             ; control2:CEREBRO|su[3]  ; clk          ; clk         ; 1.000        ; -0.037     ; 1.550      ;
; -0.599 ; cont_clk[4]            ; cont_clk[7]             ; clk          ; clk         ; 1.000        ; -0.036     ; 1.550      ;
; -0.598 ; cont_clk[4]            ; cont_clk[12]            ; clk          ; clk         ; 1.000        ; -0.036     ; 1.549      ;
; -0.595 ; cont_clk[0]            ; cont_clk[17]            ; clk          ; clk         ; 1.000        ; -0.035     ; 1.547      ;
; -0.587 ; cont_clk[13]           ; cont_clk[25]            ; clk          ; clk         ; 1.000        ; -0.043     ; 1.531      ;
; -0.582 ; cont_clk[1]            ; cont_clk[19]            ; clk          ; clk         ; 1.000        ; 0.154      ; 1.723      ;
; -0.581 ; cont_clk[12]           ; cont_clk[22]            ; clk          ; clk         ; 1.000        ; 0.154      ; 1.722      ;
; -0.579 ; cont_clk[12]           ; en_1hz_int              ; clk          ; clk         ; 1.000        ; -0.034     ; 1.532      ;
; -0.579 ; cont_clk[13]           ; cont_clk[23]            ; clk          ; clk         ; 1.000        ; -0.043     ; 1.523      ;
; -0.579 ; cont_clk[10]           ; cont_clk[17]            ; clk          ; clk         ; 1.000        ; -0.035     ; 1.531      ;
; -0.569 ; cont_clk[0]            ; cont_clk[19]            ; clk          ; clk         ; 1.000        ; 0.154      ; 1.710      ;
; -0.568 ; cont_clk[5]            ; cont_clk[25]            ; clk          ; clk         ; 1.000        ; 0.154      ; 1.709      ;
; -0.567 ; cont_clk[11]           ; cont_clk[7]             ; clk          ; clk         ; 1.000        ; -0.036     ; 1.518      ;
; -0.566 ; cont_clk[11]           ; cont_clk[12]            ; clk          ; clk         ; 1.000        ; -0.036     ; 1.517      ;
; -0.560 ; cont_clk[5]            ; cont_clk[23]            ; clk          ; clk         ; 1.000        ; 0.154      ; 1.701      ;
; -0.560 ; cont_clk[4]            ; cont_clk[25]            ; clk          ; clk         ; 1.000        ; 0.154      ; 1.701      ;
; -0.558 ; cont_clk[1]            ; cont_clk[21]            ; clk          ; clk         ; 1.000        ; 0.154      ; 1.699      ;
; -0.552 ; cont_clk[4]            ; cont_clk[23]            ; clk          ; clk         ; 1.000        ; 0.154      ; 1.693      ;
; -0.552 ; cont_clk[9]            ; cont_clk[17]            ; clk          ; clk         ; 1.000        ; -0.035     ; 1.504      ;
; -0.550 ; cont_clk[1]            ; cont_clk[20]            ; clk          ; clk         ; 1.000        ; 0.154      ; 1.691      ;
; -0.550 ; control2:CEREBRO|su[2] ; control2:CEREBRO|min[1] ; clk          ; clk         ; 1.000        ; -0.031     ; 1.506      ;
; -0.549 ; control2:CEREBRO|su[0] ; control2:CEREBRO|sd[0]  ; clk          ; clk         ; 1.000        ; -0.036     ; 1.500      ;
; -0.549 ; control2:CEREBRO|su[0] ; control2:CEREBRO|sd[1]  ; clk          ; clk         ; 1.000        ; -0.036     ; 1.500      ;
; -0.549 ; control2:CEREBRO|su[0] ; control2:CEREBRO|sd[2]  ; clk          ; clk         ; 1.000        ; -0.036     ; 1.500      ;
; -0.549 ; control2:CEREBRO|su[0] ; control2:CEREBRO|sd[3]  ; clk          ; clk         ; 1.000        ; -0.036     ; 1.500      ;
; -0.548 ; control2:CEREBRO|su[2] ; control2:CEREBRO|min[2] ; clk          ; clk         ; 1.000        ; -0.031     ; 1.504      ;
; -0.548 ; control2:CEREBRO|su[2] ; control2:CEREBRO|min[3] ; clk          ; clk         ; 1.000        ; -0.031     ; 1.504      ;
; -0.548 ; control2:CEREBRO|su[2] ; control2:CEREBRO|min[0] ; clk          ; clk         ; 1.000        ; -0.031     ; 1.504      ;
; -0.545 ; cont_clk[0]            ; cont_clk[21]            ; clk          ; clk         ; 1.000        ; 0.154      ; 1.686      ;
; -0.543 ; cont_clk[1]            ; cont_clk[22]            ; clk          ; clk         ; 1.000        ; 0.154      ; 1.684      ;
; -0.543 ; control2:CEREBRO|su[1] ; control2:CEREBRO|sd[0]  ; clk          ; clk         ; 1.000        ; -0.036     ; 1.494      ;
; -0.543 ; control2:CEREBRO|su[1] ; control2:CEREBRO|sd[1]  ; clk          ; clk         ; 1.000        ; -0.036     ; 1.494      ;
; -0.543 ; control2:CEREBRO|su[1] ; control2:CEREBRO|sd[2]  ; clk          ; clk         ; 1.000        ; -0.036     ; 1.494      ;
; -0.543 ; control2:CEREBRO|su[1] ; control2:CEREBRO|sd[3]  ; clk          ; clk         ; 1.000        ; -0.036     ; 1.494      ;
; -0.541 ; cont_clk[15]           ; cont_clk[17]            ; clk          ; clk         ; 1.000        ; -0.232     ; 1.296      ;
; -0.538 ; cont_clk[3]            ; cont_clk[17]            ; clk          ; clk         ; 1.000        ; -0.035     ; 1.490      ;
; -0.535 ; cont_clk[10]           ; cont_clk[22]            ; clk          ; clk         ; 1.000        ; 0.154      ; 1.676      ;
; -0.534 ; cont_clk[6]            ; cont_clk[7]             ; clk          ; clk         ; 1.000        ; -0.036     ; 1.485      ;
; -0.534 ; cont_clk[14]           ; cont_clk[17]            ; clk          ; clk         ; 1.000        ; -0.232     ; 1.289      ;
; -0.533 ; cont_clk[12]           ; cont_clk[25]            ; clk          ; clk         ; 1.000        ; 0.154      ; 1.674      ;
; -0.533 ; cont_clk[6]            ; cont_clk[12]            ; clk          ; clk         ; 1.000        ; -0.036     ; 1.484      ;
; -0.533 ; cont_clk[10]           ; en_1hz_int              ; clk          ; clk         ; 1.000        ; -0.034     ; 1.486      ;
; -0.532 ; cont_clk[22]           ; cont_clk[7]             ; clk          ; clk         ; 1.000        ; -0.233     ; 1.286      ;
; -0.531 ; cont_clk[12]           ; cont_clk[15]            ; clk          ; clk         ; 1.000        ; 0.154      ; 1.672      ;
; -0.531 ; cont_clk[22]           ; cont_clk[12]            ; clk          ; clk         ; 1.000        ; -0.233     ; 1.285      ;
; -0.530 ; cont_clk[12]           ; cont_clk[14]            ; clk          ; clk         ; 1.000        ; 0.154      ; 1.671      ;
; -0.528 ; cont_clk[12]           ; cont_clk[21]            ; clk          ; clk         ; 1.000        ; 0.154      ; 1.669      ;
; -0.527 ; cont_clk[2]            ; cont_clk[17]            ; clk          ; clk         ; 1.000        ; -0.035     ; 1.479      ;
; -0.523 ; cont_clk[1]            ; en_1hz_int              ; clk          ; clk         ; 1.000        ; -0.034     ; 1.476      ;
; -0.512 ; cont_clk[3]            ; cont_clk[19]            ; clk          ; clk         ; 1.000        ; 0.154      ; 1.653      ;
; -0.509 ; cont_clk[7]            ; cont_clk[25]            ; clk          ; clk         ; 1.000        ; 0.154      ; 1.650      ;
; -0.508 ; cont_clk[9]            ; cont_clk[22]            ; clk          ; clk         ; 1.000        ; 0.154      ; 1.649      ;
; -0.506 ; cont_clk[19]           ; cont_clk[7]             ; clk          ; clk         ; 1.000        ; -0.233     ; 1.260      ;
; -0.506 ; cont_clk[9]            ; en_1hz_int              ; clk          ; clk         ; 1.000        ; -0.034     ; 1.459      ;
; -0.505 ; cont_clk[19]           ; cont_clk[12]            ; clk          ; clk         ; 1.000        ; -0.233     ; 1.259      ;
; -0.503 ; cont_clk[15]           ; cont_clk[25]            ; clk          ; clk         ; 1.000        ; -0.043     ; 1.447      ;
; -0.503 ; cont_clk[23]           ; cont_clk[7]             ; clk          ; clk         ; 1.000        ; -0.233     ; 1.257      ;
; -0.502 ; cont_clk[23]           ; cont_clk[12]            ; clk          ; clk         ; 1.000        ; -0.233     ; 1.256      ;
; -0.501 ; cont_clk[7]            ; cont_clk[23]            ; clk          ; clk         ; 1.000        ; 0.154      ; 1.642      ;
+--------+------------------------+-------------------------+--------------+-------------+--------------+------------+------------+


+---------------------------------------------------------------------------------------------------------------------------------------+
; Fast 1200mV 0C Model Hold: 'clk'                                                                                                      ;
+-------+----------------------------+----------------------------+--------------+-------------+--------------+------------+------------+
; Slack ; From Node                  ; To Node                    ; Launch Clock ; Latch Clock ; Relationship ; Clock Skew ; Data Delay ;
+-------+----------------------------+----------------------------+--------------+-------------+--------------+------------+------------+
; 0.187 ; control2:CEREBRO|corriendo ; control2:CEREBRO|corriendo ; clk          ; clk         ; 0.000        ; 0.036      ; 0.307      ;
; 0.187 ; control2:CEREBRO|su[1]     ; control2:CEREBRO|su[1]     ; clk          ; clk         ; 0.000        ; 0.036      ; 0.307      ;
; 0.187 ; control2:CEREBRO|sd[1]     ; control2:CEREBRO|sd[1]     ; clk          ; clk         ; 0.000        ; 0.036      ; 0.307      ;
; 0.188 ; control2:CEREBRO|min[1]    ; control2:CEREBRO|min[1]    ; clk          ; clk         ; 0.000        ; 0.035      ; 0.307      ;
; 0.188 ; control2:CEREBRO|min[2]    ; control2:CEREBRO|min[2]    ; clk          ; clk         ; 0.000        ; 0.035      ; 0.307      ;
; 0.188 ; control2:CEREBRO|min[3]    ; control2:CEREBRO|min[3]    ; clk          ; clk         ; 0.000        ; 0.035      ; 0.307      ;
; 0.188 ; control2:CEREBRO|min[0]    ; control2:CEREBRO|min[0]    ; clk          ; clk         ; 0.000        ; 0.035      ; 0.307      ;
; 0.194 ; control2:CEREBRO|su[0]     ; control2:CEREBRO|su[0]     ; clk          ; clk         ; 0.000        ; 0.036      ; 0.314      ;
; 0.194 ; control2:CEREBRO|sd[0]     ; control2:CEREBRO|sd[0]     ; clk          ; clk         ; 0.000        ; 0.036      ; 0.314      ;
; 0.227 ; control2:CEREBRO|sd[0]     ; control2:CEREBRO|sd[1]     ; clk          ; clk         ; 0.000        ; 0.036      ; 0.347      ;
; 0.231 ; control2:CEREBRO|su[0]     ; control2:CEREBRO|su[1]     ; clk          ; clk         ; 0.000        ; 0.036      ; 0.351      ;
; 0.298 ; cont_clk[5]                ; cont_clk[5]                ; clk          ; clk         ; 0.000        ; 0.036      ; 0.418      ;
; 0.299 ; cont_clk[6]                ; cont_clk[6]                ; clk          ; clk         ; 0.000        ; 0.036      ; 0.419      ;
; 0.299 ; cont_clk[8]                ; cont_clk[8]                ; clk          ; clk         ; 0.000        ; 0.036      ; 0.419      ;
; 0.299 ; cont_clk[24]               ; cont_clk[24]               ; clk          ; clk         ; 0.000        ; 0.043      ; 0.426      ;
; 0.304 ; cont_clk[3]                ; cont_clk[3]                ; clk          ; clk         ; 0.000        ; 0.036      ; 0.424      ;
; 0.305 ; cont_clk[2]                ; cont_clk[2]                ; clk          ; clk         ; 0.000        ; 0.036      ; 0.425      ;
; 0.305 ; cont_clk[9]                ; cont_clk[9]                ; clk          ; clk         ; 0.000        ; 0.036      ; 0.425      ;
; 0.305 ; cont_clk[10]               ; cont_clk[10]               ; clk          ; clk         ; 0.000        ; 0.036      ; 0.425      ;
; 0.305 ; cont_clk[11]               ; cont_clk[11]               ; clk          ; clk         ; 0.000        ; 0.036      ; 0.425      ;
; 0.305 ; cont_clk[16]               ; cont_clk[16]               ; clk          ; clk         ; 0.000        ; 0.036      ; 0.425      ;
; 0.306 ; cont_clk[1]                ; cont_clk[1]                ; clk          ; clk         ; 0.000        ; 0.036      ; 0.426      ;
; 0.306 ; cont_clk[4]                ; cont_clk[4]                ; clk          ; clk         ; 0.000        ; 0.036      ; 0.426      ;
; 0.306 ; cont_clk[18]               ; cont_clk[18]               ; clk          ; clk         ; 0.000        ; 0.036      ; 0.426      ;
; 0.314 ; cont_clk[0]                ; cont_clk[0]                ; clk          ; clk         ; 0.000        ; 0.036      ; 0.434      ;
; 0.360 ; control2:CEREBRO|min[0]    ; control2:CEREBRO|min[1]    ; clk          ; clk         ; 0.000        ; 0.035      ; 0.479      ;
; 0.403 ; cont_clk[18]               ; cont_clk[24]               ; clk          ; clk         ; 0.000        ; 0.232      ; 0.719      ;
; 0.412 ; control2:CEREBRO|sd[0]     ; control2:CEREBRO|sd[2]     ; clk          ; clk         ; 0.000        ; 0.036      ; 0.532      ;
; 0.412 ; control2:CEREBRO|sd[0]     ; control2:CEREBRO|sd[3]     ; clk          ; clk         ; 0.000        ; 0.036      ; 0.532      ;
; 0.447 ; cont_clk[5]                ; cont_clk[6]                ; clk          ; clk         ; 0.000        ; 0.036      ; 0.567      ;
; 0.451 ; cont_clk[22]               ; cont_clk[22]               ; clk          ; clk         ; 0.000        ; 0.043      ; 0.578      ;
; 0.453 ; cont_clk[3]                ; cont_clk[4]                ; clk          ; clk         ; 0.000        ; 0.036      ; 0.573      ;
; 0.454 ; cont_clk[9]                ; cont_clk[10]               ; clk          ; clk         ; 0.000        ; 0.036      ; 0.574      ;
; 0.455 ; cont_clk[1]                ; cont_clk[2]                ; clk          ; clk         ; 0.000        ; 0.036      ; 0.575      ;
; 0.456 ; cont_clk[17]               ; cont_clk[18]               ; clk          ; clk         ; 0.000        ; 0.036      ; 0.576      ;
; 0.457 ; cont_clk[7]                ; cont_clk[8]                ; clk          ; clk         ; 0.000        ; 0.036      ; 0.577      ;
; 0.457 ; cont_clk[8]                ; cont_clk[9]                ; clk          ; clk         ; 0.000        ; 0.036      ; 0.577      ;
; 0.458 ; cont_clk[17]               ; cont_clk[24]               ; clk          ; clk         ; 0.000        ; 0.232      ; 0.774      ;
; 0.460 ; cont_clk[22]               ; cont_clk[24]               ; clk          ; clk         ; 0.000        ; 0.043      ; 0.587      ;
; 0.460 ; cont_clk[8]                ; cont_clk[10]               ; clk          ; clk         ; 0.000        ; 0.036      ; 0.580      ;
; 0.460 ; cont_clk[6]                ; cont_clk[8]                ; clk          ; clk         ; 0.000        ; 0.036      ; 0.580      ;
; 0.463 ; cont_clk[2]                ; cont_clk[3]                ; clk          ; clk         ; 0.000        ; 0.036      ; 0.583      ;
; 0.463 ; cont_clk[10]               ; cont_clk[11]               ; clk          ; clk         ; 0.000        ; 0.036      ; 0.583      ;
; 0.463 ; cont_clk[0]                ; cont_clk[1]                ; clk          ; clk         ; 0.000        ; 0.036      ; 0.583      ;
; 0.464 ; cont_clk[4]                ; cont_clk[5]                ; clk          ; clk         ; 0.000        ; 0.036      ; 0.584      ;
; 0.466 ; control2:CEREBRO|su[3]     ; control2:CEREBRO|su[3]     ; clk          ; clk         ; 0.000        ; 0.036      ; 0.586      ;
; 0.466 ; control2:CEREBRO|sd[3]     ; control2:CEREBRO|sd[3]     ; clk          ; clk         ; 0.000        ; 0.036      ; 0.586      ;
; 0.466 ; cont_clk[2]                ; cont_clk[4]                ; clk          ; clk         ; 0.000        ; 0.036      ; 0.586      ;
; 0.466 ; cont_clk[0]                ; cont_clk[2]                ; clk          ; clk         ; 0.000        ; 0.036      ; 0.586      ;
; 0.466 ; cont_clk[16]               ; cont_clk[18]               ; clk          ; clk         ; 0.000        ; 0.036      ; 0.586      ;
; 0.467 ; cont_clk[4]                ; cont_clk[6]                ; clk          ; clk         ; 0.000        ; 0.036      ; 0.587      ;
; 0.468 ; cont_clk[16]               ; cont_clk[24]               ; clk          ; clk         ; 0.000        ; 0.232      ; 0.784      ;
; 0.471 ; control2:CEREBRO|sd[3]     ; control2:CEREBRO|sd[2]     ; clk          ; clk         ; 0.000        ; 0.036      ; 0.591      ;
; 0.477 ; control2:CEREBRO|su[3]     ; control2:CEREBRO|su[2]     ; clk          ; clk         ; 0.000        ; 0.036      ; 0.597      ;
; 0.482 ; cont_clk[18]               ; cont_clk[20]               ; clk          ; clk         ; 0.000        ; 0.232      ; 0.798      ;
; 0.485 ; control2:CEREBRO|su[0]     ; control2:CEREBRO|su[2]     ; clk          ; clk         ; 0.000        ; 0.036      ; 0.605      ;
; 0.489 ; cont_clk[18]               ; cont_clk[22]               ; clk          ; clk         ; 0.000        ; 0.232      ; 0.805      ;
; 0.493 ; cont_clk[25]               ; cont_clk[25]               ; clk          ; clk         ; 0.000        ; 0.043      ; 0.620      ;
; 0.497 ; cont_clk[12]               ; cont_clk[14]               ; clk          ; clk         ; 0.000        ; 0.233      ; 0.814      ;
; 0.509 ; cont_clk[23]               ; cont_clk[24]               ; clk          ; clk         ; 0.000        ; 0.043      ; 0.636      ;
; 0.510 ; control2:CEREBRO|min[0]    ; control2:CEREBRO|min[2]    ; clk          ; clk         ; 0.000        ; 0.035      ; 0.629      ;
; 0.512 ; cont_clk[20]               ; cont_clk[20]               ; clk          ; clk         ; 0.000        ; 0.043      ; 0.639      ;
; 0.513 ; control2:CEREBRO|min[0]    ; control2:CEREBRO|min[3]    ; clk          ; clk         ; 0.000        ; 0.035      ; 0.632      ;
; 0.513 ; cont_clk[5]                ; cont_clk[8]                ; clk          ; clk         ; 0.000        ; 0.036      ; 0.633      ;
; 0.516 ; cont_clk[3]                ; cont_clk[5]                ; clk          ; clk         ; 0.000        ; 0.036      ; 0.636      ;
; 0.517 ; cont_clk[9]                ; cont_clk[11]               ; clk          ; clk         ; 0.000        ; 0.036      ; 0.637      ;
; 0.518 ; cont_clk[1]                ; cont_clk[3]                ; clk          ; clk         ; 0.000        ; 0.036      ; 0.638      ;
; 0.519 ; cont_clk[3]                ; cont_clk[6]                ; clk          ; clk         ; 0.000        ; 0.036      ; 0.639      ;
; 0.520 ; cont_clk[17]               ; cont_clk[17]               ; clk          ; clk         ; 0.000        ; 0.036      ; 0.640      ;
; 0.520 ; cont_clk[7]                ; cont_clk[9]                ; clk          ; clk         ; 0.000        ; 0.036      ; 0.640      ;
; 0.521 ; cont_clk[1]                ; cont_clk[4]                ; clk          ; clk         ; 0.000        ; 0.036      ; 0.641      ;
; 0.523 ; cont_clk[7]                ; cont_clk[10]               ; clk          ; clk         ; 0.000        ; 0.036      ; 0.643      ;
; 0.523 ; cont_clk[8]                ; cont_clk[11]               ; clk          ; clk         ; 0.000        ; 0.036      ; 0.643      ;
; 0.523 ; cont_clk[6]                ; cont_clk[9]                ; clk          ; clk         ; 0.000        ; 0.036      ; 0.643      ;
; 0.524 ; cont_clk[12]               ; cont_clk[12]               ; clk          ; clk         ; 0.000        ; 0.036      ; 0.644      ;
; 0.524 ; control2:CEREBRO|sd[2]     ; control2:CEREBRO|sd[2]     ; clk          ; clk         ; 0.000        ; 0.036      ; 0.644      ;
; 0.524 ; control2:CEREBRO|sd[2]     ; control2:CEREBRO|sd[3]     ; clk          ; clk         ; 0.000        ; 0.036      ; 0.644      ;
; 0.526 ; cont_clk[6]                ; cont_clk[10]               ; clk          ; clk         ; 0.000        ; 0.036      ; 0.646      ;
; 0.528 ; cont_clk[20]               ; cont_clk[24]               ; clk          ; clk         ; 0.000        ; 0.043      ; 0.655      ;
; 0.529 ; cont_clk[2]                ; cont_clk[5]                ; clk          ; clk         ; 0.000        ; 0.036      ; 0.649      ;
; 0.529 ; cont_clk[0]                ; cont_clk[3]                ; clk          ; clk         ; 0.000        ; 0.036      ; 0.649      ;
; 0.530 ; control2:CEREBRO|su[1]     ; control2:CEREBRO|su[2]     ; clk          ; clk         ; 0.000        ; 0.036      ; 0.650      ;
; 0.532 ; cont_clk[2]                ; cont_clk[6]                ; clk          ; clk         ; 0.000        ; 0.036      ; 0.652      ;
; 0.532 ; cont_clk[0]                ; cont_clk[4]                ; clk          ; clk         ; 0.000        ; 0.036      ; 0.652      ;
; 0.533 ; cont_clk[4]                ; cont_clk[8]                ; clk          ; clk         ; 0.000        ; 0.036      ; 0.653      ;
; 0.536 ; cont_clk[12]               ; cont_clk[16]               ; clk          ; clk         ; 0.000        ; 0.037      ; 0.657      ;
; 0.537 ; cont_clk[17]               ; cont_clk[20]               ; clk          ; clk         ; 0.000        ; 0.232      ; 0.853      ;
; 0.539 ; control2:CEREBRO|su[3]     ; control2:CEREBRO|su[1]     ; clk          ; clk         ; 0.000        ; 0.036      ; 0.659      ;
; 0.544 ; cont_clk[17]               ; cont_clk[22]               ; clk          ; clk         ; 0.000        ; 0.232      ; 0.860      ;
; 0.546 ; cont_clk[11]               ; cont_clk[14]               ; clk          ; clk         ; 0.000        ; 0.233      ; 0.863      ;
; 0.547 ; cont_clk[16]               ; cont_clk[20]               ; clk          ; clk         ; 0.000        ; 0.232      ; 0.863      ;
; 0.551 ; control2:CEREBRO|su[1]     ; control2:CEREBRO|su[3]     ; clk          ; clk         ; 0.000        ; 0.036      ; 0.671      ;
; 0.553 ; cont_clk[18]               ; cont_clk[21]               ; clk          ; clk         ; 0.000        ; 0.232      ; 0.869      ;
; 0.554 ; control2:CEREBRO|sd[1]     ; control2:CEREBRO|sd[3]     ; clk          ; clk         ; 0.000        ; 0.036      ; 0.674      ;
; 0.554 ; cont_clk[16]               ; cont_clk[22]               ; clk          ; clk         ; 0.000        ; 0.232      ; 0.870      ;
; 0.558 ; cont_clk[10]               ; cont_clk[14]               ; clk          ; clk         ; 0.000        ; 0.233      ; 0.875      ;
; 0.559 ; cont_clk[18]               ; cont_clk[19]               ; clk          ; clk         ; 0.000        ; 0.232      ; 0.875      ;
; 0.559 ; control2:CEREBRO|sd[1]     ; control2:CEREBRO|sd[2]     ; clk          ; clk         ; 0.000        ; 0.036      ; 0.679      ;
; 0.566 ; cont_clk[12]               ; cont_clk[13]               ; clk          ; clk         ; 0.000        ; 0.233      ; 0.883      ;
; 0.566 ; cont_clk[12]               ; cont_clk[15]               ; clk          ; clk         ; 0.000        ; 0.233      ; 0.883      ;
+-------+----------------------------+----------------------------+--------------+-------------+--------------+------------+------------+


+------------------------------------------------------------------------------------------------------------+
; Fast 1200mV 0C Model Minimum Pulse Width: 'clk'                                                            ;
+--------+--------------+----------------+-----------------+-------+------------+----------------------------+
; Slack  ; Actual Width ; Required Width ; Type            ; Clock ; Clock Edge ; Target                     ;
+--------+--------------+----------------+-----------------+-------+------------+----------------------------+
; -3.000 ; 1.000        ; 4.000          ; Port Rate       ; clk   ; Rise       ; clk                        ;
; -1.000 ; 1.000        ; 2.000          ; Min Period      ; clk   ; Rise       ; cont_clk[0]                ;
; -1.000 ; 1.000        ; 2.000          ; Min Period      ; clk   ; Rise       ; cont_clk[10]               ;
; -1.000 ; 1.000        ; 2.000          ; Min Period      ; clk   ; Rise       ; cont_clk[11]               ;
; -1.000 ; 1.000        ; 2.000          ; Min Period      ; clk   ; Rise       ; cont_clk[12]               ;
; -1.000 ; 1.000        ; 2.000          ; Min Period      ; clk   ; Rise       ; cont_clk[13]               ;
; -1.000 ; 1.000        ; 2.000          ; Min Period      ; clk   ; Rise       ; cont_clk[14]               ;
; -1.000 ; 1.000        ; 2.000          ; Min Period      ; clk   ; Rise       ; cont_clk[15]               ;
; -1.000 ; 1.000        ; 2.000          ; Min Period      ; clk   ; Rise       ; cont_clk[16]               ;
; -1.000 ; 1.000        ; 2.000          ; Min Period      ; clk   ; Rise       ; cont_clk[17]               ;
; -1.000 ; 1.000        ; 2.000          ; Min Period      ; clk   ; Rise       ; cont_clk[18]               ;
; -1.000 ; 1.000        ; 2.000          ; Min Period      ; clk   ; Rise       ; cont_clk[19]               ;
; -1.000 ; 1.000        ; 2.000          ; Min Period      ; clk   ; Rise       ; cont_clk[1]                ;
; -1.000 ; 1.000        ; 2.000          ; Min Period      ; clk   ; Rise       ; cont_clk[20]               ;
; -1.000 ; 1.000        ; 2.000          ; Min Period      ; clk   ; Rise       ; cont_clk[21]               ;
; -1.000 ; 1.000        ; 2.000          ; Min Period      ; clk   ; Rise       ; cont_clk[22]               ;
; -1.000 ; 1.000        ; 2.000          ; Min Period      ; clk   ; Rise       ; cont_clk[23]               ;
; -1.000 ; 1.000        ; 2.000          ; Min Period      ; clk   ; Rise       ; cont_clk[24]               ;
; -1.000 ; 1.000        ; 2.000          ; Min Period      ; clk   ; Rise       ; cont_clk[25]               ;
; -1.000 ; 1.000        ; 2.000          ; Min Period      ; clk   ; Rise       ; cont_clk[2]                ;
; -1.000 ; 1.000        ; 2.000          ; Min Period      ; clk   ; Rise       ; cont_clk[3]                ;
; -1.000 ; 1.000        ; 2.000          ; Min Period      ; clk   ; Rise       ; cont_clk[4]                ;
; -1.000 ; 1.000        ; 2.000          ; Min Period      ; clk   ; Rise       ; cont_clk[5]                ;
; -1.000 ; 1.000        ; 2.000          ; Min Period      ; clk   ; Rise       ; cont_clk[6]                ;
; -1.000 ; 1.000        ; 2.000          ; Min Period      ; clk   ; Rise       ; cont_clk[7]                ;
; -1.000 ; 1.000        ; 2.000          ; Min Period      ; clk   ; Rise       ; cont_clk[8]                ;
; -1.000 ; 1.000        ; 2.000          ; Min Period      ; clk   ; Rise       ; cont_clk[9]                ;
; -1.000 ; 1.000        ; 2.000          ; Min Period      ; clk   ; Rise       ; control2:CEREBRO|corriendo ;
; -1.000 ; 1.000        ; 2.000          ; Min Period      ; clk   ; Rise       ; control2:CEREBRO|min[0]    ;
; -1.000 ; 1.000        ; 2.000          ; Min Period      ; clk   ; Rise       ; control2:CEREBRO|min[1]    ;
; -1.000 ; 1.000        ; 2.000          ; Min Period      ; clk   ; Rise       ; control2:CEREBRO|min[2]    ;
; -1.000 ; 1.000        ; 2.000          ; Min Period      ; clk   ; Rise       ; control2:CEREBRO|min[3]    ;
; -1.000 ; 1.000        ; 2.000          ; Min Period      ; clk   ; Rise       ; control2:CEREBRO|sd[0]     ;
; -1.000 ; 1.000        ; 2.000          ; Min Period      ; clk   ; Rise       ; control2:CEREBRO|sd[1]     ;
; -1.000 ; 1.000        ; 2.000          ; Min Period      ; clk   ; Rise       ; control2:CEREBRO|sd[2]     ;
; -1.000 ; 1.000        ; 2.000          ; Min Period      ; clk   ; Rise       ; control2:CEREBRO|sd[3]     ;
; -1.000 ; 1.000        ; 2.000          ; Min Period      ; clk   ; Rise       ; control2:CEREBRO|su[0]     ;
; -1.000 ; 1.000        ; 2.000          ; Min Period      ; clk   ; Rise       ; control2:CEREBRO|su[1]     ;
; -1.000 ; 1.000        ; 2.000          ; Min Period      ; clk   ; Rise       ; control2:CEREBRO|su[2]     ;
; -1.000 ; 1.000        ; 2.000          ; Min Period      ; clk   ; Rise       ; control2:CEREBRO|su[3]     ;
; -1.000 ; 1.000        ; 2.000          ; Min Period      ; clk   ; Rise       ; en_1hz_int                 ;
; -0.084 ; 0.100        ; 0.184          ; Low Pulse Width ; clk   ; Rise       ; cont_clk[13]               ;
; -0.084 ; 0.100        ; 0.184          ; Low Pulse Width ; clk   ; Rise       ; cont_clk[14]               ;
; -0.084 ; 0.100        ; 0.184          ; Low Pulse Width ; clk   ; Rise       ; cont_clk[15]               ;
; -0.084 ; 0.100        ; 0.184          ; Low Pulse Width ; clk   ; Rise       ; cont_clk[19]               ;
; -0.084 ; 0.100        ; 0.184          ; Low Pulse Width ; clk   ; Rise       ; cont_clk[20]               ;
; -0.084 ; 0.100        ; 0.184          ; Low Pulse Width ; clk   ; Rise       ; cont_clk[21]               ;
; -0.084 ; 0.100        ; 0.184          ; Low Pulse Width ; clk   ; Rise       ; cont_clk[22]               ;
; -0.084 ; 0.100        ; 0.184          ; Low Pulse Width ; clk   ; Rise       ; cont_clk[23]               ;
; -0.084 ; 0.100        ; 0.184          ; Low Pulse Width ; clk   ; Rise       ; cont_clk[24]               ;
; -0.084 ; 0.100        ; 0.184          ; Low Pulse Width ; clk   ; Rise       ; cont_clk[25]               ;
; -0.056 ; 0.128        ; 0.184          ; Low Pulse Width ; clk   ; Rise       ; cont_clk[0]                ;
; -0.056 ; 0.128        ; 0.184          ; Low Pulse Width ; clk   ; Rise       ; cont_clk[10]               ;
; -0.056 ; 0.128        ; 0.184          ; Low Pulse Width ; clk   ; Rise       ; cont_clk[11]               ;
; -0.056 ; 0.128        ; 0.184          ; Low Pulse Width ; clk   ; Rise       ; cont_clk[12]               ;
; -0.056 ; 0.128        ; 0.184          ; Low Pulse Width ; clk   ; Rise       ; cont_clk[1]                ;
; -0.056 ; 0.128        ; 0.184          ; Low Pulse Width ; clk   ; Rise       ; cont_clk[2]                ;
; -0.056 ; 0.128        ; 0.184          ; Low Pulse Width ; clk   ; Rise       ; cont_clk[3]                ;
; -0.056 ; 0.128        ; 0.184          ; Low Pulse Width ; clk   ; Rise       ; cont_clk[4]                ;
; -0.056 ; 0.128        ; 0.184          ; Low Pulse Width ; clk   ; Rise       ; cont_clk[5]                ;
; -0.056 ; 0.128        ; 0.184          ; Low Pulse Width ; clk   ; Rise       ; cont_clk[6]                ;
; -0.056 ; 0.128        ; 0.184          ; Low Pulse Width ; clk   ; Rise       ; cont_clk[7]                ;
; -0.056 ; 0.128        ; 0.184          ; Low Pulse Width ; clk   ; Rise       ; cont_clk[8]                ;
; -0.056 ; 0.128        ; 0.184          ; Low Pulse Width ; clk   ; Rise       ; cont_clk[9]                ;
; -0.056 ; 0.128        ; 0.184          ; Low Pulse Width ; clk   ; Rise       ; control2:CEREBRO|corriendo ;
; -0.056 ; 0.128        ; 0.184          ; Low Pulse Width ; clk   ; Rise       ; control2:CEREBRO|min[0]    ;
; -0.056 ; 0.128        ; 0.184          ; Low Pulse Width ; clk   ; Rise       ; control2:CEREBRO|min[1]    ;
; -0.056 ; 0.128        ; 0.184          ; Low Pulse Width ; clk   ; Rise       ; control2:CEREBRO|min[2]    ;
; -0.056 ; 0.128        ; 0.184          ; Low Pulse Width ; clk   ; Rise       ; control2:CEREBRO|min[3]    ;
; -0.056 ; 0.128        ; 0.184          ; Low Pulse Width ; clk   ; Rise       ; control2:CEREBRO|sd[0]     ;
; -0.056 ; 0.128        ; 0.184          ; Low Pulse Width ; clk   ; Rise       ; control2:CEREBRO|sd[1]     ;
; -0.056 ; 0.128        ; 0.184          ; Low Pulse Width ; clk   ; Rise       ; control2:CEREBRO|sd[2]     ;
; -0.056 ; 0.128        ; 0.184          ; Low Pulse Width ; clk   ; Rise       ; control2:CEREBRO|sd[3]     ;
; -0.056 ; 0.128        ; 0.184          ; Low Pulse Width ; clk   ; Rise       ; control2:CEREBRO|su[0]     ;
; -0.056 ; 0.128        ; 0.184          ; Low Pulse Width ; clk   ; Rise       ; control2:CEREBRO|su[1]     ;
; -0.056 ; 0.128        ; 0.184          ; Low Pulse Width ; clk   ; Rise       ; control2:CEREBRO|su[2]     ;
; -0.056 ; 0.128        ; 0.184          ; Low Pulse Width ; clk   ; Rise       ; control2:CEREBRO|su[3]     ;
; -0.055 ; 0.129        ; 0.184          ; Low Pulse Width ; clk   ; Rise       ; cont_clk[16]               ;
; -0.055 ; 0.129        ; 0.184          ; Low Pulse Width ; clk   ; Rise       ; cont_clk[17]               ;
; -0.055 ; 0.129        ; 0.184          ; Low Pulse Width ; clk   ; Rise       ; cont_clk[18]               ;
; -0.055 ; 0.129        ; 0.184          ; Low Pulse Width ; clk   ; Rise       ; en_1hz_int                 ;
; 0.096  ; 0.096        ; 0.000          ; Low Pulse Width ; clk   ; Rise       ; cont_clk[13]|clk           ;
; 0.096  ; 0.096        ; 0.000          ; Low Pulse Width ; clk   ; Rise       ; cont_clk[14]|clk           ;
; 0.096  ; 0.096        ; 0.000          ; Low Pulse Width ; clk   ; Rise       ; cont_clk[15]|clk           ;
; 0.096  ; 0.096        ; 0.000          ; Low Pulse Width ; clk   ; Rise       ; cont_clk[19]|clk           ;
; 0.096  ; 0.096        ; 0.000          ; Low Pulse Width ; clk   ; Rise       ; cont_clk[20]|clk           ;
; 0.096  ; 0.096        ; 0.000          ; Low Pulse Width ; clk   ; Rise       ; cont_clk[21]|clk           ;
; 0.096  ; 0.096        ; 0.000          ; Low Pulse Width ; clk   ; Rise       ; cont_clk[22]|clk           ;
; 0.096  ; 0.096        ; 0.000          ; Low Pulse Width ; clk   ; Rise       ; cont_clk[23]|clk           ;
; 0.096  ; 0.096        ; 0.000          ; Low Pulse Width ; clk   ; Rise       ; cont_clk[24]|clk           ;
; 0.096  ; 0.096        ; 0.000          ; Low Pulse Width ; clk   ; Rise       ; cont_clk[25]|clk           ;
; 0.118  ; 0.118        ; 0.000          ; Low Pulse Width ; clk   ; Rise       ; clk~input|o                ;
; 0.123  ; 0.123        ; 0.000          ; Low Pulse Width ; clk   ; Rise       ; CEREBRO|corriendo|clk      ;
; 0.123  ; 0.123        ; 0.000          ; Low Pulse Width ; clk   ; Rise       ; CEREBRO|min[0]|clk         ;
; 0.123  ; 0.123        ; 0.000          ; Low Pulse Width ; clk   ; Rise       ; CEREBRO|min[1]|clk         ;
; 0.123  ; 0.123        ; 0.000          ; Low Pulse Width ; clk   ; Rise       ; CEREBRO|min[2]|clk         ;
; 0.123  ; 0.123        ; 0.000          ; Low Pulse Width ; clk   ; Rise       ; CEREBRO|min[3]|clk         ;
; 0.123  ; 0.123        ; 0.000          ; Low Pulse Width ; clk   ; Rise       ; CEREBRO|sd[0]|clk          ;
; 0.123  ; 0.123        ; 0.000          ; Low Pulse Width ; clk   ; Rise       ; CEREBRO|sd[1]|clk          ;
; 0.123  ; 0.123        ; 0.000          ; Low Pulse Width ; clk   ; Rise       ; CEREBRO|sd[2]|clk          ;
+--------+--------------+----------------+-----------------+-------+------------+----------------------------+


+-----------------------------------------------------------------------+
; Setup Times                                                           ;
+-----------+------------+-------+-------+------------+-----------------+
; Data Port ; Clock Port ; Rise  ; Fall  ; Clock Edge ; Clock Reference ;
+-----------+------------+-------+-------+------------+-----------------+
; reset     ; clk        ; 1.346 ; 1.930 ; Rise       ; clk             ;
; start     ; clk        ; 0.876 ; 1.445 ; Rise       ; clk             ;
; stop      ; clk        ; 0.723 ; 1.297 ; Rise       ; clk             ;
+-----------+------------+-------+-------+------------+-----------------+


+-------------------------------------------------------------------------+
; Hold Times                                                              ;
+-----------+------------+--------+--------+------------+-----------------+
; Data Port ; Clock Port ; Rise   ; Fall   ; Clock Edge ; Clock Reference ;
+-----------+------------+--------+--------+------------+-----------------+
; reset     ; clk        ; -0.605 ; -1.177 ; Rise       ; clk             ;
; start     ; clk        ; -0.658 ; -1.229 ; Rise       ; clk             ;
; stop      ; clk        ; -0.519 ; -1.080 ; Rise       ; clk             ;
+-----------+------------+--------+--------+------------+-----------------+


+---------------------------------------------------------------------------+
; Clock to Output Times                                                     ;
+---------------+------------+-------+-------+------------+-----------------+
; Data Port     ; Clock Port ; Rise  ; Fall  ; Clock Edge ; Clock Reference ;
+---------------+------------+-------+-------+------------+-----------------+
; disp_min[*]   ; clk        ; 4.544 ; 4.388 ; Rise       ; clk             ;
;  disp_min[0]  ; clk        ; 3.740 ; 3.722 ; Rise       ; clk             ;
;  disp_min[1]  ; clk        ; 3.546 ; 3.626 ; Rise       ; clk             ;
;  disp_min[2]  ; clk        ; 3.804 ; 3.756 ; Rise       ; clk             ;
;  disp_min[3]  ; clk        ; 3.771 ; 3.771 ; Rise       ; clk             ;
;  disp_min[4]  ; clk        ; 3.510 ; 3.596 ; Rise       ; clk             ;
;  disp_min[5]  ; clk        ; 3.768 ; 3.773 ; Rise       ; clk             ;
;  disp_min[6]  ; clk        ; 4.544 ; 4.388 ; Rise       ; clk             ;
; disp_secd[*]  ; clk        ; 3.775 ; 3.786 ; Rise       ; clk             ;
;  disp_secd[0] ; clk        ; 3.621 ; 3.595 ; Rise       ; clk             ;
;  disp_secd[1] ; clk        ; 3.560 ; 3.643 ; Rise       ; clk             ;
;  disp_secd[2] ; clk        ; 3.706 ; 3.641 ; Rise       ; clk             ;
;  disp_secd[3] ; clk        ; 3.761 ; 3.773 ; Rise       ; clk             ;
;  disp_secd[4] ; clk        ; 3.513 ; 3.598 ; Rise       ; clk             ;
;  disp_secd[5] ; clk        ; 3.775 ; 3.786 ; Rise       ; clk             ;
;  disp_secd[6] ; clk        ; 3.583 ; 3.572 ; Rise       ; clk             ;
; disp_secu[*]  ; clk        ; 4.383 ; 4.476 ; Rise       ; clk             ;
;  disp_secu[0] ; clk        ; 3.667 ; 3.650 ; Rise       ; clk             ;
;  disp_secu[1] ; clk        ; 3.606 ; 3.688 ; Rise       ; clk             ;
;  disp_secu[2] ; clk        ; 4.383 ; 4.476 ; Rise       ; clk             ;
;  disp_secu[3] ; clk        ; 3.543 ; 3.564 ; Rise       ; clk             ;
;  disp_secu[4] ; clk        ; 3.582 ; 3.658 ; Rise       ; clk             ;
;  disp_secu[5] ; clk        ; 3.887 ; 3.850 ; Rise       ; clk             ;
;  disp_secu[6] ; clk        ; 3.660 ; 3.656 ; Rise       ; clk             ;
+---------------+------------+-------+-------+------------+-----------------+


+---------------------------------------------------------------------------+
; Minimum Clock to Output Times                                             ;
+---------------+------------+-------+-------+------------+-----------------+
; Data Port     ; Clock Port ; Rise  ; Fall  ; Clock Edge ; Clock Reference ;
+---------------+------------+-------+-------+------------+-----------------+
; disp_min[*]   ; clk        ; 3.299 ; 3.347 ; Rise       ; clk             ;
;  disp_min[0]  ; clk        ; 3.433 ; 3.441 ; Rise       ; clk             ;
;  disp_min[1]  ; clk        ; 3.344 ; 3.347 ; Rise       ; clk             ;
;  disp_min[2]  ; clk        ; 3.556 ; 3.528 ; Rise       ; clk             ;
;  disp_min[3]  ; clk        ; 3.466 ; 3.492 ; Rise       ; clk             ;
;  disp_min[4]  ; clk        ; 3.299 ; 3.350 ; Rise       ; clk             ;
;  disp_min[5]  ; clk        ; 3.460 ; 3.516 ; Rise       ; clk             ;
;  disp_min[6]  ; clk        ; 4.260 ; 4.157 ; Rise       ; clk             ;
; disp_secd[*]  ; clk        ; 3.299 ; 3.318 ; Rise       ; clk             ;
;  disp_secd[0] ; clk        ; 3.316 ; 3.318 ; Rise       ; clk             ;
;  disp_secd[1] ; clk        ; 3.359 ; 3.367 ; Rise       ; clk             ;
;  disp_secd[2] ; clk        ; 3.462 ; 3.415 ; Rise       ; clk             ;
;  disp_secd[3] ; clk        ; 3.455 ; 3.487 ; Rise       ; clk             ;
;  disp_secd[4] ; clk        ; 3.302 ; 3.352 ; Rise       ; clk             ;
;  disp_secd[5] ; clk        ; 3.473 ; 3.540 ; Rise       ; clk             ;
;  disp_secd[6] ; clk        ; 3.299 ; 3.340 ; Rise       ; clk             ;
; disp_secu[*]  ; clk        ; 3.210 ; 3.199 ; Rise       ; clk             ;
;  disp_secu[0] ; clk        ; 3.334 ; 3.291 ; Rise       ; clk             ;
;  disp_secu[1] ; clk        ; 3.422 ; 3.438 ; Rise       ; clk             ;
;  disp_secu[2] ; clk        ; 4.182 ; 4.274 ; Rise       ; clk             ;
;  disp_secu[3] ; clk        ; 3.210 ; 3.199 ; Rise       ; clk             ;
;  disp_secu[4] ; clk        ; 3.388 ; 3.442 ; Rise       ; clk             ;
;  disp_secu[5] ; clk        ; 3.548 ; 3.534 ; Rise       ; clk             ;
;  disp_secu[6] ; clk        ; 3.325 ; 3.284 ; Rise       ; clk             ;
+---------------+------------+-------+-------+------------+-----------------+


---------------------------------------------
; Fast 1200mV 0C Model Metastability Report ;
---------------------------------------------
No synchronizer chains to report.


+-------------------------------------------------------------------------------+
; Multicorner Timing Analysis Summary                                           ;
+------------------+---------+-------+----------+---------+---------------------+
; Clock            ; Setup   ; Hold  ; Recovery ; Removal ; Minimum Pulse Width ;
+------------------+---------+-------+----------+---------+---------------------+
; Worst-case Slack ; -2.106  ; 0.187 ; N/A      ; N/A     ; -3.000              ;
;  clk             ; -2.106  ; 0.187 ; N/A      ; N/A     ; -3.000              ;
; Design-wide TNS  ; -57.552 ; 0.0   ; 0.0      ; 0.0     ; -45.516             ;
;  clk             ; -57.552 ; 0.000 ; N/A      ; N/A     ; -45.516             ;
+------------------+---------+-------+----------+---------+---------------------+


+-----------------------------------------------------------------------+
; Setup Times                                                           ;
+-----------+------------+-------+-------+------------+-----------------+
; Data Port ; Clock Port ; Rise  ; Fall  ; Clock Edge ; Clock Reference ;
+-----------+------------+-------+-------+------------+-----------------+
; reset     ; clk        ; 2.421 ; 2.883 ; Rise       ; clk             ;
; start     ; clk        ; 1.601 ; 2.007 ; Rise       ; clk             ;
; stop      ; clk        ; 1.331 ; 1.730 ; Rise       ; clk             ;
+-----------+------------+-------+-------+------------+-----------------+


+-------------------------------------------------------------------------+
; Hold Times                                                              ;
+-----------+------------+--------+--------+------------+-----------------+
; Data Port ; Clock Port ; Rise   ; Fall   ; Clock Edge ; Clock Reference ;
+-----------+------------+--------+--------+------------+-----------------+
; reset     ; clk        ; -0.605 ; -1.177 ; Rise       ; clk             ;
; start     ; clk        ; -0.658 ; -1.229 ; Rise       ; clk             ;
; stop      ; clk        ; -0.519 ; -1.080 ; Rise       ; clk             ;
+-----------+------------+--------+--------+------------+-----------------+


+---------------------------------------------------------------------------+
; Clock to Output Times                                                     ;
+---------------+------------+-------+-------+------------+-----------------+
; Data Port     ; Clock Port ; Rise  ; Fall  ; Clock Edge ; Clock Reference ;
+---------------+------------+-------+-------+------------+-----------------+
; disp_min[*]   ; clk        ; 7.254 ; 7.125 ; Rise       ; clk             ;
;  disp_min[0]  ; clk        ; 6.195 ; 6.140 ; Rise       ; clk             ;
;  disp_min[1]  ; clk        ; 5.864 ; 5.969 ; Rise       ; clk             ;
;  disp_min[2]  ; clk        ; 6.296 ; 6.190 ; Rise       ; clk             ;
;  disp_min[3]  ; clk        ; 6.272 ; 6.237 ; Rise       ; clk             ;
;  disp_min[4]  ; clk        ; 5.831 ; 5.953 ; Rise       ; clk             ;
;  disp_min[5]  ; clk        ; 6.258 ; 6.221 ; Rise       ; clk             ;
;  disp_min[6]  ; clk        ; 7.254 ; 7.125 ; Rise       ; clk             ;
; disp_secd[*]  ; clk        ; 6.273 ; 6.254 ; Rise       ; clk             ;
;  disp_secd[0] ; clk        ; 5.987 ; 5.947 ; Rise       ; clk             ;
;  disp_secd[1] ; clk        ; 5.942 ; 6.037 ; Rise       ; clk             ;
;  disp_secd[2] ; clk        ; 6.154 ; 6.028 ; Rise       ; clk             ;
;  disp_secd[3] ; clk        ; 6.273 ; 6.254 ; Rise       ; clk             ;
;  disp_secd[4] ; clk        ; 5.840 ; 5.958 ; Rise       ; clk             ;
;  disp_secd[5] ; clk        ; 6.272 ; 6.247 ; Rise       ; clk             ;
;  disp_secd[6] ; clk        ; 5.934 ; 5.923 ; Rise       ; clk             ;
; disp_secu[*]  ; clk        ; 7.119 ; 7.142 ; Rise       ; clk             ;
;  disp_secu[0] ; clk        ; 6.081 ; 6.051 ; Rise       ; clk             ;
;  disp_secu[1] ; clk        ; 6.022 ; 6.102 ; Rise       ; clk             ;
;  disp_secu[2] ; clk        ; 7.119 ; 7.142 ; Rise       ; clk             ;
;  disp_secu[3] ; clk        ; 5.986 ; 5.926 ; Rise       ; clk             ;
;  disp_secu[4] ; clk        ; 5.982 ; 6.065 ; Rise       ; clk             ;
;  disp_secu[5] ; clk        ; 6.447 ; 6.367 ; Rise       ; clk             ;
;  disp_secu[6] ; clk        ; 6.067 ; 6.063 ; Rise       ; clk             ;
+---------------+------------+-------+-------+------------+-----------------+


+---------------------------------------------------------------------------+
; Minimum Clock to Output Times                                             ;
+---------------+------------+-------+-------+------------+-----------------+
; Data Port     ; Clock Port ; Rise  ; Fall  ; Clock Edge ; Clock Reference ;
+---------------+------------+-------+-------+------------+-----------------+
; disp_min[*]   ; clk        ; 3.299 ; 3.347 ; Rise       ; clk             ;
;  disp_min[0]  ; clk        ; 3.433 ; 3.441 ; Rise       ; clk             ;
;  disp_min[1]  ; clk        ; 3.344 ; 3.347 ; Rise       ; clk             ;
;  disp_min[2]  ; clk        ; 3.556 ; 3.528 ; Rise       ; clk             ;
;  disp_min[3]  ; clk        ; 3.466 ; 3.492 ; Rise       ; clk             ;
;  disp_min[4]  ; clk        ; 3.299 ; 3.350 ; Rise       ; clk             ;
;  disp_min[5]  ; clk        ; 3.460 ; 3.516 ; Rise       ; clk             ;
;  disp_min[6]  ; clk        ; 4.260 ; 4.157 ; Rise       ; clk             ;
; disp_secd[*]  ; clk        ; 3.299 ; 3.318 ; Rise       ; clk             ;
;  disp_secd[0] ; clk        ; 3.316 ; 3.318 ; Rise       ; clk             ;
;  disp_secd[1] ; clk        ; 3.359 ; 3.367 ; Rise       ; clk             ;
;  disp_secd[2] ; clk        ; 3.462 ; 3.415 ; Rise       ; clk             ;
;  disp_secd[3] ; clk        ; 3.455 ; 3.487 ; Rise       ; clk             ;
;  disp_secd[4] ; clk        ; 3.302 ; 3.352 ; Rise       ; clk             ;
;  disp_secd[5] ; clk        ; 3.473 ; 3.540 ; Rise       ; clk             ;
;  disp_secd[6] ; clk        ; 3.299 ; 3.340 ; Rise       ; clk             ;
; disp_secu[*]  ; clk        ; 3.210 ; 3.199 ; Rise       ; clk             ;
;  disp_secu[0] ; clk        ; 3.334 ; 3.291 ; Rise       ; clk             ;
;  disp_secu[1] ; clk        ; 3.422 ; 3.438 ; Rise       ; clk             ;
;  disp_secu[2] ; clk        ; 4.182 ; 4.274 ; Rise       ; clk             ;
;  disp_secu[3] ; clk        ; 3.210 ; 3.199 ; Rise       ; clk             ;
;  disp_secu[4] ; clk        ; 3.388 ; 3.442 ; Rise       ; clk             ;
;  disp_secu[5] ; clk        ; 3.548 ; 3.534 ; Rise       ; clk             ;
;  disp_secu[6] ; clk        ; 3.325 ; 3.284 ; Rise       ; clk             ;
+---------------+------------+-------+-------+------------+-----------------+


+------------------------------------------------------------------------------------------------------------------------------------------------------------------------------------------------------------------------------------------------------------------------------------------------------------------------------------------------------------------------------------------------------------------+
; Board Trace Model Assignments                                                                                                                                                                                                                                                                                                                                                                                    ;
+---------------+--------------+-------------------+-------------------------+-------------------------+---------------+---------------------+----------------+------------------+--------+------------------+------------------------+------------------------+--------------+---------------+-----------------+-------+---------------------+--------------------+---------------+-----------------+-------------+
; Pin           ; I/O Standard ; Near Tline Length ; Near Tline L per Length ; Near Tline C per Length ; Near Series R ; Near Differential R ; Near Pull-up R ; Near Pull-down R ; Near C ; Far Tline Length ; Far Tline L per Length ; Far Tline C per Length ; Far Series R ; Far Pull-up R ; Far Pull-down R ; Far C ; Termination Voltage ; Far Differential R ; EBD File Name ; EBD Signal Name ; EBD Far-end ;
+---------------+--------------+-------------------+-------------------------+-------------------------+---------------+---------------------+----------------+------------------+--------+------------------+------------------------+------------------------+--------------+---------------+-----------------+-------+---------------------+--------------------+---------------+-----------------+-------------+
; disp_min[0]   ; 2.5 V        ; 0 in              ; 0 H/in                  ; 0 F/in                  ; short         ; -                   ; open           ; open             ; open   ; 0 in             ; 0 H/in                 ; 0 F/in                 ; short        ; open          ; open            ; open  ; 0 V                 ; -                  ; n/a           ; n/a             ; n/a         ;
; disp_min[1]   ; 2.5 V        ; 0 in              ; 0 H/in                  ; 0 F/in                  ; short         ; -                   ; open           ; open             ; open   ; 0 in             ; 0 H/in                 ; 0 F/in                 ; short        ; open          ; open            ; open  ; 0 V                 ; -                  ; n/a           ; n/a             ; n/a         ;
; disp_min[2]   ; 2.5 V        ; 0 in              ; 0 H/in                  ; 0 F/in                  ; short         ; -                   ; open           ; open             ; open   ; 0 in             ; 0 H/in                 ; 0 F/in                 ; short        ; open          ; open            ; open  ; 0 V                 ; -                  ; n/a           ; n/a             ; n/a         ;
; disp_min[3]   ; 2.5 V        ; 0 in              ; 0 H/in                  ; 0 F/in                  ; short         ; -                   ; open           ; open             ; open   ; 0 in             ; 0 H/in                 ; 0 F/in                 ; short        ; open          ; open            ; open  ; 0 V                 ; -                  ; n/a           ; n/a             ; n/a         ;
; disp_min[4]   ; 2.5 V        ; 0 in              ; 0 H/in                  ; 0 F/in                  ; short         ; -                   ; open           ; open             ; open   ; 0 in             ; 0 H/in                 ; 0 F/in                 ; short        ; open          ; open            ; open  ; 0 V                 ; -                  ; n/a           ; n/a             ; n/a         ;
; disp_min[5]   ; 2.5 V        ; 0 in              ; 0 H/in                  ; 0 F/in                  ; short         ; -                   ; open           ; open             ; open   ; 0 in             ; 0 H/in                 ; 0 F/in                 ; short        ; open          ; open            ; open  ; 0 V                 ; -                  ; n/a           ; n/a             ; n/a         ;
; disp_min[6]   ; 2.5 V        ; 0 in              ; 0 H/in                  ; 0 F/in                  ; short         ; -                   ; open           ; open             ; open   ; 0 in             ; 0 H/in                 ; 0 F/in                 ; short        ; open          ; open            ; open  ; 0 V                 ; -                  ; n/a           ; n/a             ; n/a         ;
; disp_secd[0]  ; 2.5 V        ; 0 in              ; 0 H/in                  ; 0 F/in                  ; short         ; -                   ; open           ; open             ; open   ; 0 in             ; 0 H/in                 ; 0 F/in                 ; short        ; open          ; open            ; open  ; 0 V                 ; -                  ; n/a           ; n/a             ; n/a         ;
; disp_secd[1]  ; 2.5 V        ; 0 in              ; 0 H/in                  ; 0 F/in                  ; short         ; -                   ; open           ; open             ; open   ; 0 in             ; 0 H/in                 ; 0 F/in                 ; short        ; open          ; open            ; open  ; 0 V                 ; -                  ; n/a           ; n/a             ; n/a         ;
; disp_secd[2]  ; 2.5 V        ; 0 in              ; 0 H/in                  ; 0 F/in                  ; short         ; -                   ; open           ; open             ; open   ; 0 in             ; 0 H/in                 ; 0 F/in                 ; short        ; open          ; open            ; open  ; 0 V                 ; -                  ; n/a           ; n/a             ; n/a         ;
; disp_secd[3]  ; 2.5 V        ; 0 in              ; 0 H/in                  ; 0 F/in                  ; short         ; -                   ; open           ; open             ; open   ; 0 in             ; 0 H/in                 ; 0 F/in                 ; short        ; open          ; open            ; open  ; 0 V                 ; -                  ; n/a           ; n/a             ; n/a         ;
; disp_secd[4]  ; 2.5 V        ; 0 in              ; 0 H/in                  ; 0 F/in                  ; short         ; -                   ; open           ; open             ; open   ; 0 in             ; 0 H/in                 ; 0 F/in                 ; short        ; open          ; open            ; open  ; 0 V                 ; -                  ; n/a           ; n/a             ; n/a         ;
; disp_secd[5]  ; 2.5 V        ; 0 in              ; 0 H/in                  ; 0 F/in                  ; short         ; -                   ; open           ; open             ; open   ; 0 in             ; 0 H/in                 ; 0 F/in                 ; short        ; open          ; open            ; open  ; 0 V                 ; -                  ; n/a           ; n/a             ; n/a         ;
; disp_secd[6]  ; 2.5 V        ; 0 in              ; 0 H/in                  ; 0 F/in                  ; short         ; -                   ; open           ; open             ; open   ; 0 in             ; 0 H/in                 ; 0 F/in                 ; short        ; open          ; open            ; open  ; 0 V                 ; -                  ; n/a           ; n/a             ; n/a         ;
; disp_secu[0]  ; 2.5 V        ; 0 in              ; 0 H/in                  ; 0 F/in                  ; short         ; -                   ; open           ; open             ; open   ; 0 in             ; 0 H/in                 ; 0 F/in                 ; short        ; open          ; open            ; open  ; 0 V                 ; -                  ; n/a           ; n/a             ; n/a         ;
; disp_secu[1]  ; 2.5 V        ; 0 in              ; 0 H/in                  ; 0 F/in                  ; short         ; -                   ; open           ; open             ; open   ; 0 in             ; 0 H/in                 ; 0 F/in                 ; short        ; open          ; open            ; open  ; 0 V                 ; -                  ; n/a           ; n/a             ; n/a         ;
; disp_secu[2]  ; 2.5 V        ; 0 in              ; 0 H/in                  ; 0 F/in                  ; short         ; -                   ; open           ; open             ; open   ; 0 in             ; 0 H/in                 ; 0 F/in                 ; short        ; open          ; open            ; open  ; 0 V                 ; -                  ; n/a           ; n/a             ; n/a         ;
; disp_secu[3]  ; 2.5 V        ; 0 in              ; 0 H/in                  ; 0 F/in                  ; short         ; -                   ; open           ; open             ; open   ; 0 in             ; 0 H/in                 ; 0 F/in                 ; short        ; open          ; open            ; open  ; 0 V                 ; -                  ; n/a           ; n/a             ; n/a         ;
; disp_secu[4]  ; 2.5 V        ; 0 in              ; 0 H/in                  ; 0 F/in                  ; short         ; -                   ; open           ; open             ; open   ; 0 in             ; 0 H/in                 ; 0 F/in                 ; short        ; open          ; open            ; open  ; 0 V                 ; -                  ; n/a           ; n/a             ; n/a         ;
; disp_secu[5]  ; 2.5 V        ; 0 in              ; 0 H/in                  ; 0 F/in                  ; short         ; -                   ; open           ; open             ; open   ; 0 in             ; 0 H/in                 ; 0 F/in                 ; short        ; open          ; open            ; open  ; 0 V                 ; -                  ; n/a           ; n/a             ; n/a         ;
; disp_secu[6]  ; 2.5 V        ; 0 in              ; 0 H/in                  ; 0 F/in                  ; short         ; -                   ; open           ; open             ; open   ; 0 in             ; 0 H/in                 ; 0 F/in                 ; short        ; open          ; open            ; open  ; 0 V                 ; -                  ; n/a           ; n/a             ; n/a         ;
; ~ALTERA_DCLK~ ; 2.5 V        ; 0 in              ; 0 H/in                  ; 0 F/in                  ; short         ; -                   ; open           ; open             ; open   ; 0 in             ; 0 H/in                 ; 0 F/in                 ; short        ; open          ; open            ; open  ; 0 V                 ; -                  ; n/a           ; n/a             ; n/a         ;
; ~ALTERA_nCEO~ ; 2.5 V        ; 0 in              ; 0 H/in                  ; 0 F/in                  ; short         ; -                   ; open           ; open             ; open   ; 0 in             ; 0 H/in                 ; 0 F/in                 ; short        ; open          ; open            ; open  ; 0 V                 ; -                  ; n/a           ; n/a             ; n/a         ;
+---------------+--------------+-------------------+-------------------------+-------------------------+---------------+---------------------+----------------+------------------+--------+------------------+------------------------+------------------------+--------------+---------------+-----------------+-------+---------------------+--------------------+---------------+-----------------+-------------+


+----------------------------------------------------------------------------+
; Input Transition Times                                                     ;
+-------------------------+--------------+-----------------+-----------------+
; Pin                     ; I/O Standard ; 10-90 Rise Time ; 90-10 Fall Time ;
+-------------------------+--------------+-----------------+-----------------+
; reset                   ; 2.5 V        ; 2000 ps         ; 2000 ps         ;
; clk                     ; 2.5 V        ; 2000 ps         ; 2000 ps         ;
; stop                    ; 2.5 V        ; 2000 ps         ; 2000 ps         ;
; start                   ; 2.5 V        ; 2000 ps         ; 2000 ps         ;
; ~ALTERA_ASDO_DATA1~     ; 2.5 V        ; 2000 ps         ; 2000 ps         ;
; ~ALTERA_FLASH_nCE_nCSO~ ; 2.5 V        ; 2000 ps         ; 2000 ps         ;
; ~ALTERA_DATA0~          ; 2.5 V        ; 2000 ps         ; 2000 ps         ;
+-------------------------+--------------+-----------------+-----------------+


+--------------------------------------------------------------------------------------------------------------------------------------------------------------------------------------------------------------------------------------------------------------------------------------------------------------------------------------------------------------------------------------------------------------------------------------------------------------------------------------------------------------------------------------------------------------------------------------------------------------------------------------------------------------------------------------------+
; Slow Corner Signal Integrity Metrics                                                                                                                                                                                                                                                                                                                                                                                                                                                                                                                                                                                                                                                       ;
+---------------+--------------+---------------------+---------------------+------------------------------+------------------------------+---------------------+---------------------+--------------------------------------+--------------------------------------+-----------------------------+-----------------------------+----------------------------+----------------------------+-----------------------------+-----------------------------+--------------------+--------------------+-------------------------------------+-------------------------------------+----------------------------+----------------------------+---------------------------+---------------------------+
; Pin           ; I/O Standard ; Board Delay on Rise ; Board Delay on Fall ; Steady State Voh at FPGA Pin ; Steady State Vol at FPGA Pin ; Voh Max at FPGA Pin ; Vol Min at FPGA Pin ; Ringback Voltage on Rise at FPGA Pin ; Ringback Voltage on Fall at FPGA Pin ; 10-90 Rise Time at FPGA Pin ; 90-10 Fall Time at FPGA Pin ; Monotonic Rise at FPGA Pin ; Monotonic Fall at FPGA Pin ; Steady State Voh at Far-end ; Steady State Vol at Far-end ; Voh Max at Far-end ; Vol Min at Far-end ; Ringback Voltage on Rise at Far-end ; Ringback Voltage on Fall at Far-end ; 10-90 Rise Time at Far-end ; 90-10 Fall Time at Far-end ; Monotonic Rise at Far-end ; Monotonic Fall at Far-end ;
+---------------+--------------+---------------------+---------------------+------------------------------+------------------------------+---------------------+---------------------+--------------------------------------+--------------------------------------+-----------------------------+-----------------------------+----------------------------+----------------------------+-----------------------------+-----------------------------+--------------------+--------------------+-------------------------------------+-------------------------------------+----------------------------+----------------------------+---------------------------+---------------------------+
; disp_min[0]   ; 2.5 V        ; 0 s                 ; 0 s                 ; 2.32 V                       ; 7.25e-07 V                   ; 2.35 V              ; -0.0111 V           ; 0.113 V                              ; 0.035 V                              ; 7.76e-10 s                  ; 8.04e-10 s                  ; Yes                        ; Yes                        ; 2.32 V                      ; 7.25e-07 V                  ; 2.35 V             ; -0.0111 V          ; 0.113 V                             ; 0.035 V                             ; 7.76e-10 s                 ; 8.04e-10 s                 ; Yes                       ; Yes                       ;
; disp_min[1]   ; 2.5 V        ; 0 s                 ; 0 s                 ; 2.32 V                       ; 7.25e-07 V                   ; 2.35 V              ; -0.0111 V           ; 0.113 V                              ; 0.035 V                              ; 7.76e-10 s                  ; 8.04e-10 s                  ; Yes                        ; Yes                        ; 2.32 V                      ; 7.25e-07 V                  ; 2.35 V             ; -0.0111 V          ; 0.113 V                             ; 0.035 V                             ; 7.76e-10 s                 ; 8.04e-10 s                 ; Yes                       ; Yes                       ;
; disp_min[2]   ; 2.5 V        ; 0 s                 ; 0 s                 ; 2.32 V                       ; 7.25e-07 V                   ; 2.35 V              ; -0.0111 V           ; 0.113 V                              ; 0.035 V                              ; 7.76e-10 s                  ; 8.04e-10 s                  ; Yes                        ; Yes                        ; 2.32 V                      ; 7.25e-07 V                  ; 2.35 V             ; -0.0111 V          ; 0.113 V                             ; 0.035 V                             ; 7.76e-10 s                 ; 8.04e-10 s                 ; Yes                       ; Yes                       ;
; disp_min[3]   ; 2.5 V        ; 0 s                 ; 0 s                 ; 2.32 V                       ; 7.25e-07 V                   ; 2.35 V              ; -0.0111 V           ; 0.113 V                              ; 0.035 V                              ; 7.76e-10 s                  ; 8.04e-10 s                  ; Yes                        ; Yes                        ; 2.32 V                      ; 7.25e-07 V                  ; 2.35 V             ; -0.0111 V          ; 0.113 V                             ; 0.035 V                             ; 7.76e-10 s                 ; 8.04e-10 s                 ; Yes                       ; Yes                       ;
; disp_min[4]   ; 2.5 V        ; 0 s                 ; 0 s                 ; 2.32 V                       ; 7.25e-07 V                   ; 2.35 V              ; -0.0111 V           ; 0.113 V                              ; 0.035 V                              ; 7.76e-10 s                  ; 8.04e-10 s                  ; Yes                        ; Yes                        ; 2.32 V                      ; 7.25e-07 V                  ; 2.35 V             ; -0.0111 V          ; 0.113 V                             ; 0.035 V                             ; 7.76e-10 s                 ; 8.04e-10 s                 ; Yes                       ; Yes                       ;
; disp_min[5]   ; 2.5 V        ; 0 s                 ; 0 s                 ; 2.32 V                       ; 7.25e-07 V                   ; 2.35 V              ; -0.0111 V           ; 0.113 V                              ; 0.035 V                              ; 7.76e-10 s                  ; 8.04e-10 s                  ; Yes                        ; Yes                        ; 2.32 V                      ; 7.25e-07 V                  ; 2.35 V             ; -0.0111 V          ; 0.113 V                             ; 0.035 V                             ; 7.76e-10 s                 ; 8.04e-10 s                 ; Yes                       ; Yes                       ;
; disp_min[6]   ; 2.5 V        ; 0 s                 ; 0 s                 ; 2.32 V                       ; 7.25e-07 V                   ; 2.33 V              ; -0.00317 V          ; 0.162 V                              ; 0.063 V                              ; 3.54e-09 s                  ; 3.41e-09 s                  ; Yes                        ; Yes                        ; 2.32 V                      ; 7.25e-07 V                  ; 2.33 V             ; -0.00317 V         ; 0.162 V                             ; 0.063 V                             ; 3.54e-09 s                 ; 3.41e-09 s                 ; Yes                       ; Yes                       ;
; disp_secd[0]  ; 2.5 V        ; 0 s                 ; 0 s                 ; 2.32 V                       ; 7.25e-07 V                   ; 2.35 V              ; -0.0111 V           ; 0.113 V                              ; 0.035 V                              ; 7.76e-10 s                  ; 8.04e-10 s                  ; Yes                        ; Yes                        ; 2.32 V                      ; 7.25e-07 V                  ; 2.35 V             ; -0.0111 V          ; 0.113 V                             ; 0.035 V                             ; 7.76e-10 s                 ; 8.04e-10 s                 ; Yes                       ; Yes                       ;
; disp_secd[1]  ; 2.5 V        ; 0 s                 ; 0 s                 ; 2.32 V                       ; 7.25e-07 V                   ; 2.35 V              ; -0.0111 V           ; 0.113 V                              ; 0.035 V                              ; 7.76e-10 s                  ; 8.04e-10 s                  ; Yes                        ; Yes                        ; 2.32 V                      ; 7.25e-07 V                  ; 2.35 V             ; -0.0111 V          ; 0.113 V                             ; 0.035 V                             ; 7.76e-10 s                 ; 8.04e-10 s                 ; Yes                       ; Yes                       ;
; disp_secd[2]  ; 2.5 V        ; 0 s                 ; 0 s                 ; 2.32 V                       ; 7.25e-07 V                   ; 2.35 V              ; -0.0111 V           ; 0.113 V                              ; 0.035 V                              ; 7.76e-10 s                  ; 8.04e-10 s                  ; Yes                        ; Yes                        ; 2.32 V                      ; 7.25e-07 V                  ; 2.35 V             ; -0.0111 V          ; 0.113 V                             ; 0.035 V                             ; 7.76e-10 s                 ; 8.04e-10 s                 ; Yes                       ; Yes                       ;
; disp_secd[3]  ; 2.5 V        ; 0 s                 ; 0 s                 ; 2.32 V                       ; 7.25e-07 V                   ; 2.35 V              ; -0.0111 V           ; 0.113 V                              ; 0.035 V                              ; 7.76e-10 s                  ; 8.04e-10 s                  ; Yes                        ; Yes                        ; 2.32 V                      ; 7.25e-07 V                  ; 2.35 V             ; -0.0111 V          ; 0.113 V                             ; 0.035 V                             ; 7.76e-10 s                 ; 8.04e-10 s                 ; Yes                       ; Yes                       ;
; disp_secd[4]  ; 2.5 V        ; 0 s                 ; 0 s                 ; 2.32 V                       ; 7.25e-07 V                   ; 2.35 V              ; -0.0111 V           ; 0.113 V                              ; 0.035 V                              ; 7.76e-10 s                  ; 8.04e-10 s                  ; Yes                        ; Yes                        ; 2.32 V                      ; 7.25e-07 V                  ; 2.35 V             ; -0.0111 V          ; 0.113 V                             ; 0.035 V                             ; 7.76e-10 s                 ; 8.04e-10 s                 ; Yes                       ; Yes                       ;
; disp_secd[5]  ; 2.5 V        ; 0 s                 ; 0 s                 ; 2.32 V                       ; 7.25e-07 V                   ; 2.35 V              ; -0.0111 V           ; 0.113 V                              ; 0.035 V                              ; 7.76e-10 s                  ; 8.04e-10 s                  ; Yes                        ; Yes                        ; 2.32 V                      ; 7.25e-07 V                  ; 2.35 V             ; -0.0111 V          ; 0.113 V                             ; 0.035 V                             ; 7.76e-10 s                 ; 8.04e-10 s                 ; Yes                       ; Yes                       ;
; disp_secd[6]  ; 2.5 V        ; 0 s                 ; 0 s                 ; 2.32 V                       ; 7.25e-07 V                   ; 2.35 V              ; -0.0111 V           ; 0.113 V                              ; 0.035 V                              ; 7.76e-10 s                  ; 8.04e-10 s                  ; Yes                        ; Yes                        ; 2.32 V                      ; 7.25e-07 V                  ; 2.35 V             ; -0.0111 V          ; 0.113 V                             ; 0.035 V                             ; 7.76e-10 s                 ; 8.04e-10 s                 ; Yes                       ; Yes                       ;
; disp_secu[0]  ; 2.5 V        ; 0 s                 ; 0 s                 ; 2.32 V                       ; 7.25e-07 V                   ; 2.35 V              ; -0.0111 V           ; 0.113 V                              ; 0.035 V                              ; 7.76e-10 s                  ; 8.04e-10 s                  ; Yes                        ; Yes                        ; 2.32 V                      ; 7.25e-07 V                  ; 2.35 V             ; -0.0111 V          ; 0.113 V                             ; 0.035 V                             ; 7.76e-10 s                 ; 8.04e-10 s                 ; Yes                       ; Yes                       ;
; disp_secu[1]  ; 2.5 V        ; 0 s                 ; 0 s                 ; 2.32 V                       ; 7.25e-07 V                   ; 2.35 V              ; -0.0111 V           ; 0.113 V                              ; 0.035 V                              ; 7.76e-10 s                  ; 8.04e-10 s                  ; Yes                        ; Yes                        ; 2.32 V                      ; 7.25e-07 V                  ; 2.35 V             ; -0.0111 V          ; 0.113 V                             ; 0.035 V                             ; 7.76e-10 s                 ; 8.04e-10 s                 ; Yes                       ; Yes                       ;
; disp_secu[2]  ; 2.5 V        ; 0 s                 ; 0 s                 ; 2.32 V                       ; 7.25e-07 V                   ; 2.33 V              ; -0.00317 V          ; 0.162 V                              ; 0.063 V                              ; 3.54e-09 s                  ; 3.41e-09 s                  ; Yes                        ; Yes                        ; 2.32 V                      ; 7.25e-07 V                  ; 2.33 V             ; -0.00317 V         ; 0.162 V                             ; 0.063 V                             ; 3.54e-09 s                 ; 3.41e-09 s                 ; Yes                       ; Yes                       ;
; disp_secu[3]  ; 2.5 V        ; 0 s                 ; 0 s                 ; 2.32 V                       ; 7.25e-07 V                   ; 2.36 V              ; -0.00946 V          ; 0.111 V                              ; 0.027 V                              ; 6.46e-10 s                  ; 6.2e-10 s                   ; Yes                        ; Yes                        ; 2.32 V                      ; 7.25e-07 V                  ; 2.36 V             ; -0.00946 V         ; 0.111 V                             ; 0.027 V                             ; 6.46e-10 s                 ; 6.2e-10 s                  ; Yes                       ; Yes                       ;
; disp_secu[4]  ; 2.5 V        ; 0 s                 ; 0 s                 ; 2.32 V                       ; 7.25e-07 V                   ; 2.35 V              ; -0.0111 V           ; 0.113 V                              ; 0.035 V                              ; 7.76e-10 s                  ; 8.04e-10 s                  ; Yes                        ; Yes                        ; 2.32 V                      ; 7.25e-07 V                  ; 2.35 V             ; -0.0111 V          ; 0.113 V                             ; 0.035 V                             ; 7.76e-10 s                 ; 8.04e-10 s                 ; Yes                       ; Yes                       ;
; disp_secu[5]  ; 2.5 V        ; 0 s                 ; 0 s                 ; 2.32 V                       ; 7.25e-07 V                   ; 2.35 V              ; -0.0111 V           ; 0.113 V                              ; 0.035 V                              ; 7.76e-10 s                  ; 8.04e-10 s                  ; Yes                        ; Yes                        ; 2.32 V                      ; 7.25e-07 V                  ; 2.35 V             ; -0.0111 V          ; 0.113 V                             ; 0.035 V                             ; 7.76e-10 s                 ; 8.04e-10 s                 ; Yes                       ; Yes                       ;
; disp_secu[6]  ; 2.5 V        ; 0 s                 ; 0 s                 ; 2.32 V                       ; 7.25e-07 V                   ; 2.35 V              ; -0.0111 V           ; 0.113 V                              ; 0.035 V                              ; 7.76e-10 s                  ; 8.04e-10 s                  ; Yes                        ; Yes                        ; 2.32 V                      ; 7.25e-07 V                  ; 2.35 V             ; -0.0111 V          ; 0.113 V                             ; 0.035 V                             ; 7.76e-10 s                 ; 8.04e-10 s                 ; Yes                       ; Yes                       ;
; ~ALTERA_DCLK~ ; 2.5 V        ; 0 s                 ; 0 s                 ; 2.32 V                       ; 5.68e-07 V                   ; 2.35 V              ; -0.0132 V           ; 0.2 V                                ; 0.027 V                              ; 5.26e-10 s                  ; 4.81e-10 s                  ; Yes                        ; Yes                        ; 2.32 V                      ; 5.68e-07 V                  ; 2.35 V             ; -0.0132 V          ; 0.2 V                               ; 0.027 V                             ; 5.26e-10 s                 ; 4.81e-10 s                 ; Yes                       ; Yes                       ;
; ~ALTERA_nCEO~ ; 2.5 V        ; 0 s                 ; 0 s                 ; 2.32 V                       ; 9.36e-07 V                   ; 2.35 V              ; -0.00444 V          ; 0.18 V                               ; 0.019 V                              ; 7.23e-10 s                  ; 9.82e-10 s                  ; Yes                        ; Yes                        ; 2.32 V                      ; 9.36e-07 V                  ; 2.35 V             ; -0.00444 V         ; 0.18 V                              ; 0.019 V                             ; 7.23e-10 s                 ; 9.82e-10 s                 ; Yes                       ; Yes                       ;
+---------------+--------------+---------------------+---------------------+------------------------------+------------------------------+---------------------+---------------------+--------------------------------------+--------------------------------------+-----------------------------+-----------------------------+----------------------------+----------------------------+-----------------------------+-----------------------------+--------------------+--------------------+-------------------------------------+-------------------------------------+----------------------------+----------------------------+---------------------------+---------------------------+


+--------------------------------------------------------------------------------------------------------------------------------------------------------------------------------------------------------------------------------------------------------------------------------------------------------------------------------------------------------------------------------------------------------------------------------------------------------------------------------------------------------------------------------------------------------------------------------------------------------------------------------------------------------------------------------------------+
; Fast Corner Signal Integrity Metrics                                                                                                                                                                                                                                                                                                                                                                                                                                                                                                                                                                                                                                                       ;
+---------------+--------------+---------------------+---------------------+------------------------------+------------------------------+---------------------+---------------------+--------------------------------------+--------------------------------------+-----------------------------+-----------------------------+----------------------------+----------------------------+-----------------------------+-----------------------------+--------------------+--------------------+-------------------------------------+-------------------------------------+----------------------------+----------------------------+---------------------------+---------------------------+
; Pin           ; I/O Standard ; Board Delay on Rise ; Board Delay on Fall ; Steady State Voh at FPGA Pin ; Steady State Vol at FPGA Pin ; Voh Max at FPGA Pin ; Vol Min at FPGA Pin ; Ringback Voltage on Rise at FPGA Pin ; Ringback Voltage on Fall at FPGA Pin ; 10-90 Rise Time at FPGA Pin ; 90-10 Fall Time at FPGA Pin ; Monotonic Rise at FPGA Pin ; Monotonic Fall at FPGA Pin ; Steady State Voh at Far-end ; Steady State Vol at Far-end ; Voh Max at Far-end ; Vol Min at Far-end ; Ringback Voltage on Rise at Far-end ; Ringback Voltage on Fall at Far-end ; 10-90 Rise Time at Far-end ; 90-10 Fall Time at Far-end ; Monotonic Rise at Far-end ; Monotonic Fall at Far-end ;
+---------------+--------------+---------------------+---------------------+------------------------------+------------------------------+---------------------+---------------------+--------------------------------------+--------------------------------------+-----------------------------+-----------------------------+----------------------------+----------------------------+-----------------------------+-----------------------------+--------------------+--------------------+-------------------------------------+-------------------------------------+----------------------------+----------------------------+---------------------------+---------------------------+
; disp_min[0]   ; 2.5 V        ; 0 s                 ; 0 s                 ; 2.62 V                       ; 2.78e-08 V                   ; 2.71 V              ; -0.0349 V           ; 0.253 V                              ; 0.069 V                              ; 4.96e-10 s                  ; 5.19e-10 s                  ; No                         ; Yes                        ; 2.62 V                      ; 2.78e-08 V                  ; 2.71 V             ; -0.0349 V          ; 0.253 V                             ; 0.069 V                             ; 4.96e-10 s                 ; 5.19e-10 s                 ; No                        ; Yes                       ;
; disp_min[1]   ; 2.5 V        ; 0 s                 ; 0 s                 ; 2.62 V                       ; 2.78e-08 V                   ; 2.71 V              ; -0.0349 V           ; 0.253 V                              ; 0.069 V                              ; 4.96e-10 s                  ; 5.19e-10 s                  ; No                         ; Yes                        ; 2.62 V                      ; 2.78e-08 V                  ; 2.71 V             ; -0.0349 V          ; 0.253 V                             ; 0.069 V                             ; 4.96e-10 s                 ; 5.19e-10 s                 ; No                        ; Yes                       ;
; disp_min[2]   ; 2.5 V        ; 0 s                 ; 0 s                 ; 2.62 V                       ; 2.78e-08 V                   ; 2.71 V              ; -0.0349 V           ; 0.253 V                              ; 0.069 V                              ; 4.96e-10 s                  ; 5.19e-10 s                  ; No                         ; Yes                        ; 2.62 V                      ; 2.78e-08 V                  ; 2.71 V             ; -0.0349 V          ; 0.253 V                             ; 0.069 V                             ; 4.96e-10 s                 ; 5.19e-10 s                 ; No                        ; Yes                       ;
; disp_min[3]   ; 2.5 V        ; 0 s                 ; 0 s                 ; 2.62 V                       ; 2.78e-08 V                   ; 2.71 V              ; -0.0349 V           ; 0.253 V                              ; 0.069 V                              ; 4.96e-10 s                  ; 5.19e-10 s                  ; No                         ; Yes                        ; 2.62 V                      ; 2.78e-08 V                  ; 2.71 V             ; -0.0349 V          ; 0.253 V                             ; 0.069 V                             ; 4.96e-10 s                 ; 5.19e-10 s                 ; No                        ; Yes                       ;
; disp_min[4]   ; 2.5 V        ; 0 s                 ; 0 s                 ; 2.62 V                       ; 2.78e-08 V                   ; 2.71 V              ; -0.0349 V           ; 0.253 V                              ; 0.069 V                              ; 4.96e-10 s                  ; 5.19e-10 s                  ; No                         ; Yes                        ; 2.62 V                      ; 2.78e-08 V                  ; 2.71 V             ; -0.0349 V          ; 0.253 V                             ; 0.069 V                             ; 4.96e-10 s                 ; 5.19e-10 s                 ; No                        ; Yes                       ;
; disp_min[5]   ; 2.5 V        ; 0 s                 ; 0 s                 ; 2.62 V                       ; 2.78e-08 V                   ; 2.71 V              ; -0.0349 V           ; 0.253 V                              ; 0.069 V                              ; 4.96e-10 s                  ; 5.19e-10 s                  ; No                         ; Yes                        ; 2.62 V                      ; 2.78e-08 V                  ; 2.71 V             ; -0.0349 V          ; 0.253 V                             ; 0.069 V                             ; 4.96e-10 s                 ; 5.19e-10 s                 ; No                        ; Yes                       ;
; disp_min[6]   ; 2.5 V        ; 0 s                 ; 0 s                 ; 2.62 V                       ; 2.78e-08 V                   ; 2.64 V              ; -0.0109 V           ; 0.244 V                              ; 0.16 V                               ; 2.42e-09 s                  ; 2.37e-09 s                  ; No                         ; Yes                        ; 2.62 V                      ; 2.78e-08 V                  ; 2.64 V             ; -0.0109 V          ; 0.244 V                             ; 0.16 V                              ; 2.42e-09 s                 ; 2.37e-09 s                 ; No                        ; Yes                       ;
; disp_secd[0]  ; 2.5 V        ; 0 s                 ; 0 s                 ; 2.62 V                       ; 2.78e-08 V                   ; 2.71 V              ; -0.0349 V           ; 0.253 V                              ; 0.069 V                              ; 4.96e-10 s                  ; 5.19e-10 s                  ; No                         ; Yes                        ; 2.62 V                      ; 2.78e-08 V                  ; 2.71 V             ; -0.0349 V          ; 0.253 V                             ; 0.069 V                             ; 4.96e-10 s                 ; 5.19e-10 s                 ; No                        ; Yes                       ;
; disp_secd[1]  ; 2.5 V        ; 0 s                 ; 0 s                 ; 2.62 V                       ; 2.78e-08 V                   ; 2.71 V              ; -0.0349 V           ; 0.253 V                              ; 0.069 V                              ; 4.96e-10 s                  ; 5.19e-10 s                  ; No                         ; Yes                        ; 2.62 V                      ; 2.78e-08 V                  ; 2.71 V             ; -0.0349 V          ; 0.253 V                             ; 0.069 V                             ; 4.96e-10 s                 ; 5.19e-10 s                 ; No                        ; Yes                       ;
; disp_secd[2]  ; 2.5 V        ; 0 s                 ; 0 s                 ; 2.62 V                       ; 2.78e-08 V                   ; 2.71 V              ; -0.0349 V           ; 0.253 V                              ; 0.069 V                              ; 4.96e-10 s                  ; 5.19e-10 s                  ; No                         ; Yes                        ; 2.62 V                      ; 2.78e-08 V                  ; 2.71 V             ; -0.0349 V          ; 0.253 V                             ; 0.069 V                             ; 4.96e-10 s                 ; 5.19e-10 s                 ; No                        ; Yes                       ;
; disp_secd[3]  ; 2.5 V        ; 0 s                 ; 0 s                 ; 2.62 V                       ; 2.78e-08 V                   ; 2.71 V              ; -0.0349 V           ; 0.253 V                              ; 0.069 V                              ; 4.96e-10 s                  ; 5.19e-10 s                  ; No                         ; Yes                        ; 2.62 V                      ; 2.78e-08 V                  ; 2.71 V             ; -0.0349 V          ; 0.253 V                             ; 0.069 V                             ; 4.96e-10 s                 ; 5.19e-10 s                 ; No                        ; Yes                       ;
; disp_secd[4]  ; 2.5 V        ; 0 s                 ; 0 s                 ; 2.62 V                       ; 2.78e-08 V                   ; 2.71 V              ; -0.0349 V           ; 0.253 V                              ; 0.069 V                              ; 4.96e-10 s                  ; 5.19e-10 s                  ; No                         ; Yes                        ; 2.62 V                      ; 2.78e-08 V                  ; 2.71 V             ; -0.0349 V          ; 0.253 V                             ; 0.069 V                             ; 4.96e-10 s                 ; 5.19e-10 s                 ; No                        ; Yes                       ;
; disp_secd[5]  ; 2.5 V        ; 0 s                 ; 0 s                 ; 2.62 V                       ; 2.78e-08 V                   ; 2.71 V              ; -0.0349 V           ; 0.253 V                              ; 0.069 V                              ; 4.96e-10 s                  ; 5.19e-10 s                  ; No                         ; Yes                        ; 2.62 V                      ; 2.78e-08 V                  ; 2.71 V             ; -0.0349 V          ; 0.253 V                             ; 0.069 V                             ; 4.96e-10 s                 ; 5.19e-10 s                 ; No                        ; Yes                       ;
; disp_secd[6]  ; 2.5 V        ; 0 s                 ; 0 s                 ; 2.62 V                       ; 2.78e-08 V                   ; 2.71 V              ; -0.0349 V           ; 0.253 V                              ; 0.069 V                              ; 4.96e-10 s                  ; 5.19e-10 s                  ; No                         ; Yes                        ; 2.62 V                      ; 2.78e-08 V                  ; 2.71 V             ; -0.0349 V          ; 0.253 V                             ; 0.069 V                             ; 4.96e-10 s                 ; 5.19e-10 s                 ; No                        ; Yes                       ;
; disp_secu[0]  ; 2.5 V        ; 0 s                 ; 0 s                 ; 2.62 V                       ; 2.78e-08 V                   ; 2.71 V              ; -0.0349 V           ; 0.253 V                              ; 0.069 V                              ; 4.96e-10 s                  ; 5.19e-10 s                  ; No                         ; Yes                        ; 2.62 V                      ; 2.78e-08 V                  ; 2.71 V             ; -0.0349 V          ; 0.253 V                             ; 0.069 V                             ; 4.96e-10 s                 ; 5.19e-10 s                 ; No                        ; Yes                       ;
; disp_secu[1]  ; 2.5 V        ; 0 s                 ; 0 s                 ; 2.62 V                       ; 2.78e-08 V                   ; 2.71 V              ; -0.0349 V           ; 0.253 V                              ; 0.069 V                              ; 4.96e-10 s                  ; 5.19e-10 s                  ; No                         ; Yes                        ; 2.62 V                      ; 2.78e-08 V                  ; 2.71 V             ; -0.0349 V          ; 0.253 V                             ; 0.069 V                             ; 4.96e-10 s                 ; 5.19e-10 s                 ; No                        ; Yes                       ;
; disp_secu[2]  ; 2.5 V        ; 0 s                 ; 0 s                 ; 2.62 V                       ; 2.78e-08 V                   ; 2.64 V              ; -0.0109 V           ; 0.244 V                              ; 0.16 V                               ; 2.42e-09 s                  ; 2.37e-09 s                  ; No                         ; Yes                        ; 2.62 V                      ; 2.78e-08 V                  ; 2.64 V             ; -0.0109 V          ; 0.244 V                             ; 0.16 V                              ; 2.42e-09 s                 ; 2.37e-09 s                 ; No                        ; Yes                       ;
; disp_secu[3]  ; 2.5 V        ; 0 s                 ; 0 s                 ; 2.62 V                       ; 2.78e-08 V                   ; 2.72 V              ; -0.0408 V           ; 0.163 V                              ; 0.075 V                              ; 4.51e-10 s                  ; 4.33e-10 s                  ; No                         ; Yes                        ; 2.62 V                      ; 2.78e-08 V                  ; 2.72 V             ; -0.0408 V          ; 0.163 V                             ; 0.075 V                             ; 4.51e-10 s                 ; 4.33e-10 s                 ; No                        ; Yes                       ;
; disp_secu[4]  ; 2.5 V        ; 0 s                 ; 0 s                 ; 2.62 V                       ; 2.78e-08 V                   ; 2.71 V              ; -0.0349 V           ; 0.253 V                              ; 0.069 V                              ; 4.96e-10 s                  ; 5.19e-10 s                  ; No                         ; Yes                        ; 2.62 V                      ; 2.78e-08 V                  ; 2.71 V             ; -0.0349 V          ; 0.253 V                             ; 0.069 V                             ; 4.96e-10 s                 ; 5.19e-10 s                 ; No                        ; Yes                       ;
; disp_secu[5]  ; 2.5 V        ; 0 s                 ; 0 s                 ; 2.62 V                       ; 2.78e-08 V                   ; 2.71 V              ; -0.0349 V           ; 0.253 V                              ; 0.069 V                              ; 4.96e-10 s                  ; 5.19e-10 s                  ; No                         ; Yes                        ; 2.62 V                      ; 2.78e-08 V                  ; 2.71 V             ; -0.0349 V          ; 0.253 V                             ; 0.069 V                             ; 4.96e-10 s                 ; 5.19e-10 s                 ; No                        ; Yes                       ;
; disp_secu[6]  ; 2.5 V        ; 0 s                 ; 0 s                 ; 2.62 V                       ; 2.78e-08 V                   ; 2.71 V              ; -0.0349 V           ; 0.253 V                              ; 0.069 V                              ; 4.96e-10 s                  ; 5.19e-10 s                  ; No                         ; Yes                        ; 2.62 V                      ; 2.78e-08 V                  ; 2.71 V             ; -0.0349 V          ; 0.253 V                             ; 0.069 V                             ; 4.96e-10 s                 ; 5.19e-10 s                 ; No                        ; Yes                       ;
; ~ALTERA_DCLK~ ; 2.5 V        ; 0 s                 ; 0 s                 ; 2.62 V                       ; 2.22e-08 V                   ; 2.72 V              ; -0.0747 V           ; 0.28 V                               ; 0.169 V                              ; 3.1e-10 s                   ; 3.01e-10 s                  ; No                         ; Yes                        ; 2.62 V                      ; 2.22e-08 V                  ; 2.72 V             ; -0.0747 V          ; 0.28 V                              ; 0.169 V                             ; 3.1e-10 s                  ; 3.01e-10 s                 ; No                        ; Yes                       ;
; ~ALTERA_nCEO~ ; 2.5 V        ; 0 s                 ; 0 s                 ; 2.62 V                       ; 3.53e-08 V                   ; 2.7 V               ; -0.0212 V           ; 0.204 V                              ; 0.049 V                              ; 4.85e-10 s                  ; 6.73e-10 s                  ; No                         ; Yes                        ; 2.62 V                      ; 3.53e-08 V                  ; 2.7 V              ; -0.0212 V          ; 0.204 V                             ; 0.049 V                             ; 4.85e-10 s                 ; 6.73e-10 s                 ; No                        ; Yes                       ;
+---------------+--------------+---------------------+---------------------+------------------------------+------------------------------+---------------------+---------------------+--------------------------------------+--------------------------------------+-----------------------------+-----------------------------+----------------------------+----------------------------+-----------------------------+-----------------------------+--------------------+--------------------+-------------------------------------+-------------------------------------+----------------------------+----------------------------+---------------------------+---------------------------+


+-------------------------------------------------------------------+
; Setup Transfers                                                   ;
+------------+----------+----------+----------+----------+----------+
; From Clock ; To Clock ; RR Paths ; FR Paths ; RF Paths ; FF Paths ;
+------------+----------+----------+----------+----------+----------+
; clk        ; clk      ; 834      ; 0        ; 0        ; 0        ;
+------------+----------+----------+----------+----------+----------+
Entries labeled "false path" only account for clock-to-clock false paths and not path-based false paths. As a result, actual path counts may be lower than reported.


+-------------------------------------------------------------------+
; Hold Transfers                                                    ;
+------------+----------+----------+----------+----------+----------+
; From Clock ; To Clock ; RR Paths ; FR Paths ; RF Paths ; FF Paths ;
+------------+----------+----------+----------+----------+----------+
; clk        ; clk      ; 834      ; 0        ; 0        ; 0        ;
+------------+----------+----------+----------+----------+----------+
Entries labeled "false path" only account for clock-to-clock false paths and not path-based false paths. As a result, actual path counts may be lower than reported.


---------------
; Report TCCS ;
---------------
No dedicated SERDES Transmitter circuitry present in device or used in design


---------------
; Report RSKM ;
---------------
No dedicated SERDES Receiver circuitry present in device or used in design


+------------------------------------------------+
; Unconstrained Paths                            ;
+---------------------------------+-------+------+
; Property                        ; Setup ; Hold ;
+---------------------------------+-------+------+
; Illegal Clocks                  ; 0     ; 0    ;
; Unconstrained Clocks            ; 0     ; 0    ;
; Unconstrained Input Ports       ; 3     ; 3    ;
; Unconstrained Input Port Paths  ; 15    ; 15   ;
; Unconstrained Output Ports      ; 21    ; 21   ;
; Unconstrained Output Port Paths ; 75    ; 75   ;
+---------------------------------+-------+------+


+------------------------------------+
; TimeQuest Timing Analyzer Messages ;
+------------------------------------+
Info: *******************************************************************
Info: Running Quartus II 64-Bit TimeQuest Timing Analyzer
    Info: Version 13.0.0 Build 156 04/24/2013 SJ Web Edition
    Info: Processing started: Tue Sep 22 14:48:32 2026
Info: Command: quartus_sta topmultiboton -c topmultiboton
Info: qsta_default_script.tcl version: #1
Warning (20028): Parallel compilation is not licensed and has been disabled
Info (21077): Core supply voltage is 1.2V
Info (21077): Low junction temperature is 0 degrees C
Info (21077): High junction temperature is 85 degrees C
Critical Warning (332012): Synopsys Design Constraints File file not found: 'topmultiboton.sdc'. A Synopsys Design Constraints File is required by the TimeQuest Timing Analyzer to get proper timing constraints. Without it, the Compiler will not properly optimize the design.
Info (332142): No user constrained base clocks found in the design. Calling "derive_clocks -period 1.0"
Info (332105): Deriving Clocks
    Info (332105): create_clock -period 1.000 -name clk clk
Info (332143): No user constrained clock uncertainty found in the design. Calling "derive_clock_uncertainty"
Info (332123): Deriving Clock Uncertainty. Please refer to report_sdc in TimeQuest to see clock uncertainties.
Info: Found TIMEQUEST_REPORT_SCRIPT_INCLUDE_DEFAULT_ANALYSIS = ON
Info: Analyzing Slow 1200mV 85C Model
Critical Warning (332148): Timing requirements not met
    Info (11105): For recommendations on closing timing, run Report Timing Closure Recommendations in the TimeQuest Timing Analyzer.
Info (332146): Worst-case setup slack is -2.106
    Info (332119):     Slack End Point TNS Clock 
    Info (332119): ========= ============= =====================
    Info (332119):    -2.106       -57.552 clk 
Info (332146): Worst-case hold slack is 0.358
    Info (332119):     Slack End Point TNS Clock 
    Info (332119): ========= ============= =====================
    Info (332119):     0.358         0.000 clk 
Info (332140): No Recovery paths to report
Info (332140): No Removal paths to report
Info (332146): Worst-case minimum pulse width slack is -3.000
    Info (332119):     Slack End Point TNS Clock 
    Info (332119): ========= ============= =====================
    Info (332119):    -3.000       -43.000 clk 
Info: Analyzing Slow 1200mV 0C Model
Info (334003): Started post-fitting delay annotation
Info (334004): Delay annotation completed successfully
Info (332123): Deriving Clock Uncertainty. Please refer to report_sdc in TimeQuest to see clock uncertainties.
Critical Warning (332148): Timing requirements not met
    Info (11105): For recommendations on closing timing, run Report Timing Closure Recommendations in the TimeQuest Timing Analyzer.
Info (332146): Worst-case setup slack is -1.801
    Info (332119):     Slack End Point TNS Clock 
    Info (332119): ========= ============= =====================
    Info (332119):    -1.801       -46.969 clk 
Info (332146): Worst-case hold slack is 0.312
    Info (332119):     Slack End Point TNS Clock 
    Info (332119): ========= ============= =====================
    Info (332119):     0.312         0.000 clk 
Info (332140): No Recovery paths to report
Info (332140): No Removal paths to report
Info (332146): Worst-case minimum pulse width slack is -3.000
    Info (332119):     Slack End Point TNS Clock 
    Info (332119): ========= ============= =====================
    Info (332119):    -3.000       -43.000 clk 
Info: Analyzing Fast 1200mV 0C Model
Info (332123): Deriving Clock Uncertainty. Please refer to report_sdc in TimeQuest to see clock uncertainties.
Critical Warning (332148): Timing requirements not met
    Info (11105): For recommendations on closing timing, run Report Timing Closure Recommendations in the TimeQuest Timing Analyzer.
Info (332146): Worst-case setup slack is -0.783
    Info (332119):     Slack End Point TNS Clock 
    Info (332119): ========= ============= =====================
    Info (332119):    -0.783       -16.916 clk 
Info (332146): Worst-case hold slack is 0.187
    Info (332119):     Slack End Point TNS Clock 
    Info (332119): ========= ============= =====================
    Info (332119):     0.187         0.000 clk 
Info (332140): No Recovery paths to report
Info (332140): No Removal paths to report
Info (332146): Worst-case minimum pulse width slack is -3.000
    Info (332119):     Slack End Point TNS Clock 
    Info (332119): ========= ============= =====================
    Info (332119):    -3.000       -45.516 clk 
Info (332102): Design is not fully constrained for setup requirements
Info (332102): Design is not fully constrained for hold requirements
Info: Quartus II 64-Bit TimeQuest Timing Analyzer was successful. 0 errors, 5 warnings
    Info: Peak virtual memory: 4590 megabytes
    Info: Processing ended: Tue Sep 22 14:48:34 2026
    Info: Elapsed time: 00:00:02
    Info: Total CPU time (on all processors): 00:00:02


